n,trial,variant,alpha,cost,efficiency,robustness,algebraic_connectivity,network_entropy,cyclomatic_number,betweenness_gini,num_edges,steiner_ratio
20,0,Uniform,0.0,9.20320740310952,1.1335448932745866,0.9157894736842105,0.07286903715240443,2.799996130713659,5,0.5015397082658022,24,2.7562219481816594
20,0,Adaptive,1.0,16.159008648405734,0.6545605679131199,1.0,0.6586984981884176,3.969486021721951,39,0.6218446601941743,58,4.839379614822652
20,1,Uniform,0.0,11.44634776739622,1.14499143999474,0.8868421052631579,0.05401955768950645,2.8957852667120476,8,0.602086811352254,27,3.3571977057180784
20,1,Adaptive,1.0,13.919449913491514,0.6014463137193408,0.9921052631578947,0.3706915170740451,3.9069712489071184,38,0.6169565217391302,57,4.0825550877929935
20,2,Uniform,0.0,10.784703563694029,1.4333624407669248,0.881578947368421,0.051335712487959706,2.92163752008608,7,0.5031343283582093,26,3.5344395932104398
20,2,Adaptive,1.0,13.272896794209135,0.6283816603562442,0.9921052631578947,0.3632846782146155,3.8038412635476937,31,0.6305343511450381,50,4.3498879379471855
20,3,Uniform,0.0,9.48990563234519,1.2419454499894989,0.9052631578947368,0.06904627240555512,2.8608133326550256,5,0.5640597539543055,24,2.6393175600636734
20,3,Adaptive,1.0,16.871448293642132,0.6535585963029535,0.9973684210526315,0.6751293228494838,3.9721567166127056,40,0.5880281690140845,59,4.692260541911388
20,4,Uniform,0.0,10.757126021604092,1.2644288434909614,0.8921052631578948,0.059910486567850564,2.9460845437732006,6,0.6168421052631576,25,3.472229276590534
20,4,Adaptive,1.0,14.339996439323794,0.5978048401630117,1.0,0.7746909190639277,3.8916097409058024,37,0.6504629629629628,56,4.628722891488371
20,5,Uniform,0.0,12.86541801154799,1.0192083958572495,0.9315789473684208,0.09450452735629744,2.9891955251991997,9,0.6417960088691796,28,4.281206845987033
20,5,Adaptive,1.0,16.71088321160671,0.5687417722640027,0.9947368421052631,0.7463635645484624,4.07364302328255,46,0.6815000000000002,65,5.560856829043853
20,6,Uniform,0.0,12.092983623080375,1.1180432315747668,0.9052631578947368,0.06422507992615611,3.0348938119511693,9,0.5929054054054055,28,3.931510513205688
20,6,Adaptive,1.0,17.08163049261775,0.6372640993426626,0.9921052631578947,0.34770051238326444,4.015493288336336,43,0.6504629629629628,62,5.553353246608891
20,7,Uniform,0.0,11.297880971801087,1.0485809127156114,0.9236842105263158,0.08986519890289882,3.0020174710191454,8,0.5741444866920151,27,3.627011698355646
20,7,Adaptive,1.0,15.480688339771586,0.5814508552272731,1.0,1.0551844422591816,3.9763493542048107,39,0.5424528301886793,58,4.969837958736989
20,8,Uniform,0.0,6.449761601070804,0.8682994690316338,0.9184210526315788,0.09451651266812836,2.775207450068309,4,0.5646435452793832,23,2.3265486079724305
20,8,Adaptive,1.0,14.156483447312915,0.4843879614167221,1.0,0.9511988589950551,4.038783992735813,43,0.5723350253807107,62,5.106506084296596
20,9,Uniform,0.0,8.23296967284273,0.9882371299703734,0.9263157894736841,0.0901564939140044,2.795967634730136,4,0.6424843423799582,23,2.494190507499302
20,9,Adaptive,1.0,14.41507325976894,0.5882507728816677,1.0,0.8854363530571618,3.927214722001028,36,0.5828638497652581,55,4.367068059052903
20,10,Uniform,0.0,10.137184406551428,0.9844130433735975,0.8657894736842104,0.0430896711507484,2.9662307436355357,8,0.5488811188811189,27,3.369357483348154
20,10,Adaptive,1.0,14.179875632501032,0.5263002912335003,1.0,1.052587056445741,4.002069910544272,40,0.5149289099526069,59,4.713051293062822
20,11,Uniform,0.0,8.760691540154237,0.8693953068071848,0.8894736842105262,0.05492374903394871,2.818098337328999,7,0.5370400000000002,26,3.3111226995093768
20,11,Adaptive,1.0,12.057726323951897,0.5329132977460154,0.9973684210526315,0.5904912064160706,3.9332952305486093,38,0.633116883116883,57,4.5572442714957155
20,12,Uniform,0.0,9.01476677577485,0.972031056718778,0.9078947368421051,0.07727903383386842,3.0156209204440363,9,0.5446619217081852,28,3.060805108352382
20,12,Adaptive,1.0,12.146559224309174,0.5725525644917887,0.9973684210526315,0.6099712341936938,3.8148455447586604,32,0.583333333333333,51,4.124150013794968
20,13,Uniform,0.0,5.569748787166614,1.0726201005703875,0.8289473684210525,0.035153019167943854,2.663961960606121,2,0.47806183115338907,21,1.87699932719041
20,13,Adaptive,1.0,14.512601698795166,0.6227573362888035,1.0,0.6348882504801475,3.9434827960459824,39,0.5908695652173912,58,4.89073110212539
20,14,Uniform,0.0,6.830257209277395,1.1176833557510775,0.881578947368421,0.05504658979858946,2.792153088469602,4,0.49947994056463596,23,2.1747022722234606
20,14,Adaptive,1.0,13.469142240952968,0.5606628658627644,0.9973684210526315,0.5510197235688472,3.9149435224334677,36,0.5745454545454547,55,4.288473089492963
20,15,Uniform,0.0,7.293860569033832,0.9681949737823872,0.9078947368421053,0.06547819790359345,2.769647143076235,4,0.5173986486486482,23,2.578423182797407
20,15,Adaptive,1.0,14.035126826364776,0.5645986747479792,0.9973684210526315,0.7479681046047575,3.979325360155767,39,0.6139639639639642,58,4.961500982927944
20,16,Uniform,0.0,9.494300756087288,1.161860098625549,0.8921052631578948,0.06259049162765887,2.8292457680972913,6,0.6365619546247818,25,2.772870519679923
20,16,Adaptive,1.0,16.122512443836833,0.6694195729936034,1.0,0.9584733390635425,3.895375159449295,36,0.604782608695652,55,4.708681619341451
20,17,Uniform,0.0,9.180257688172388,1.0113164818337583,0.9052631578947367,0.06480743898815383,2.794785312653204,5,0.5765060240963853,24,3.043814578303723
20,17,Adaptive,1.0,13.287654356671867,0.5401601656714936,0.9973684210526315,0.5925344849012016,3.9600971592370486,38,0.5440092165898618,57,4.405666748811128
20,18,Uniform,0.0,10.87941464045225,1.063359951535101,0.9394736842105263,0.12772378714687016,3.026359425209144,7,0.6241496598639458,26,3.661436022190348
20,18,Adaptive,1.0,11.697118483499201,0.5141917436948462,1.0,0.5480912061376758,3.876859743867361,33,0.5065400843881855,52,3.9366319224627118
20,19,Uniform,0.0,10.671136181406256,0.9605955471175275,0.9289473684210524,0.09464979065183754,2.995834798911418,7,0.6675704989154014,26,3.6017160818608587
20,19,Adaptive,1.0,11.475391848291954,0.48170998412327903,1.0,0.9583664094049372,3.882510084207283,33,0.5140552995391701,52,3.8731680172599456
20,20,Uniform,0.0,8.547474276066117,1.0645574584695892,0.9,0.053878780348039945,2.7546785560484035,4,0.5527113237639549,23,2.7696057043810347
20,20,Adaptive,1.0,14.622178605732309,0.5945976393040027,1.0,0.8984546183446307,3.947916206399979,38,0.6650234741784036,57,4.737969132040856
20,21,Uniform,0.0,9.042964873344193,1.1738602012132613,0.8947368421052632,0.05988043845870804,2.7908737870103044,5,0.5425445705024308,24,2.7582449849337443
20,21,Adaptive,1.0,16.436485895330485,0.6361255576905956,0.9973684210526315,0.8077446986696526,3.9533729020582706,39,0.6494652406417107,58,5.013383931675476
20,22,Uniform,0.0,9.169486117738124,1.1362173488460097,0.8842105263157896,0.04541610381005649,2.853306751011358,5,0.5299431009957323,24,2.932267156480649
20,22,Adaptive,1.0,13.34449159594845,0.6042848009324806,1.0,0.5187605236936648,3.893395654165244,35,0.5948132780082986,54,4.267372666723001
20,23,Uniform,0.0,5.22824093165495,0.9095085031852145,0.8842105263157893,0.06403342788009575,2.6046508290759625,2,0.5503086419753087,21,1.835406802580607
20,23,Adaptive,1.0,13.132940734377453,0.5571904793170751,0.9973684210526315,0.6689282463958314,3.9249579352158284,37,0.5893939393939396,56,4.610401294979026
20,24,Uniform,0.0,8.694066506036787,1.102409554359071,0.8473684210526315,0.0356356645117625,2.8355363688829645,5,0.47779126213592193,24,2.77916369383725
20,24,Adaptive,1.0,15.455315540209316,0.5570779439079745,0.9921052631578947,0.3583853606093398,4.024378212700167,42,0.586111111111111,61,4.940478865249507
20,25,Uniform,0.0,9.40519275147849,1.106042234483754,0.9236842105263158,0.0944962060568133,2.9199474142863076,5,0.6856818181818178,24,3.2371796630736513
20,25,Adaptive,1.0,13.748913563254353,0.6429329400849756,0.9736842105263157,0.1339720625844512,3.906770013571387,36,0.6087859424920128,55,4.732247871190934
20,26,Uniform,0.0,7.752526551326632,1.153396954864403,0.8999999999999998,0.06770850583759819,2.8087441977820293,4,0.44354330708661394,23,2.470746303390743
20,26,Adaptive,1.0,12.80383901501402,0.6071534770905781,0.9921052631578947,0.2620805163758403,3.8516767039866515,32,0.5967181467181466,51,4.080610070292838
20,27,Uniform,0.0,6.331503457442748,0.9729248527118205,0.9026315789473683,0.06929216247299488,2.771781454931283,3,0.5642857142857141,22,2.089791315490265
20,27,Adaptive,1.0,12.035940333994434,0.5497635314787753,0.9921052631578947,0.3215043347082011,3.952163679228888,38,0.5248953974895401,57,3.972611521545238
20,28,Uniform,0.0,6.790421260774462,1.181767767969355,0.8342105263157895,0.037088941914858696,2.8091963749476716,3,0.4985642946317108,22,1.8027271693070561
20,28,Adaptive,1.0,15.605157789487258,0.6000060888671267,1.0,0.891761673859765,3.984278127198434,38,0.5073529411764706,57,4.142871384274593
20,29,Uniform,0.0,9.337260680462133,0.9582691072168268,0.9105263157894736,0.07924671949939346,2.940622652994117,8,0.5777039848197343,27,3.4065818791835674
20,29,Adaptive,1.0,13.347962592226832,0.5608766439395441,0.9947368421052631,0.5596602544393394,3.896778155606498,37,0.7057017543859652,56,4.869835923703645
50,0,Uniform,0.0,7.646763844906762,1.5120473642301568,0.900408163265306,0.01156541368181969,3.4480021577342397,1,0.5952601922439509,50,1.544511827830175
50,0,Adaptive,1.0,51.30796425827451,0.550808043800474,1.0,0.8920106070947879,5.436874622100757,202,0.6049950641658444,251,10.363306526273286
50,1,Uniform,0.0,6.946704742378035,1.4240326852806833,0.8885714285714283,0.010910100983421475,3.615704008670353,0,0.5886834675311095,49,1.4361072889140851
50,1,Adaptive,1.0,53.863559234519364,0.6112748884894753,1.0,0.5343413830612948,5.480612264252341,214,0.5342105263157897,263,11.135330043848766
50,2,Uniform,0.0,6.834574710677708,1.5821913139836872,0.8873469387755101,0.010611987902212005,3.5074195439655487,0,0.5549624654286842,49,1.6160453470660796
50,2,Adaptive,1.0,41.580532226683594,0.505391393579153,0.9987755102040816,0.3432981347737442,5.348042352908984,188,0.572677127912506,237,9.831778637006094
50,3,Uniform,0.0,9.466173236822758,1.0241273961318251,0.9187755102040814,0.017794252756329725,3.4341582329635783,3,0.618794591113973,52,2.0715561348791147
50,3,Adaptive,1.0,50.19779990528846,0.5219361037760657,0.9987755102040816,0.3207166455519713,5.460089824820013,208,0.5014155712841253,257,10.985174024359722
50,4,Uniform,0.0,10.043238231723043,1.4500063165985706,0.909795918367347,0.013179926204735676,3.415998108558098,2,0.6167363516903597,51,2.063833425192416
50,4,Adaptive,1.0,48.43736595042825,0.5382717606004597,1.0,0.722100069699143,5.426138348717769,201,0.5147264662395268,250,9.953627761314223
50,5,Uniform,0.0,8.38874642587144,1.3787943307196937,0.909795918367347,0.012962145437537825,3.39077195839829,1,0.6143147928994079,50,1.700212091115072
50,5,Adaptive,1.0,49.801315505578316,0.5893010444610693,1.0,0.5417451561192659,5.406479765415712,196,0.5679564032697546,245,10.093617625022535
50,6,Uniform,0.0,10.810787935168886,1.4412282682877462,0.9008163265306124,0.012245323969563314,3.4504647307530445,4,0.5554441475146978,53,2.2155738175169617
50,6,Adaptive,1.0,45.52665279314672,0.5465029675801222,1.0,0.9434800849969122,5.362454693807281,189,0.6009865470852014,238,9.330278286150246
50,7,Uniform,0.0,6.7445220481056065,1.240249327436162,0.8889795918367348,0.009855089766142326,3.632043273782468,0,0.6319289991445678,49,1.4150171369471942
50,7,Adaptive,1.0,55.77334642694076,0.5622291931795304,0.9987755102040817,0.36829461143841913,5.519091130306606,227,0.6108896034297961,276,11.701383792077715
50,8,Uniform,0.0,7.9279106978933624,1.3979240269630007,0.9040816326530613,0.013955473176725715,3.4728054549979697,1,0.5550887061877974,50,1.7780084066311173
50,8,Adaptive,1.0,49.69727854905157,0.5524005057823426,0.9987755102040816,0.33547332891838655,5.5014995739747246,220,0.6744096871846619,269,11.14570817130697
50,9,Uniform,0.0,8.684785405880996,1.3667898891059977,0.9151020408163265,0.013369854563050376,3.4037410696097914,1,0.627177419354839,50,1.681201422773436
50,9,Adaptive,1.0,56.723209067190886,0.5472024499008359,1.0,1.085293842198405,5.550943003160864,232,0.6048636616583194,281,10.980483147397079
50,10,Uniform,0.0,8.729963456592902,1.3518804266014581,0.9208163265306122,0.019357100304085346,3.38905888417935,2,0.5525226771267469,51,1.8485704587291423
50,10,Adaptive,1.0,49.81313905031677,0.5128916299515242,1.0,0.9461551796912437,5.472683988887347,212,0.5341433021806854,261,10.547936169817655
50,11,Uniform,0.0,9.684786693027515,1.1828383230858464,0.92,0.01346383800353338,3.463039658524305,3,0.6141972121837891,52,2.0954970878147017
50,11,Adaptive,1.0,49.73523105319551,0.5347853634108629,0.999591836734694,0.6610934744628695,5.464352178414623,212,0.5980638722554892,261,10.761210869909492
50,12,Uniform,0.0,7.088440450733433,1.4293966379097705,0.9040816326530612,0.012524915499583376,3.6042764257519866,0,0.6195296829971182,49,1.4167197925147808
50,12,Adaptive,1.0,46.30823031266095,0.5632259867476499,0.999591836734694,0.48399369222241745,5.348561044834948,184,0.5731454965357967,233,9.255320249391607
50,13,Uniform,0.0,8.185276349547461,1.5187174421832086,0.9159183673469389,0.013766485096856703,3.579467256533589,1,0.6563699136868062,50,1.5901882476954263
50,13,Adaptive,1.0,50.788541228639126,0.555447875957529,1.0,0.968777823558655,5.440270977390028,201,0.5929262086513993,250,9.866904662765812
50,14,Uniform,0.0,10.89643658407008,1.6736456069127876,0.899591836734694,0.011079664607810253,3.47029082585233,4,0.6191013215859031,53,2.2801003390476766
50,14,Adaptive,1.0,47.04069208011271,0.5172490419505557,1.0,0.7622893824123743,5.4615555390254755,206,0.6236635514018689,255,9.84335540645519
50,15,Uniform,0.0,12.947201120699235,1.7023509229765912,0.9024489795918369,0.01035527076951843,3.3070315254076417,3,0.6214657317349017,52,2.768658177112866
50,15,Adaptive,1.0,48.03843478120044,0.5814279222539935,1.0,0.7174357537410331,5.3982653266900735,196,0.6215814850530375,245,10.27264534108749
50,16,Uniform,0.0,6.359272834281811,1.1282224977461033,0.8771428571428571,0.009090742039338691,3.6571910301602686,0,0.5650906699238931,49,1.273737927907026
50,16,Adaptive,1.0,51.43826290169536,0.5532453400593844,1.0,1.0434229865873694,5.427478813084392,201,0.5426694473409801,250,10.302886526638815
50,17,Uniform,0.0,7.590823090531235,1.6117696889744952,0.9155102040816326,0.01316936019123019,3.4188749997046406,0,0.5888037109375,49,1.5827882426985238
50,17,Adaptive,1.0,55.25435970477999,0.575753778772213,1.0,0.8722884017782223,5.478409871855129,214,0.5706097560975609,263,11.52127376116209
50,18,Uniform,0.0,8.347529567799956,1.3434576731465715,0.8906122448979592,0.01030785577181696,3.3482659175011156,1,0.622595781317262,50,1.8813088710403882
50,18,Adaptive,1.0,45.86844699009911,0.5233302899245549,1.0,0.6945568471641584,5.440041919286337,210,0.6392486923442702,259,10.33751549155186
50,19,Uniform,0.0,12.142601807796716,1.4911146486378544,0.9040816326530612,0.011811221882836797,3.4258852559176285,6,0.616312315046665,55,2.6800748722566925
50,19,Adaptive,1.0,52.80497229165283,0.5709164583544618,1.0,0.9127634317341718,5.504555911447169,221,0.6222637695805961,270,11.654938670409122
50,20,Uniform,0.0,10.464233095466106,1.653402069232215,0.8816326530612245,0.009104690641750365,3.4996686456681627,3,0.5970094562647759,52,2.109337994300489
50,20,Adaptive,1.0,48.58988121575411,0.5364752961864397,1.0,0.7414103292016352,5.4291460868872345,199,0.5360479616306955,248,9.794552706528036
50,21,Uniform,0.0,8.919887170192483,1.3764458753136188,0.8955102040816327,0.011332730339000426,3.3967042611213683,1,0.5834385155676698,50,1.806856173258932
50,21,Adaptive,1.0,50.53216921293137,0.554992803552496,1.0,1.082807505275067,5.441485722992184,202,0.5508320726172466,251,10.236044486712911
50,22,Uniform,0.0,7.921826473694581,2.023883029580321,0.8914285714285713,0.009958704829447903,3.434936608433141,0,0.6093042575285565,49,1.5282564223655204
50,22,Adaptive,1.0,45.433734402290895,0.5208603501269958,1.0,0.8287424368116139,5.39141794638547,190,0.514309582309582,239,8.76494790979277
50,23,Uniform,0.0,7.049233909411575,1.6990584506124888,0.9114285714285714,0.015459075863910208,3.4263899506034665,0,0.5591568218670373,49,1.4618114649534488
50,23,Adaptive,1.0,50.78162940349552,0.5545277044315983,1.0,0.9378827220949564,5.463539313582484,209,0.5961693548387099,258,10.53067170489785
50,24,Uniform,0.0,12.049259926477182,1.3252220924484113,0.9187755102040814,0.017151542002643624,3.376106173118333,6,0.5620762868781632,55,2.5864203162721635
50,24,Adaptive,1.0,54.05771970934114,0.62059111023643,1.0,0.9776171495087288,5.443052384437743,210,0.6482901554404148,259,11.60369892928883
50,25,Uniform,0.0,6.899832416147851,1.3835283552363562,0.9036734693877552,0.011438789315395879,3.6792344439475833,0,0.6350283663309018,49,1.397168371963942
50,25,Adaptive,1.0,52.29867869576636,0.5535534500731353,1.0,0.6688321459601002,5.4969829506290555,215,0.5771540726202158,264,10.590120942390064
50,26,Uniform,0.0,10.05443827555766,1.4006581553076456,0.88,0.009185976076323538,3.364245140934539,4,0.6043479980227384,53,2.2066705527415866
50,26,Adaptive,1.0,47.21949938090628,0.5165328333413228,1.0,0.8474430193238438,5.48906060091749,214,0.6006289308176103,263,10.363371472710766
50,27,Uniform,0.0,7.903858970137369,1.4998137808451382,0.9142857142857143,0.01629683823681664,3.505893456525107,0,0.6014727540500735,49,1.6010038225652496
50,27,Adaptive,1.0,58.02921347445666,0.5878904514294135,1.0,0.5064579626846039,5.5309009534463,225,0.5531995776135166,274,11.754383895775067
50,28,Uniform,0.0,8.045353768233898,1.3653847011203184,0.9008163265306122,0.01191258932052952,3.475652092904123,0,0.609858844287605,49,1.5685874900597048
50,28,Adaptive,1.0,46.073946481876554,0.5307575317722895,1.0,0.56243832807657,5.384485253704797,190,0.6037554585152838,239,8.982950675768322
50,29,Uniform,0.0,9.482464214837616,1.3925895279253493,0.8951020408163265,0.010753434939793478,3.423934351412528,2,0.5916212490722088,51,1.9954294339207852
50,29,Adaptive,1.0,51.45802254182983,0.5637949362859332,1.0,0.7596014134555787,5.449605119667334,207,0.5751372549019607,256,10.82849884428326
100,0,Uniform,0.0,6.949294964812595,1.0527697250282064,0.8934343434343432,0.0028763365922948453,4.402120768727587,0,0.563044026127655,99,1.0947017466440825
100,0,Adaptive,1.0,136.50969223362688,0.5458218154442642,1.0,1.1824588025194036,6.589390413967239,699,0.5667242239744481,798,21.503965406370895
100,1,Uniform,0.0,7.046837359359041,1.4068571516375405,0.8631313131313131,0.0018947582415009445,4.44182805311072,0,0.5699649333067005,99,1.0647256259948783
100,1,Adaptive,1.0,135.02505118418244,0.5341503151966778,1.0,1.0427463869886113,6.588220064068139,695,0.5471951597890163,794,20.40129845712028
100,2,Uniform,0.0,8.091288243599326,1.3279126488534676,0.8903030303030302,0.0028764187443291117,4.415675541836663,0,0.5563240123395361,99,1.1837902923064207
100,2,Adaptive,1.0,129.33323415885476,0.5239482704974286,1.0,0.642167210348108,6.583497748109931,686,0.5256130417805542,785,18.9220087655336
100,3,Uniform,0.0,8.39832945950816,1.2243975607272393,0.889090909090909,0.0026193635130325405,4.35382622269519,0,0.6044073693366017,99,1.2025833055291337
100,3,Adaptive,1.0,127.03892093998779,0.5140780677358981,1.0,0.9684631640012893,6.564119257177062,671,0.53811574301128,770,18.191104101292535
100,4,Uniform,0.0,7.316592669408311,1.127789717418429,0.8997979797979798,0.0030037343596265986,4.443781638617947,0,0.6058554555990949,99,1.1074961124713139
100,4,Adaptive,1.0,137.46885326938383,0.5310174393707443,1.0,0.949101469610313,6.615453345885843,717,0.548604325190228,816,20.808349932926376
100,5,Uniform,0.0,8.098513821152258,1.0871083836646545,0.9083838383838383,0.003364342359381353,4.375467010067783,0,0.6199589554458389,99,1.185107450164067
100,5,Adaptive,1.0,135.1788167830702,0.5322159024612403,1.0,0.9993913443554032,6.596945447893295,700,0.5510587885397049,799,19.781582943719226
100,6,Uniform,0.0,7.150340174062606,1.3664104406922517,0.8914141414141414,0.0024885214285263156,4.364989821588712,0,0.6102513537001135,99,1.1253611800643344
100,6,Adaptive,1.0,122.40476907516818,0.4986858930316824,1.0,0.8765799490414297,6.576107594412507,685,0.5762036137555857,784,19.264758321794428
100,7,Uniform,0.0,7.805359677963778,1.35173163377356,0.8893939393939394,0.002513637464434887,4.436557155734701,0,0.5755648342895543,99,1.1405028511435737
100,7,Adaptive,1.0,134.7391177908928,0.5528107540250735,1.0,0.984910047795645,6.5796096984586665,688,0.5750331519049974,787,19.687798428421917
100,8,Uniform,0.0,6.808658402097823,1.0023176846298825,0.9157575757575758,0.004054128476896008,4.414758128160763,0,0.6169304574880645,99,1.063304155430397
100,8,Adaptive,1.0,134.85673824812764,0.532101214247639,1.0,0.9932719565058649,6.5998149797630905,706,0.5842564312801071,805,21.06049704635531
100,9,Uniform,0.0,8.191157633764389,1.238147671296701,0.9141414141414141,0.0037793680794007637,4.4506435839246405,0,0.6491262873680295,99,1.13832820596658
100,9,Adaptive,1.0,135.70037608437016,0.5404053588701269,1.0,0.9140266610590129,6.600512857421325,698,0.5437478790298431,797,18.858331454930283
100,10,Uniform,0.0,7.277442298567122,1.376117563854867,0.8702020202020201,0.0020009463280246673,4.415059734311575,0,0.5724735135135133,99,1.0808659321712033
100,10,Adaptive,1.0,139.45600895879227,0.5523724207715361,1.0,0.9312819915440594,6.606156554929904,708,0.5666626841895659,807,20.71239357676515
100,11,Uniform,0.0,7.859567318983531,1.0084174822390581,0.9098989898989898,0.0037378522306193854,4.409685307548997,0,0.617565249813572,99,1.1196940946636025
100,11,Adaptive,1.0,137.3458591720595,0.5345612642046826,1.0,1.0595410950616126,6.594768144817532,696,0.5523050311357118,795,19.566642946108477
100,12,Uniform,0.0,7.2785353710924285,1.2562531070871843,0.8949494949494949,0.00276460993703856,4.332902452600603,0,0.5785348409150675,99,1.163876448240179
100,12,Adaptive,1.0,117.38733552399577,0.496918178764489,1.0,0.8937741431378201,6.549423167945113,668,0.551746484413413,767,18.770858170266827
100,13,Uniform,0.0,9.257488773520175,1.4366712645972994,0.9137373737373737,0.0033498395836829165,4.314252779849399,0,0.6483585915222192,99,1.319397174837529
100,13,Adaptive,1.0,131.4176530840344,0.5407606823808719,1.0,0.8585965961034997,6.570624004762255,677,0.5271803403365334,776,18.72992605714183
100,14,Uniform,0.0,8.030296812423177,1.4865203313721664,0.895151515151515,0.0026571782913926006,4.391343831039607,0,0.5919565472695241,99,1.1477763949545323
100,14,Adaptive,1.0,134.07455115018226,0.5341969965248954,1.0,1.2173806519958261,6.5638825765613955,672,0.5547434230269079,771,19.16337696711698
100,15,Uniform,0.0,7.453941890259559,1.3505385858138401,0.9050505050505052,0.003911325613603213,4.363941798176944,0,0.5740313909485706,99,1.1160962480583385
100,15,Adaptive,1.0,124.95171526390742,0.5032989317420116,1.0,0.9627412857586948,6.576685062055452,688,0.556386821474645,787,18.709314165265745
100,16,Uniform,0.0,6.992572850562858,1.3770428872570428,0.8746464646464644,0.002035403907710175,4.43725236479723,0,0.5959837003145549,99,1.059769056492895
100,16,Adaptive,1.0,152.26250480223285,0.5836411480590813,1.0,1.2409286364826413,6.646508021992821,747,0.602426097972973,846,23.07635465542822
100,17,Uniform,0.0,7.43861110594855,1.3569948822610471,0.8756565656565657,0.0020840390231249366,4.45614223581435,0,0.6050089679577291,99,1.091202109884977
100,17,Adaptive,1.0,149.61671871311268,0.5588733417133566,1.0,1.3082096790366788,6.6405757105476235,735,0.6067828192441309,834,21.9479250640294
100,18,Uniform,0.0,7.278323263050564,1.2950069670527502,0.8959595959595958,0.0027618639688114072,4.428158209671327,0,0.5889778815042697,99,1.0968315528019967
100,18,Adaptive,1.0,129.51916039706168,0.5275609003287557,1.0,0.8565904792183336,6.590482064667569,694,0.5896628780581776,793,19.518328148065542
100,19,Uniform,0.0,7.176789312771639,1.0114859385615451,0.9184848484848485,0.004099538664731838,4.428578668880937,1,0.6236918702713121,100,1.056059617224603
100,19,Adaptive,1.0,133.55119243547665,0.5409430966001083,1.0,0.8876109953696403,6.5781569663835375,689,0.5883751993620419,788,19.65196622287782
100,20,Uniform,0.0,6.794100699518612,1.157244033383808,0.8837373737373736,0.0023233799294742645,4.467462374487748,0,0.5974327780897124,99,1.0244429764779053
100,20,Adaptive,1.0,135.17845285699707,0.5254903163642384,1.0,0.8152376593690622,6.608167821705647,707,0.5551311475409837,806,20.38277363335405
100,21,Uniform,0.0,7.028148435468034,1.0907237118603867,0.8972727272727272,0.0028087619602442868,4.421931299949591,0,0.5989567654897192,99,1.0858032495396055
100,21,Adaptive,1.0,127.71327591375055,0.535949231329153,1.0,0.865672167087739,6.565106061398863,679,0.5827302856028853,778,19.730870978291147
100,22,Uniform,0.0,7.300476012112735,1.2566579949802479,0.8759595959595959,0.002070877749312151,4.486682280415419,0,0.58406797188991,99,1.0542254507346496
100,22,Adaptive,1.0,130.63192153829883,0.5281358667523318,1.0,1.0818539875774729,6.563206820627577,668,0.5071804848847652,767,18.86390642686216
100,23,Uniform,0.0,7.490953339229041,1.44273897001103,0.8675757575757577,0.0019712130186793223,4.447294647157222,1,0.5649016505131756,100,1.0777677121260427
100,23,Adaptive,1.0,136.04952488706252,0.5474803055589426,1.0,1.295263856642332,6.580913558175725,688,0.6001729106628244,787,19.57424890173664
100,24,Uniform,0.0,7.886851931092749,1.1855880413027886,0.891919191919192,0.002752044312999519,4.349316437352608,0,0.5969658787092675,99,1.1869591748843236
100,24,Adaptive,1.0,134.82160099458056,0.5348958134718127,1.0,1.1729670183149834,6.577693988205732,685,0.5505366977070194,784,20.290445119455725
100,25,Uniform,0.0,7.719544767296772,1.4663039777358073,0.9055555555555554,0.0038222776223855227,4.3440815747991754,0,0.5677008978675642,99,1.1432809316828594
100,25,Adaptive,1.0,125.34688600856876,0.5206508764085555,1.0,1.0348041980099654,6.540354076109141,654,0.5491053677932403,753,18.564139329371976
100,26,Uniform,0.0,6.826745720688689,1.1427070718004881,0.8772727272727272,0.0021417135567588863,4.385929221291972,0,0.5761706876394941,99,1.0694742263554762
100,26,Adaptive,1.0,132.03372543769476,0.527821536745147,1.0,0.6196684857278562,6.601195600162823,707,0.5698704534130543,806,20.684330740103338
100,27,Uniform,0.0,8.585271105084557,1.4658110277507774,0.8773737373737375,0.002134324645165442,4.379575938678246,0,0.583672339211865,99,1.2194141366604339
100,27,Adaptive,1.0,131.76684453942946,0.53720940559102,1.0,0.933538126887451,6.561944628326975,671,0.5317493675812419,770,18.71558288699323
100,28,Uniform,0.0,7.926566043311841,1.342891954847038,0.8889898989898988,0.0026462119329641615,4.390245022518545,0,0.5594263897150769,99,1.177794003847509
100,28,Adaptive,1.0,138.51072432466785,0.5484005230767091,1.0,1.2215546851728774,6.607299812547866,709,0.6125735068128264,808,20.5810561202374
100,29,Uniform,0.0,9.163025245337751,1.067519480717853,0.92020202020202,0.004219567058170054,4.297311743535881,0,0.6575101875863001,99,1.349708441598269
100,29,Adaptive,1.0,129.29277857962586,0.523746327340889,1.0,0.831917533958335,6.584932618748564,696,0.5605261133019139,795,19.04475323533658
