trial,alpha,n,cost,efficiency,robustness,algebraic_connectivity,network_entropy,cyclomatic_number,betweenness_gini,num_edges,steiner_ratio
0,0.0,50,10.409124112669454,1.6387165109519977,0.9016326530612245,0.011745900473215687,3.3038082906769457,2,0.6263191368540599,51,2.1908341999699252
0,0.25,50,17.277371331273226,0.8221127166888201,0.9881632653061224,0.0627305642111984,4.503186153370441,55,0.5396101522842638,104,3.6364112473269437
0,0.5,50,27.824089356024846,0.6165806754624096,0.9971428571428572,0.13975562548364495,4.949978033186287,110,0.5356313545424725,159,5.856205179646525
0,0.75,50,41.53818438477864,0.5900017802446522,0.9979591836734695,0.185154085526593,5.257426747814803,164,0.553565794935658,213,8.742644815241006
0,1.0,50,52.874280696152056,0.5731825484644112,1.0,0.7966260914509656,5.4546425055349745,208,0.5948316934230968,257,11.128581155733025
0,1.25,50,66.09878009421323,0.5657272293130069,1.0,1.16338892355355,5.605548320470891,249,0.5715876777251185,298,13.911974383169907
0,1.5,50,73.88274435496137,0.5654584114759726,1.0,1.293431061290707,5.678186563391411,271,0.560184842883549,320,15.550284670299076
0,2.0,50,88.35849531547821,0.5631437790520305,1.0,1.7208484878379993,5.796935911280933,311,0.5788025659301501,360,18.597031921198617
1,0.0,50,12.050726825208342,1.7089183144422848,0.9012244897959184,0.01044289025545331,3.402131266237562,3,0.5768433708602034,52,2.407573909965573
1,0.25,50,15.54888617568969,0.6644094736392676,0.9942857142857143,0.10518072264534678,4.464122472850796,51,0.5431212814645308,100,3.1064593222133445
1,0.5,50,27.06291850976801,0.5836966359832733,0.9983673469387756,0.26441836238084654,4.981818195524496,113,0.526612355736592,162,5.406808856984888
1,0.75,50,36.595254177842385,0.5474426737675563,1.0,0.5072389640882022,5.23106054811183,156,0.5838967527060781,205,7.311241924663637
1,1.0,50,47.53162657685414,0.5295936443042747,1.0,0.871175727280325,5.414467227585844,195,0.5538220918866081,244,9.49618273690158
1,1.25,50,59.30618296409861,0.525723112240339,1.0,1.1907578655142965,5.564840107710855,235,0.5720045300113252,284,11.848581490149247
1,1.5,50,68.87972553967282,0.5221934634971268,1.0,1.514144925357639,5.670065711290352,266,0.5417687934301956,315,13.761247146355306
1,2.0,50,88.331526054174,0.517610534580321,1.0,2.3430425451439665,5.834901699776518,322,0.5580332829046897,371,17.647456509478786
2,0.0,50,11.110393300417666,1.5910693101415025,0.8897959183673468,0.009221268301038662,3.47774210143828,4,0.5088629402756506,53,2.2706600364222385
2,0.25,50,15.29141171069071,0.809589736284548,0.970204081632653,0.02372147214303613,4.4630157007348865,51,0.5584024930293585,100,3.125145666142993
2,0.5,50,23.414540173855144,0.6428595342747422,0.990204081632653,0.059812259497884934,4.882217124450532,99,0.6196600877192981,148,4.7852906019067065
2,0.75,50,36.98247336026726,0.5506532767807005,1.0,0.4289625984734989,5.253812761116694,161,0.5792976725193957,210,7.558204470048069
2,1.0,50,46.45650617099446,0.5283490797977153,1.0,0.7168025271602803,5.421509899051941,198,0.5042075736325382,247,9.494437248257874
2,1.25,50,57.62926115447818,0.5160582425219045,1.0,0.9736496276308809,5.580688034429,239,0.5502894593118515,288,11.777842304384933
2,1.5,50,64.64210211366955,0.5144853350683438,1.0,1.1469541003034502,5.653976695301373,260,0.5485202863961813,309,13.211074889159608
2,2.0,50,81.39811690658443,0.5091232035889214,1.0,1.7719090322327489,5.810942839695178,313,0.5692950034223132,362,16.635545304490574
3,0.0,50,10.770488987530282,1.3226160834749237,0.8926530612244897,0.010653896035414018,3.480947793077411,4,0.6162383126766688,53,2.1803830519063014
3,0.25,50,16.265626826683818,0.7222437026226171,0.9918367346938776,0.061386534030963814,4.4659499173046795,51,0.5880407747196736,100,3.292821440381623
3,0.5,50,26.74692041975038,0.6058748081707283,0.999591836734694,0.3203787452158559,4.928796503122674,106,0.48467583497053046,155,5.414659635363779
3,0.75,50,42.952274882689046,0.5728893149290494,1.0,0.6528223361965311,5.308622777111427,173,0.5629472735466425,222,8.695279508986417
3,1.0,50,52.95848451251116,0.5635851570866311,1.0,0.9369061748843094,5.469294419479712,210,0.6059396506087877,259,10.720941474375845
3,1.25,50,64.00392509962896,0.5581414986493562,1.0,1.1634669171837386,5.604038222014234,246,0.640137299771167,295,12.956985862413609
3,1.5,50,72.65596310142156,0.5537642668090758,1.0,1.4373016567013488,5.688490892948945,272,0.6407677784770296,321,14.708508661926134
3,2.0,50,87.3883190577858,0.5503053566131173,1.0,2.014114989285369,5.80855136655433,313,0.6412438853948288,362,17.690933998333556
4,0.0,50,10.119180225954391,1.3296838232661174,0.9126530612244899,0.014470241632297551,3.4294801837923625,3,0.6049833559363826,52,2.053098946168339
4,0.25,50,19.12854765432377,0.7234885513005395,0.9975510204081632,0.12763657778476487,4.67165098356395,71,0.5038935507072644,120,3.8810259481388942
4,0.5,50,31.380509067226004,0.6778913296153873,1.0,0.34477724627403217,5.1093994571708174,133,0.593569755771161,182,6.366848762205069
4,0.75,50,43.00473933875362,0.6643380312849798,1.0,0.5143720978380438,5.324265851429319,176,0.6179611650485437,225,8.725310059225853
4,1.0,50,52.40445281749746,0.6274006362629497,1.0,0.7888163316932567,5.4589309990363,208,0.6844465468306526,257,10.632435083839509
4,1.25,50,63.602893285539174,0.599656336228765,1.0,1.1906320180999177,5.582850025087994,242,0.669018567639257,291,12.904507110454382
4,1.5,50,74.02533549301737,0.5902354322069753,1.0,1.6533084896899077,5.677278888499341,271,0.662410225197809,320,15.019135433585737
4,2.0,50,91.73920032904743,0.5774536525803823,1.0,2.3320019252300206,5.806981899026104,316,0.6812560386473432,365,18.61313380255852
5,0.0,50,10.308650770151312,1.2608525661587136,0.8975510204081634,0.011048047054810977,3.465838193334245,3,0.5951147505656722,52,2.1793373297805125
5,0.25,50,13.48521018010305,0.6637697332644141,0.983265306122449,0.04703051729785677,4.4503480384998095,49,0.5652885796152272,98,2.8508892774338683
5,0.5,50,21.471780592962283,0.5752366836292391,0.9979591836734695,0.19178888881060943,4.830136194216815,91,0.48413242684008306,140,4.539318871737527
5,0.75,50,35.550019323936105,0.5323598156815287,1.0,0.4870486622428056,5.226768134539933,155,0.5426348291477974,204,7.515579479266357
5,1.0,50,46.25922493786799,0.5133425959349142,1.0,0.7940276435316546,5.409060375230016,195,0.5396118389131488,244,9.779597544008134
5,1.25,50,58.575116891983775,0.5047246184899119,1.0,1.2490982537684754,5.585184226309949,240,0.5699321266968325,289,12.383282903382668
5,1.5,50,65.21242042759461,0.49834579519288236,1.0,1.5336285372581815,5.664399323921339,263,0.5744976076555022,312,13.786465888892666
5,2.0,50,83.1198220235169,0.49237856108828065,1.0,2.4148052759616414,5.831176507684744,319,0.5663073561544065,368,17.57224442068318
6,0.0,50,5.604752950125501,1.2988523753112502,0.8579591836734692,0.007103280856051025,3.696323806026067,0,0.5575956284153007,49,1.164351563125776
6,0.25,50,17.3217184869285,0.6550953305668316,0.9910204081632653,0.07412690432281675,4.643818990966361,64,0.5260389450332756,113,3.5984761818677904
6,0.5,50,29.115119866467904,0.5487903775116014,0.999591836734694,0.38923519936978007,5.08813106390497,128,0.4793900709219856,177,6.048479857860129
6,0.75,50,41.30583450552666,0.5336012024687233,1.0,0.7032680069918551,5.349203575780941,179,0.5147454545454546,228,8.581022821290928
6,1.0,50,55.73673090426856,0.5280966308673875,1.0,1.0695905124515865,5.556834746022972,231,0.5284632516703789,280,11.578949211392567
6,1.25,50,65.61653411044216,0.5242002444147299,1.0,1.2876491019633602,5.668850242530388,263,0.5664543784445804,312,13.631415111111785
6,1.5,50,75.12949967091102,0.5225549442003875,1.0,1.5597155106948164,5.763036608679808,294,0.5557472021066492,343,15.607672837162951
6,2.0,50,93.25896866642123,0.5209455363941728,1.0,2.213012706767315,5.900786861161981,346,0.5664018334606569,395,19.37395401876078
7,0.0,50,7.350116452126576,1.3827701590888977,0.8779591836734693,0.00890408540957119,3.685365219689096,0,0.5814957594448729,49,1.4298939750531579
7,0.25,50,16.060061166962925,0.6950523771768348,0.9832653061224491,0.05465927900901787,4.5118377421796225,54,0.5069937629937633,103,3.124329369636225
7,0.5,50,25.033095008829775,0.5915599672683607,0.9959183673469388,0.1474131106755078,4.933502387953474,105,0.5118631178707223,154,4.869946206049927
7,0.75,50,36.98680024812534,0.5414636994842912,0.9987755102040816,0.30693575401300194,5.237412164846157,157,0.47470710427918617,206,7.1954237971273844
7,1.0,50,46.42259828593864,0.5362287104236227,0.9987755102040816,0.3429690306849517,5.405253653013393,193,0.47993239980685676,242,9.03106692631672
7,1.25,50,56.14639211657423,0.5330559679609733,0.9987755102040816,0.3485945857109784,5.530301208096816,225,0.49332971211298227,274,10.922736847962943
7,1.5,50,66.97248910288087,0.5195120240686589,1.0,1.080226976184704,5.646809758342836,258,0.49831340465701746,307,13.028849173514221
7,2.0,50,84.57047111851706,0.5145476503698216,1.0,1.7232892260242056,5.807072645017653,312,0.48444444444444446,361,16.452366150578122
8,0.0,50,7.098968014458577,1.7308344925227281,0.8706122448979592,0.007796020043553625,3.4973434354154342,0,0.5320588489831242,49,1.52946964541581
8,0.25,50,19.877105763936648,0.6798623993389745,0.9987755102040816,0.1741301794799805,4.6963130748334905,75,0.46257028112449783,124,4.282513999604123
8,0.5,50,29.990906677336888,0.6184353565904833,0.9991836734693877,0.3479753182627492,5.062043586237406,126,0.5191334730957371,175,6.461528113390651
8,0.75,50,41.917772536452496,0.6019097055807695,0.999591836734694,0.5919686330594158,5.326607752144569,177,0.5385054575986565,226,9.031166300139791
8,1.0,50,51.385699112606986,0.583396748239821,1.0,0.8619239371835407,5.469746478275572,211,0.5988951310861423,260,11.071027062121033
8,1.25,50,62.5808617073097,0.5799991962593466,1.0,1.0651573128641638,5.603268010949195,248,0.644033970276009,297,13.483020091138535
8,1.5,50,73.82667774179538,0.568312034728196,1.0,1.429973533109863,5.7050291693625095,280,0.6552747946936197,329,15.905926382256407
8,2.0,50,89.67406165725714,0.5661965364404903,1.0,1.9039726839338176,5.825952481827516,323,0.6890359712230216,372,19.32023852010284
9,0.0,50,10.296616927600533,1.6157056641099956,0.9167346938775512,0.016835921081440042,3.433832088354206,2,0.610771979073625,51,2.1102829438541844
9,0.25,50,13.788054964701638,0.7732667521071946,0.9881632653061224,0.058662898352774474,4.377940038833158,44,0.5395551894563428,93,2.825850221050654
9,0.5,50,23.56151035736366,0.6090208413961301,0.9983673469387756,0.16136442485006605,4.9055616238723605,102,0.5727113190991517,151,4.8289116501273055
9,0.75,50,34.42163050787234,0.5196102042303796,0.999591836734694,0.37672648259393454,5.209246631691174,153,0.5831673469387755,202,7.054684103639983
9,1.0,50,42.52303505932613,0.5033619141666688,1.0,0.5872105014450987,5.374918936627177,187,0.5558693563880885,236,8.715060124852187
9,1.25,50,52.30029154871659,0.5003706543856443,1.0,0.7303872592237188,5.522591370907994,224,0.5616059957173449,273,10.718900585493317
9,1.5,50,64.01836370246794,0.495177063815499,1.0,1.1939591050070213,5.661704765333903,264,0.5229464822609742,313,13.120509577533067
9,2.0,50,83.70373574928654,0.4912541705428946,1.0,2.0175710463101804,5.843204897645539,326,0.5718529411764706,375,17.155009954299622
10,0.0,50,9.059759895783623,1.1289352543526494,0.9069387755102041,0.01236332689238825,3.3971207459232233,2,0.6474745972738536,51,1.9482212220958095
10,0.25,50,13.386532716483073,0.6210372653350911,0.9881632653061225,0.0485372419739936,4.407595305482248,47,0.5703619197482299,96,2.8786554421458437
10,0.5,50,22.036528033299525,0.5382497235023079,0.9963265306122449,0.12496224327793105,4.908697211919655,103,0.6330982061416845,152,4.738760416350964
10,0.75,50,30.817483431990468,0.49431853144163057,0.9983673469387756,0.32771376383924944,5.166517370761122,145,0.5070783847981,194,6.627027197677929
10,1.0,50,41.13614619139196,0.4831828132473724,1.0,0.8385255191025581,5.39203145494579,192,0.5261113801452784,241,8.845964344221025
10,1.25,50,51.87826012954069,0.4773030072365241,1.0,1.1811244270413057,5.552478807050501,233,0.5337857543466069,282,11.15596092086456
10,1.5,50,63.39895096732333,0.4752382776593417,1.0,1.577038847388345,5.687310663052893,272,0.5471581600504094,321,13.633383572409512
10,2.0,50,80.78847622996219,0.47159755559932337,1.0,1.7047340261642405,5.852095685219549,330,0.5466422823701536,379,17.37284715075569
11,0.0,50,7.123909199450254,1.442342837615204,0.8951020408163265,0.013299552841848106,3.629414670465552,0,0.5561302798982188,49,1.506319253902066
11,0.25,50,17.24328470317373,0.8683094003431832,0.9783673469387756,0.02675236415457891,4.484001045666137,55,0.5518320610687024,104,3.646016677319518
11,0.5,50,28.107373906407375,0.5986363591591846,1.0,0.26904791557006824,4.9593272001234165,113,0.5459322033898306,162,5.943180535640908
11,0.75,50,42.047696270589654,0.567475869958595,1.0,0.563969080803126,5.288323514102839,171,0.615551709216789,220,8.890800359934818
11,1.0,50,52.45712512279575,0.5587257273683275,1.0,0.9975038927970052,5.446482924319069,207,0.6321818181818182,256,11.091828287608537
11,1.25,50,62.68415722794853,0.553490724660081,1.0,1.3860650928317286,5.577017474808652,241,0.612147380541163,290,13.254289225692226
11,1.5,50,69.64012726569595,0.5489652934279482,1.0,1.5702281115648424,5.649962526751304,262,0.615275,311,14.72509848281097
11,2.0,50,85.53826230408349,0.5458715667774582,1.0,2.2408363052642146,5.7841634805754225,306,0.6101582733812947,355,18.086689182381683
12,0.0,50,8.714336253227396,1.4788519684270756,0.9228571428571426,0.01916293818188891,3.4063452372212133,1,0.5198441292960267,50,1.7917587416813734
12,0.25,50,18.99472785562226,0.7315768771033058,0.993061224489796,0.06596835579887439,4.660812196433842,69,0.4850514723485755,118,3.9055148541651956
12,0.5,50,30.356499502725875,0.6223900608575961,0.999591836734694,0.24498168642085263,5.05702217541608,125,0.5187981938172976,174,6.241614022033082
12,0.75,50,43.02210930207203,0.5878516221010823,0.999591836734694,0.5970480011332393,5.3128266437883,174,0.5571272727272725,223,8.845795960536892
12,1.0,50,51.83291593477779,0.5778154597252164,0.999591836734694,0.8380014182871873,5.436910088480559,203,0.5738571428571428,252,10.657390021939793
12,1.25,50,62.74412587673712,0.5715189516655693,0.999591836734694,0.9106486289218753,5.561992546203384,236,0.565226480836237,285,12.900848987456051
12,1.5,50,73.49780371368415,0.5651285451792082,1.0,1.5156769535987678,5.664089929093521,266,0.5630349206349203,315,15.111917703382531
12,2.0,50,90.65994816612728,0.5591438457670188,1.0,2.1823873817334474,5.8021624404825705,312,0.6104639543183439,361,18.640634229242423
13,0.0,50,10.272582553593415,1.5159204633702652,0.9085714285714285,0.013238615934424552,3.44784049912451,2,0.5743690637720484,51,2.082731093372655
13,0.25,50,17.844052218553667,0.7333410418445434,0.9955102040816327,0.08161158751529576,4.5854806531823105,65,0.5674182851729042,114,3.6178207567041354
13,0.5,50,29.54879281161508,0.6001499586162811,1.0,0.4479416640532396,5.0388865093007364,124,0.5539712918660287,173,5.990917010333421
13,0.75,50,40.63825029119481,0.5698163433385227,1.0,0.6742396882117165,5.276961165669643,168,0.6043448275862067,217,8.239266710212483
13,1.0,50,51.839787851200306,0.5592980491800265,1.0,0.9748603163509714,5.458402962225589,209,0.6111799252536041,258,10.51034026431541
13,1.25,50,62.941951709870054,0.5463621018293312,1.0,1.403885479422729,5.586540587694,244,0.6339618138424818,293,12.761266139238762
13,1.5,50,72.79750580546761,0.5438618437654427,1.0,1.7136289989010598,5.682025641149866,273,0.6255619047619052,322,14.759446134408229
13,2.0,50,89.07037420884929,0.5388551685647066,1.0,2.2071724442785983,5.81824884222538,319,0.6482905982905982,368,18.05871472877244
14,0.0,50,8.644330690932142,1.5658478039071106,0.9293877551020409,0.022041072269477675,3.5200433085905627,0,0.6650269622528462,49,1.7829058256863581
14,0.25,50,15.938555594302102,0.7122066708121507,0.9951020408163267,0.0773854090153551,4.557004821526568,60,0.4849405548216643,109,3.287350361540002
14,0.5,50,25.717705093378093,0.5638602854245477,0.999591836734694,0.2827253290643205,4.979177710986684,113,0.550257801899593,162,5.30431422323608
14,0.75,50,36.04289951571336,0.5254233005749521,0.999591836734694,0.638681962890512,5.238123953790067,159,0.5739037433155081,208,7.433900647577368
14,1.0,50,45.82283739799384,0.5182634413057176,0.999591836734694,0.7785323472835306,5.4052164690343165,196,0.576899849018621,245,9.451027114460407
14,1.25,50,57.59997496577555,0.5151802710698284,1.0,1.1310180633056381,5.568028816270527,238,0.5772727272727274,287,11.880078932380096
14,1.5,50,67.47852839884978,0.510157237625479,1.0,1.5416458711125047,5.671945747567449,269,0.5966028097062583,318,13.917545000592579
14,2.0,50,85.24389524919515,0.5070640881944697,1.0,2.081330363135879,5.827373966823967,322,0.6078120411160057,371,17.581677850827234
15,0.0,50,7.788768901602803,1.7735578617248096,0.9142857142857143,0.01653095154605715,3.4160838033533993,0,0.5899526411657561,49,1.6246136198967964
15,0.25,50,16.119428735517584,0.6354433205970187,0.9942857142857143,0.13202286723080664,4.574208398167331,61,0.5223258170762601,110,3.3622570908848797
15,0.5,50,26.42566331378625,0.5532308727859574,0.9979591836734695,0.3029837097790148,4.991900484925666,115,0.5496404988994863,164,5.511974109996978
15,0.75,50,34.410860019572574,0.532795069936932,0.999591836734694,0.5505292122323572,5.2000404818894586,151,0.5483860232945093,200,7.1775594534144584
15,1.0,50,45.387919258072834,0.5123340696022779,0.999591836734694,0.8086003310899375,5.407690010952656,195,0.5085110767645544,244,9.467199853659436
15,1.25,50,57.401161299113156,0.5044958292219673,1.0,1.3340887827948023,5.568771087428598,237,0.5172453703703701,286,11.972971546920824
15,1.5,50,67.08865159888737,0.5025794580951869,1.0,1.7580442747635916,5.6702390262856595,267,0.5315897435897432,316,13.993628326247345
15,2.0,50,85.31405746202255,0.4972397433225969,1.0,2.603588474582118,5.832257476360514,322,0.5525276344878411,371,17.79515883350161
16,0.0,50,9.989104860637672,1.7699908485634634,0.8922448979591836,0.00959114557543837,3.42016102324122,1,0.6002034039020341,50,2.0697273920935264
16,0.25,50,16.382101088552893,0.6977995999349265,0.9971428571428572,0.09067429854422719,4.491174777921425,53,0.47302573203194287,102,3.394346524144769
16,0.5,50,27.532308300072593,0.5975190277382046,1.0,0.33669697008155725,4.9754141083292645,111,0.5743478260869566,160,5.704652564092365
16,0.75,50,38.91044114775736,0.5759520794080744,1.0,0.6314393957322264,5.245697017408146,158,0.5924529951902056,207,8.06218445051096
16,1.0,50,51.379839867343144,0.5580257286566591,1.0,0.9782683504843597,5.440285022566004,202,0.6244730331519046,251,10.645824972151766
16,1.25,50,60.97934126995917,0.5521247476094644,1.0,1.3376263751895665,5.562787769379263,234,0.6205405405405409,283,12.634827118052385
16,1.5,50,70.00897268148631,0.5495011040643509,1.0,1.6724658239749086,5.655368603392905,261,0.6148250000000002,310,14.505753065240091
16,2.0,50,85.82881658561976,0.5449224217191511,1.0,2.359866451764159,5.7878985203419475,305,0.6176503892427458,354,17.783600752679284
17,0.0,50,8.435939287241844,1.632357730294598,0.9142857142857141,0.013832494685329114,3.4951347500677468,0,0.6641740900992619,49,1.8114246103848202
17,0.25,50,14.475206356274676,0.6724930657639996,0.9693877551020408,0.03266994564956279,4.438077501329707,49,0.6024506787330315,98,3.1082187935858983
17,0.5,50,23.318447184616897,0.5476105350339128,0.993061224489796,0.11122479516309511,4.890088266987759,101,0.5716685979142531,150,5.007102074579302
17,0.75,50,33.487971769150896,0.5338528037567555,0.9963265306122449,0.27518234574931105,5.191690780965299,151,0.5764283011729097,200,7.190774393819197
17,1.0,50,42.56653661660526,0.5117278792092897,0.9991836734693877,0.4330621513971824,5.379773568920191,190,0.5353671328671328,239,9.140188114295382
17,1.25,50,54.3506872469845,0.4970488996270861,0.999591836734694,0.7043432642464373,5.561623395379516,235,0.540104384133612,284,11.67056436968566
17,1.5,50,63.93725939106265,0.491306073823678,1.0,1.2912001376680449,5.682032632478863,270,0.5189938650306747,319,13.729061013595292
17,2.0,50,82.02967416305069,0.4882157676148966,1.0,1.9672596940953602,5.846867646752156,327,0.5215251798561151,376,17.61399240811511
18,0.0,50,5.971140091706125,1.1786930008476244,0.8869387755102041,0.01004250266795824,3.713892574504282,0,0.6108409067168075,49,1.2344023998270561
18,0.25,50,21.03644628425727,0.685641921818886,0.9873469387755103,0.06008259405061602,4.731574881767748,77,0.503606388459557,126,4.348824408455722
18,0.5,50,32.25347035848157,0.6321483848391534,0.9963265306122449,0.15772063724316668,5.099260978307564,131,0.5366988950276244,180,6.667698396251251
18,0.75,50,42.841589738712244,0.596227084854515,0.9991836734693877,0.30334723921709067,5.311387069944688,172,0.5239754816112081,221,8.856560116438699
18,1.0,50,54.815658136869246,0.5781799094843837,1.0,0.8565133097158486,5.489404679220154,214,0.5382591093117406,263,11.33193643308362
18,1.25,50,64.9538599965551,0.5744691304911677,1.0,1.1560552372547812,5.6079545780365,247,0.5602366197183097,296,13.42778756257061
18,1.5,50,77.30358991846033,0.5707300469746104,1.0,1.5201627040276664,5.7188399215901695,282,0.5707975460122698,331,15.980823669358724
18,2.0,50,95.94002554769848,0.5677845583954845,1.0,1.887237204484661,5.855286636454084,331,0.5889082969432315,380,19.83349845367799
19,0.0,50,8.129343289621476,1.5174544136798676,0.8897959183673472,0.009296173705842438,3.459678519020088,0,0.5924042379788101,49,1.7049732562773652
19,0.25,50,16.132475393704745,0.735636744020537,0.9914285714285714,0.06538896763778955,4.556829628605867,57,0.532012383900929,106,3.3834761460910054
19,0.5,50,27.046747409756556,0.587801269646646,0.9987755102040816,0.2326649149530266,5.023205652725185,117,0.5088987341772153,166,5.672534589823088
19,0.75,50,37.7416468312972,0.5397562742780968,1.0,0.5368433557330432,5.271394502141383,163,0.5417508417508414,212,7.915583855018053
19,1.0,50,51.50417056623584,0.5266187874734459,1.0,0.9541427055690106,5.500571095717823,216,0.5868322351748607,265,10.802008264835964
19,1.25,50,60.184429103267796,0.5233404573298629,1.0,1.2477145660495137,5.613790153296851,247,0.6181437464629316,296,12.622525388538568
19,1.5,50,68.58641609560527,0.5199379940814117,1.0,1.5252831603556425,5.701155677587405,274,0.6118387293830179,323,14.384680412772108
19,2.0,50,81.1446803963497,0.5147902170791236,1.0,2.1759385764643153,5.807751687143817,311,0.6391811242192924,360,17.018534589574745
20,0.0,50,11.53121247300595,1.2181285057373359,0.9191836734693878,0.014994966546871368,3.395211666196439,5,0.5901608806096528,54,2.2715957297522245
20,0.25,50,17.75219735959554,0.7602801084357453,0.9971428571428572,0.10438681886209554,4.51288491330022,55,0.4326507713884993,104,3.497101090642191
20,0.5,50,30.425335470033463,0.6473250009139971,1.0,0.27812734933076017,5.0239208825535675,120,0.559410400794965,169,5.993650909806736
20,0.75,50,42.23769724560165,0.6114962775528671,1.0,0.5958665287002495,5.281340300839222,167,0.6057365684575393,216,8.320631756832471
20,1.0,50,54.35350230871188,0.5927388617664509,1.0,0.8115829122030954,5.463369354155018,209,0.6396245059288534,258,10.707389533458288
20,1.25,50,63.663129269038755,0.5839509935261071,1.0,1.1171583209831373,5.571846370190377,238,0.6082690187431095,287,12.541343152660998
20,1.5,50,75.73836043281011,0.5784178373384575,1.0,1.4608080724117827,5.687899543429767,273,0.6090842040565456,322,14.92010805805204
20,2.0,50,93.48687141511597,0.5751109780740531,1.0,1.998391958357072,5.820752733802191,319,0.6038912732474968,368,18.416482949352304
21,0.0,50,11.62151149141769,1.614638141260845,0.9163265306122448,0.015009735153462616,3.3667939574757377,4,0.5430091221419262,53,2.4579893995223028
21,0.25,50,16.045563262197373,0.7649618517921052,0.986530612244898,0.08084971608570578,4.498926499534569,55,0.5602305209774083,104,3.3936914692182123
21,0.5,50,28.50185083987574,0.5952468059017034,0.999591836734694,0.29061985696434894,4.998076649923175,118,0.4888016672455713,167,6.028238864016666
21,0.75,50,44.33778054793706,0.57087380604997,1.0,0.6220020441835986,5.345488809881967,182,0.5372161172161174,231,9.377592120066039
21,1.0,50,55.79361452840215,0.5605296189049832,1.0,0.8724530652097711,5.513227858491407,223,0.5907506561679787,272,11.800540159782306
21,1.25,50,65.91105875429528,0.5535460244473611,1.0,1.161116372034833,5.627882520136198,255,0.592358882947118,304,13.940414192163423
21,1.5,50,77.70712505598884,0.5490817042913338,1.0,1.4944952411203882,5.744215973205368,292,0.5790872483221474,341,16.435322530638764
21,2.0,50,94.339741817572,0.544526716285636,1.0,1.874286733490569,5.875168033390073,339,0.5791787072243344,388,19.953177821362328
22,0.0,50,8.440867841520017,1.5393693805583168,0.8828571428571429,0.008317872089364284,3.465326269238757,0,0.5917085574572132,49,1.7343712933696647
22,0.25,50,16.23036486598064,0.6747688962722201,0.9983673469387756,0.1495198124401885,4.564746536246262,61,0.48052321470657566,110,3.3349034048379673
22,0.5,50,27.29930743241878,0.5952845491450274,0.9987755102040816,0.22067198749269643,5.028818696863789,121,0.5773018549747047,170,5.609273362480945
22,0.75,50,40.8289721781639,0.5837257475922684,0.9987755102040816,0.2546021185921091,5.335185782398096,179,0.5966849430619994,228,8.389255537833936
22,1.0,50,55.076492174176884,0.5567859653657578,1.0,0.9072125361139556,5.536330757345667,230,0.6331689008042896,279,11.31673765777024
22,1.25,50,64.98544985356186,0.5533724033264498,1.0,1.0180658298118113,5.650162406285892,263,0.6351190476190478,312,13.352761923166794
22,1.5,50,75.33802527003226,0.5510026674737778,1.0,1.2899713148853498,5.74446370712555,294,0.6486451612903228,343,15.479937700810225
22,2.0,50,92.24049551694664,0.5493367428979368,1.0,1.551926078060883,5.871003755913623,340,0.6691000719942406,389,18.952940682693676
23,0.0,50,5.493969524618083,1.0639603520786285,0.8914285714285712,0.011773406856016001,3.6455652565128345,0,0.5557732987427655,49,1.1606700470915596
23,0.25,50,16.633860651187707,0.7310512958823857,0.986938775510204,0.04427904405120404,4.603231231141112,66,0.5690814105354813,115,3.5141119255972897
23,0.5,50,29.433574472791086,0.5671137651928563,0.9991836734693877,0.31695627505761104,5.13279380981173,141,0.5505794947994058,190,6.218212189988841
23,0.75,50,46.03329138304509,0.5426014912131858,0.999591836734694,0.6188692526703364,5.484213777429198,216,0.6217137293086661,265,9.725110821588078
23,1.0,50,55.53651379225851,0.5389283049728801,1.0,0.6784599229619986,5.621407701935027,254,0.6397960279119701,303,11.73278588272524
23,1.25,50,65.56843912802147,0.5332686465523162,1.0,0.9302008482162331,5.731282765292864,289,0.6451013110846247,338,13.852156075753099
23,1.5,50,74.81462298698885,0.5327808062918611,1.0,0.9628966764359408,5.809962807018752,317,0.6518508997429304,366,15.805528515646806
23,2.0,50,87.86890055964463,0.5312335482381605,1.0,1.2495013769342325,5.91083245658112,356,0.6395929824561402,405,18.563408568877342
24,0.0,50,8.280814113115348,1.6113867115038518,0.8971428571428571,0.009730700282121606,3.4991689376897304,1,0.5995920982381204,50,1.649902719913048
24,0.25,50,16.785522266865794,0.6517937629840441,0.9938775510204081,0.10558777224217795,4.573061790066722,59,0.49107361963190166,108,3.3444149892701662
24,0.5,50,28.670540571610175,0.5837353710743488,0.9963265306122449,0.1717948111989667,5.054412457850513,123,0.48672602739726,172,5.71243385303825
24,0.75,50,39.37867481754204,0.5524512266083696,0.9975510204081632,0.24198491948630008,5.299043201766796,169,0.5299999999999996,218,7.84596560199697
24,1.0,50,48.56845227054394,0.5426366610231894,0.9975510204081632,0.25806967072275333,5.4517368320257535,204,0.5384709768758849,253,9.676973834761082
24,1.25,50,59.229414505261595,0.539954858971759,0.9979591836734695,0.2619806817314321,5.580742303781779,239,0.5683412824589293,288,11.801106842419374
24,1.5,50,70.26441805784034,0.5363443195187304,1.0,0.8520978339380284,5.692123692866911,273,0.5788395061728393,322,13.999765347120459
24,2.0,50,89.71284392630413,0.526480240633346,1.0,1.4999996159385278,5.852842092304611,329,0.5821792114695341,378,17.87474796357407
25,0.0,50,6.750627863090611,1.413189001774216,0.8689795918367348,0.008599515841426427,3.6022333538106457,0,0.5007629979743413,49,1.4056277118278524
25,0.25,50,15.533638451984746,0.6694574959812973,0.9979591836734695,0.10963846850277642,4.49159896928645,54,0.5060088228465291,103,3.2344417610405887
25,0.5,50,25.749629464112658,0.6070840098418133,0.9983673469387756,0.25641398521526415,4.963009551394713,110,0.5754046997389042,159,5.361633536630028
25,0.75,50,35.55526533803985,0.5766067983460595,0.999591836734694,0.44342660920789784,5.204292874196681,152,0.5514197768372453,201,7.403380437217604
25,1.0,50,46.7153395298593,0.5603205369480547,1.0,0.8154056422417582,5.39500823954707,193,0.5882191780821919,242,9.727150887644177
25,1.25,50,57.91222932921515,0.5447447690547337,1.0,1.1704543161557175,5.535862970017438,229,0.5700275178866265,278,12.058587149196834
25,1.5,50,69.31846133591806,0.5399570588058981,1.0,1.4163645197537358,5.659622786313989,265,0.6154102405922273,314,14.433613016615801
25,2.0,50,88.5667469321082,0.5332974915285718,1.0,2.0353875021580947,5.829777077886625,322,0.6451364590622815,371,18.44152519721627
26,0.0,50,9.344814229701928,1.5880443858208229,0.930204081632653,0.018096173968283714,3.3703402676966263,0,0.6852751879699253,49,2.1489285194777765
26,0.25,50,16.63729385698843,0.7377639825157755,0.9861224489795919,0.042144578814610714,4.61601380260344,73,0.588636153490522,122,3.8259032632856567
26,0.5,50,25.45127900489798,0.7014105295619455,0.9918367346938776,0.06428090662060315,5.024574790212807,126,0.6396034985422745,175,5.85276260891018
26,0.75,50,38.878608847417624,0.545476006393045,1.0,0.3390964203822907,5.34614867187272,188,0.6123644646924826,237,8.940504251468854
26,1.0,50,52.44312647475083,0.5284053501668394,1.0,0.6985328678253722,5.555523044010909,241,0.5743295019157086,290,12.0597935241958
26,1.25,50,66.03701462005216,0.5249355344333351,1.0,0.7368807695642182,5.715915158921866,289,0.5926715686274513,338,15.185836825643076
26,1.5,50,76.94665138291758,0.5209415093248286,1.0,0.8160430722598929,5.820207194602165,325,0.6116065573770488,374,17.69461110414604
26,2.0,50,91.92906268002861,0.5191084661570825,1.0,1.141428422964422,5.936327357321841,370,0.6249745454545454,419,21.13995845247261
27,0.0,50,8.964171541133148,1.6402366844065381,0.8889795918367349,0.009625154134946908,3.4601685766384778,1,0.570122506834059,50,1.8574749757714284
27,0.25,50,18.69570459392809,0.7579582992665911,0.9824489795918367,0.037638237157859245,4.654779901604871,69,0.5393267504488333,118,3.873955700009574
27,0.5,50,28.390720595996484,0.6725561786491846,0.9865306122448979,0.04091544392539751,5.024488184746391,119,0.5995020979020977,168,5.882869689541416
27,0.75,50,41.09521896605457,0.6456928298023208,0.9971428571428572,0.1283563432621467,5.309567671927396,172,0.6064653902798232,221,8.515381538944151
27,1.0,50,50.77995749271268,0.5655088624071698,1.0,0.3702898834356334,5.464533670986987,208,0.6291391344811539,257,10.522165922488302
27,1.25,50,62.60759663415933,0.5410976351606734,1.0,0.8788659490977572,5.611672311666242,248,0.5519211267605637,297,12.972982891673016
27,1.5,50,72.47184006145542,0.5380160595288412,1.0,1.0608508671384642,5.716021578179686,280,0.5618158730158729,329,15.016962665715154
27,2.0,50,88.69245673660309,0.5334660590983998,1.0,1.6371900638400814,5.842717473237226,325,0.5527259786476868,374,18.378052915652397
28,0.0,50,8.863447382454316,1.6207762904166747,0.9236734693877551,0.016230914574847603,3.472235913598976,0,0.6678329128118867,49,1.8217492418315613
28,0.25,50,16.087112312365214,0.7237255602307116,0.9906122448979593,0.06410268063384261,4.493631306269611,53,0.5722603036876357,102,3.306465689222086
28,0.5,50,26.185937022029965,0.5809387554996506,0.9971428571428572,0.20955787987236746,4.9511474855893765,108,0.5041593780369289,157,5.382128291410091
28,0.75,50,37.06312980854301,0.555893984961549,0.9987755102040816,0.29058973895501317,5.2115171394031865,153,0.5285968459361099,202,7.617772827565604
28,1.0,50,49.317574302063285,0.5355144174702017,1.0,0.7092546010445951,5.427225390340399,200,0.5285657764589515,249,10.136490884078258
28,1.25,50,59.40477571657773,0.5322185910792467,1.0,1.0665632426922893,5.558720820197255,234,0.5430648769574942,283,12.209764491531601
28,1.5,50,69.87438860925319,0.5289901371492038,1.0,1.4512804521331373,5.672331838415495,267,0.5801233045622685,316,14.361637067348717
28,2.0,50,90.33708232245536,0.5236522227679673,1.0,2.1200426983680933,5.847650881627457,327,0.5907488986784137,376,18.5674381681316
29,0.0,50,7.058913714042585,1.4009533691675515,0.9073469387755101,0.014126510150306816,3.5275365741971463,1,0.6239351149492356,50,1.5312429961470106
29,0.25,50,15.476016736696726,0.724330336042231,0.9767346938775511,0.027273277177601998,4.501460459553407,54,0.6121340782122902,103,3.3571089258646545
29,0.5,50,25.205060084677832,0.588979633103075,0.9918367346938776,0.06999704183548673,4.953528564427114,108,0.6151426907396622,157,5.46756530616726
29,0.75,50,34.5830780417631,0.5347588496381017,0.999591836734694,0.33217292824018774,5.211703648627466,153,0.5841617589320769,202,7.50187609338665
29,1.0,50,43.11257896555006,0.5270279946104893,1.0,0.5754606936222658,5.377896758488388,188,0.5818458781362004,237,9.352123748942486
29,1.25,50,54.51509205237187,0.521337658333012,1.0,0.9624727542577647,5.544917447323881,230,0.6029768941429339,279,11.825594740369482
29,1.5,50,64.95228142020824,0.5184187664458388,1.0,1.294159730141305,5.654876331365375,263,0.6096331930246546,312,14.089664506113479
29,2.0,50,82.96616902149674,0.5138734011677835,1.0,1.9651774322609736,5.811520492123955,316,0.6015694744420441,365,17.99729680483095
