trial,mu,n,iteration,n_surviving_edges,conductivity_entropy
0,0.5,50,10,1225,7.090287589625074
0,0.5,50,25,1179,7.00702628728256
0,0.5,50,50,254,5.41464972595507
0,0.5,50,100,237,5.340342833192221
0,0.5,50,150,238,5.344338384672961
0,0.5,50,200,238,5.344339954450918
0,0.5,50,300,238,5.344340098539797
0,0.5,50,500,238,5.344340099402611
0,1.0,50,10,1225,7.091971241891807
0,1.0,50,25,812,6.680186801124948
0,1.0,50,50,7,1.7128500532954782
0,1.0,50,100,9,1.9664178381254505
0,1.0,50,150,9,1.986912010021304
0,1.0,50,200,9,1.9954991766889925
0,1.0,50,300,11,2.1831375795453893
0,1.0,50,500,14,2.404230531197732
0,2.0,50,10,1225,7.092428429523486
0,2.0,50,25,762,6.629886368845735
0,2.0,50,50,2,0.644067173443099
0,2.0,50,100,3,1.0028182615802839
0,2.0,50,150,9,2.1972035105273107
0,2.0,50,200,9,2.197224576666401
0,2.0,50,300,9,2.1972245773362102
0,2.0,50,500,9,2.1972245773362102
1,0.5,50,10,1225,7.091922446316172
1,0.5,50,25,1191,7.020730545408571
1,0.5,50,50,114,4.659272841948006
1,0.5,50,100,109,4.614967951645032
1,0.5,50,150,109,4.614645041732276
1,0.5,50,200,109,4.614621428833184
1,0.5,50,300,109,4.614619477812258
1,0.5,50,500,109,4.614619466194444
1,1.0,50,10,1225,7.092961172336817
1,1.0,50,25,817,6.695576239106275
1,1.0,50,50,9,2.1411756361633465
1,1.0,50,100,12,2.439048392531665
1,1.0,50,150,11,2.3703131152149055
1,1.0,50,200,10,2.2838478432073392
1,1.0,50,300,10,2.263416668238735
1,1.0,50,500,13,2.480784517363299
1,2.0,50,10,1225,7.092934449412242
1,2.0,50,25,766,6.6357462677966765
1,2.0,50,50,0,-0.0
1,2.0,50,100,5,1.4848521306954634
1,2.0,50,150,6,1.7917549496845346
1,2.0,50,200,6,1.791759469089297
1,2.0,50,300,6,1.791759469228049
1,2.0,50,500,6,1.791759469228049
2,0.5,50,10,1225,7.090976393526478
2,0.5,50,25,1176,7.005486843869738
2,0.5,50,50,193,5.1410797787504325
2,0.5,50,100,179,5.061963470431355
2,0.5,50,150,179,5.061781255284972
2,0.5,50,200,179,5.06176992110559
2,0.5,50,300,179,5.061768995061603
2,0.5,50,500,179,5.061768989550798
2,1.0,50,10,1225,7.092305404721107
2,1.0,50,25,800,6.670165836214391
2,1.0,50,50,7,1.7314743307199694
2,1.0,50,100,10,2.0927036223101787
2,1.0,50,150,10,2.1289537254164816
2,1.0,50,200,10,2.1343363469186727
2,1.0,50,300,10,2.1208170878368957
2,1.0,50,500,11,2.228103477267305
2,2.0,50,10,1225,7.092393230577223
2,2.0,50,25,748,6.6121146107041975
2,2.0,50,50,1,-1.110223024625156e-15
2,2.0,50,100,4,1.3209138522923203
2,2.0,50,150,7,1.9459090373697987
2,2.0,50,200,7,1.9459101490185344
2,2.0,50,300,7,1.9459101490553063
2,2.0,50,500,7,1.9459101490553063
3,0.5,50,10,1225,7.091946459703972
3,0.5,50,25,1189,7.020932315159514
3,0.5,50,50,168,5.00020650626763
3,0.5,50,100,152,4.904166668675199
3,0.5,50,150,152,4.904273711488417
3,0.5,50,200,152,4.90428451092221
3,0.5,50,300,152,4.90428541856534
3,0.5,50,500,152,4.9042854239751925
3,1.0,50,10,1225,7.092827924976708
3,1.0,50,25,820,6.698855520984471
3,1.0,50,50,5,1.6017763196292765
3,1.0,50,100,5,1.598871010569248
3,1.0,50,150,7,1.8565927609440143
3,1.0,50,200,7,1.8626164454063554
3,1.0,50,300,7,1.8520653153178162
3,1.0,50,500,9,2.045637219572306
3,2.0,50,10,1225,7.0927692726584946
3,2.0,50,25,765,6.634274400117832
3,2.0,50,50,0,-0.0
3,2.0,50,100,3,0.9840832363211831
3,2.0,50,150,5,1.6093961135918349
3,2.0,50,200,5,1.6094379110534516
3,2.0,50,300,5,1.6094379124340956
3,2.0,50,500,5,1.6094379124340952
4,0.5,50,10,1225,7.089508591131213
4,0.5,50,25,1195,7.022072090399737
4,0.5,50,50,230,5.312079561663662
4,0.5,50,100,217,5.247634870660763
4,0.5,50,150,215,5.238858697846409
4,0.5,50,200,215,5.238862973453438
4,0.5,50,300,215,5.238863342658858
4,0.5,50,500,215,5.2388633448625965
4,1.0,50,10,1225,7.091000185598838
4,1.0,50,25,785,6.6495011718311385
4,1.0,50,50,6,1.6575743936603713
4,1.0,50,100,7,1.781385499765382
4,1.0,50,150,7,1.7616355119658804
4,1.0,50,200,6,1.6285542652208758
4,1.0,50,300,7,1.7452212287534639
4,1.0,50,500,13,2.3085065851674
4,2.0,50,10,1225,7.091272884128363
4,2.0,50,25,741,6.602246340914997
4,2.0,50,50,2,0.5994059892354362
4,2.0,50,100,4,1.1048076379750758
4,2.0,50,150,6,1.7917373644919494
4,2.0,50,200,6,1.7917594684900973
4,2.0,50,300,6,1.7917594692280487
4,2.0,50,500,6,1.791759469228049
5,0.5,50,10,1225,7.090778380198333
5,0.5,50,25,1183,7.013037690731401
5,0.5,50,50,199,5.171676707234331
5,0.5,50,100,183,5.085336249454506
5,0.5,50,150,184,5.090072365226148
5,0.5,50,200,184,5.0900591701883275
5,0.5,50,300,184,5.090058089016109
5,0.5,50,500,184,5.090058082581015
5,1.0,50,10,1225,7.091713819094829
5,1.0,50,25,821,6.692427290454235
5,1.0,50,50,10,2.018272187341298
5,1.0,50,100,9,1.9496994127662248
5,1.0,50,150,8,1.8637078891830803
5,1.0,50,200,8,1.8759105135696257
5,1.0,50,300,8,1.8972246588115234
5,1.0,50,500,9,2.025381050165885
5,2.0,50,10,1225,7.0919313529048695
5,2.0,50,25,770,6.6396168824868855
5,2.0,50,50,1,-1.110223024625156e-15
5,2.0,50,100,4,1.0542183595595875
5,2.0,50,150,5,1.609068696447475
5,2.0,50,200,5,1.60943788392674
5,2.0,50,300,5,1.6094379124340952
5,2.0,50,500,5,1.6094379124340956
6,0.5,50,10,1225,7.090229826758277
6,0.5,50,25,1193,7.022453451184489
6,0.5,50,50,224,5.275170451991718
6,0.5,50,100,200,5.156396514886861
6,0.5,50,150,201,5.161042777178797
6,0.5,50,200,201,5.161039297941747
6,0.5,50,300,201,5.161039024387337
6,0.5,50,500,201,5.161039022762967
6,1.0,50,10,1225,7.09178393076213
6,1.0,50,25,784,6.649109130630569
6,1.0,50,50,9,2.032661642232569
6,1.0,50,100,10,2.1964863778889
6,1.0,50,150,11,2.313780965889918
6,1.0,50,200,12,2.3953152374933984
6,1.0,50,300,12,2.394812584885804
6,1.0,50,500,13,2.489599464774912
6,2.0,50,10,1225,7.092083624026955
6,2.0,50,25,740,6.601016335779939
6,2.0,50,50,1,-1.110223024625156e-15
6,2.0,50,100,4,1.1524467611026457
6,2.0,50,150,7,1.9445547684857185
6,2.0,50,200,7,1.9459100439775183
6,2.0,50,300,7,1.945910149055306
6,2.0,50,500,7,1.9459101490553061
7,0.5,50,10,1225,7.091520145918693
7,0.5,50,25,1190,7.022121058545574
7,0.5,50,50,259,5.426466798392443
7,0.5,50,100,225,5.2810472727371085
7,0.5,50,150,225,5.281084419095478
7,0.5,50,200,225,5.2810907820017
7,0.5,50,300,225,5.281091325416906
7,0.5,50,500,225,5.281091328658822
7,1.0,50,10,1225,7.092662826288031
7,1.0,50,25,808,6.68032784632412
7,1.0,50,50,6,1.7193510631764972
7,1.0,50,100,7,1.8530456599512024
7,1.0,50,150,10,2.1702426601049893
7,1.0,50,200,10,2.189655034934093
7,1.0,50,300,10,2.1948693663291756
7,1.0,50,500,10,2.2114622062214195
7,2.0,50,10,1225,7.092832892488546
7,2.0,50,25,763,6.631845077547713
7,2.0,50,50,2,0.6732482791090051
7,2.0,50,100,4,1.214506096266124
7,2.0,50,150,8,2.0794216435343436
7,2.0,50,200,8,2.079441541005008
7,2.0,50,300,8,2.079441541679828
7,2.0,50,500,8,2.0794415416798278
8,0.5,50,10,1225,7.090100968839053
8,0.5,50,25,1184,7.015219273609666
8,0.5,50,50,207,5.195427573257842
8,0.5,50,100,180,5.053158532463567
8,0.5,50,150,183,5.068586208372623
8,0.5,50,200,183,5.068591342593669
8,0.5,50,300,183,5.06859178448058
8,0.5,50,500,183,5.0685917871177715
8,1.0,50,10,1225,7.09169262248777
8,1.0,50,25,791,6.659999413750551
8,1.0,50,50,8,1.9549647888076496
8,1.0,50,100,9,2.0693129808255435
8,1.0,50,150,9,2.0722742928767257
8,1.0,50,200,9,2.068452721202237
8,1.0,50,300,10,2.161848492327391
8,1.0,50,500,11,2.2785165222753188
8,2.0,50,10,1225,7.0919010637747775
8,2.0,50,25,741,6.60245643747274
8,2.0,50,50,1,-1.110223024625156e-15
8,2.0,50,100,6,1.2213410674897824
8,2.0,50,150,6,1.7917083975419734
8,2.0,50,200,6,1.7917594675773856
8,2.0,50,300,6,1.791759469228049
8,2.0,50,500,6,1.7917594692280492
9,0.5,50,10,1225,7.090706125960912
9,0.5,50,25,1185,7.012559902786629
9,0.5,50,50,112,4.650214313123294
9,0.5,50,100,108,4.615669932573718
9,0.5,50,150,109,4.6227376142128564
9,0.5,50,200,109,4.622725524346648
9,0.5,50,300,109,4.622724528109473
9,0.5,50,500,109,4.622724522177942
9,1.0,50,10,1225,7.092356194109211
9,1.0,50,25,811,6.688680509434201
9,1.0,50,50,9,2.1344793605619286
9,1.0,50,100,9,2.145715062863822
9,1.0,50,150,10,2.248407502308372
9,1.0,50,200,10,2.24426192474814
9,1.0,50,300,15,2.6372177669877463
9,1.0,50,500,14,2.5652296432493515
9,2.0,50,10,1225,7.092443420686979
9,2.0,50,25,779,6.652684994473766
9,2.0,50,50,0,-0.0
9,2.0,50,100,4,1.1203581551177346
9,2.0,50,150,5,1.609422501432117
9,2.0,50,200,5,1.6094379119250468
9,2.0,50,300,5,1.6094379124340952
9,2.0,50,500,5,1.6094379124340952
10,0.5,50,10,1225,7.090102146230134
10,0.5,50,25,1187,7.014125097316321
10,0.5,50,50,208,5.2066718321066014
10,0.5,50,100,193,5.126086062496883
10,0.5,50,150,193,5.125889764787521
10,0.5,50,200,194,5.130664525289632
10,0.5,50,300,194,5.130663640371537
10,0.5,50,500,194,5.130663635106718
10,1.0,50,10,1225,7.091405041525885
10,1.0,50,25,782,6.64250539711759
10,1.0,50,50,10,1.9985479699977051
10,1.0,50,100,9,1.9319053755744187
10,1.0,50,150,9,1.9267983875235735
10,1.0,50,200,10,2.019093240585619
10,1.0,50,300,9,1.930492338395013
10,1.0,50,500,10,2.0446882559687674
10,2.0,50,10,1225,7.091671620919213
10,2.0,50,25,736,6.593552663133195
10,2.0,50,50,1,-1.110223024625156e-15
10,2.0,50,100,4,1.3094255810769484
10,2.0,50,150,7,1.9459065131665956
10,2.0,50,200,7,1.9459101489391002
10,2.0,50,300,7,1.9459101490553063
10,2.0,50,500,7,1.9459101490553063
11,0.5,50,10,1225,7.091061295337493
11,0.5,50,25,1180,7.013770055046178
11,0.5,50,50,166,4.974254354507857
11,0.5,50,100,136,4.787338047134335
11,0.5,50,150,138,4.800203907930811
11,0.5,50,200,138,4.800218058594017
11,0.5,50,300,138,4.800219241998121
11,0.5,50,500,138,4.800219249048666
11,1.0,50,10,1225,7.092318733347858
11,1.0,50,25,817,6.693682275120899
11,1.0,50,50,10,2.247401875863112
11,1.0,50,100,10,2.2548326122708233
11,1.0,50,150,9,2.1347816333220275
11,1.0,50,200,9,2.115370426542585
11,1.0,50,300,10,2.230508907762664
11,1.0,50,500,12,2.4623183596902827
11,2.0,50,10,1225,7.092495175020952
11,2.0,50,25,778,6.651454966314869
11,2.0,50,50,0,-0.0
11,2.0,50,100,4,1.3279255772171044
11,2.0,50,150,8,2.079338024315345
11,2.0,50,200,8,2.0794415343926866
11,2.0,50,300,8,2.0794415416798278
11,2.0,50,500,8,2.079441541679828
12,0.5,50,10,1225,7.09095062534379
12,0.5,50,25,1183,7.012710775711316
12,0.5,50,50,192,5.135019668837311
12,0.5,50,100,175,5.0437773777996435
12,0.5,50,150,176,5.0489939519841105
12,0.5,50,200,176,5.049002689998746
12,0.5,50,300,176,5.049003426275631
12,0.5,50,500,176,5.049003430664603
12,1.0,50,10,1225,7.092540381762945
12,1.0,50,25,800,6.669604960129548
12,1.0,50,50,9,1.9505009534632296
12,1.0,50,100,8,1.8548978371415537
12,1.0,50,150,7,1.764997782900991
12,1.0,50,200,7,1.7870148260421768
12,1.0,50,300,8,1.9225714210643665
12,1.0,50,500,10,2.150537027342733
12,2.0,50,10,1225,7.092707090811293
12,2.0,50,25,752,6.617350392812255
12,2.0,50,50,1,-1.110223024625156e-15
12,2.0,50,100,4,1.2008915049179372
12,2.0,50,150,6,1.791751366970101
12,2.0,50,200,6,1.7917594689658198
12,2.0,50,300,6,1.791759469228049
12,2.0,50,500,6,1.791759469228049
13,0.5,50,10,1225,7.089988300692182
13,0.5,50,25,1199,7.0265273741699765
13,0.5,50,50,187,5.09801455951547
13,0.5,50,100,164,4.96913598169086
13,0.5,50,150,167,4.985685852404219
13,0.5,50,200,167,4.985695164757621
13,0.5,50,300,167,4.985695950312067
13,0.5,50,500,167,4.985695954995197
13,1.0,50,10,1225,7.091521014447037
13,1.0,50,25,784,6.651350264449199
13,1.0,50,50,8,1.9655103542801307
13,1.0,50,100,9,2.0854643502227566
13,1.0,50,150,9,2.0848592891394584
13,1.0,50,200,8,1.9901932089967624
13,1.0,50,300,9,2.0890937180717986
13,1.0,50,500,11,2.269760965708355
13,2.0,50,10,1225,7.091764088934336
13,2.0,50,25,723,6.578134989434593
13,2.0,50,50,0,-0.0
13,2.0,50,100,3,1.0856963743385073
13,2.0,50,150,7,1.9458771256470224
13,2.0,50,200,7,1.9459101479606746
13,2.0,50,300,7,1.9459101490553061
13,2.0,50,500,7,1.9459101490553061
14,0.5,50,10,1225,7.091848862837611
14,0.5,50,25,1216,7.051006263879419
14,0.5,50,50,213,5.204104607298546
14,0.5,50,100,171,4.979921234528724
14,0.5,50,150,171,4.979729242875426
14,0.5,50,200,171,4.9797182399027085
14,0.5,50,300,171,4.979717347327514
14,0.5,50,500,171,4.979717342018409
14,1.0,50,10,1225,7.092419453648562
14,1.0,50,25,823,6.699654143795649
14,1.0,50,50,14,2.5343458408620494
14,1.0,50,100,14,2.58422431678125
14,1.0,50,150,13,2.5225320862817817
14,1.0,50,200,12,2.440703052779232
14,1.0,50,300,12,2.425616479183601
14,1.0,50,500,12,2.394115758685287
14,2.0,50,10,1225,7.09248036101838
14,2.0,50,25,762,6.6302259909568875
14,2.0,50,50,2,0.6898932375097613
14,2.0,50,100,4,1.340697564450906
14,2.0,50,150,7,1.9458800380735386
14,2.0,50,200,7,1.9459101482177594
14,2.0,50,300,7,1.9459101490553063
14,2.0,50,500,7,1.9459101490553063
