n,trial,demand,cost,efficiency,robustness,algebraic_connectivity,network_entropy,cyclomatic_number,betweenness_gini,num_edges,steiner_ratio
20,0,Fixed,6.982390635262579,1.1404218436489866,0.8973684210526317,0.06424292350881299,2.7417611615554778,3,0.5093650793650795,22,2.0911207883010894
20,0,Uniform,7.417431034045132,0.6867154986648094,1.0,0.37525254595594315,3.241922164558944,11,0.4036764705882352,30,2.221408832778392
20,0,HubSpoke,6.166891696047559,0.7112687615701105,0.9921052631578947,0.2776950028956772,3.1374774990891545,8,0.4900510204081634,27,1.846891143511832
20,1,Fixed,12.02729594382368,1.047572169266454,0.8947368421052632,0.054781954810102826,2.949397992541944,9,0.605704697986577,28,3.527588989005728
20,1,Uniform,8.581094909404928,0.6166450068564846,0.9973684210526315,0.4229558961753768,3.331377928100542,16,0.48582089552238794,35,2.5168230712386053
20,1,HubSpoke,5.814883569897325,0.6411652509343483,0.968421052631579,0.1999515199365321,3.084848907183731,8,0.5107142857142855,27,1.7054971748702852
20,2,Fixed,9.771155823853398,1.0543784312390252,0.8710526315789474,0.04951410768862336,2.8497421916297903,6,0.5003477051460361,25,3.202272534547712
20,2,Uniform,6.672920729329015,0.6144647700473392,0.9973684210526315,0.29651145738717827,3.2644078539679824,11,0.3833333333333335,30,2.186896940542026
20,2,HubSpoke,5.00111415886164,0.6511475774612805,0.9815789473684211,0.22866020293514353,3.0262079825372448,5,0.4217647058823528,24,1.639000626104496
20,3,Fixed,9.355286617955867,1.1775050127107838,0.9052631578947368,0.07123411255154691,2.8499863040087243,5,0.5863636363636362,24,2.6018775324847687
20,3,Uniform,7.738880211314037,0.6614118826420163,1.0,0.2824675537604399,3.2479884648810127,12,0.47761904761904783,31,2.152325136651838
20,3,HubSpoke,6.324189354170126,0.7624097086644386,0.9736842105263157,0.18899205321686766,3.0318758162085944,6,0.4611856823266218,25,1.758873550727191
20,4,Fixed,10.132826048095442,1.2128122214619124,0.881578947368421,0.05619053406580032,2.8917101018111886,6,0.5673566878980891,25,3.27071516947327
20,4,Uniform,7.213272001241557,0.6371018394381182,1.0,0.4359964953770388,3.2018338882756874,11,0.4078282828282829,30,2.3283295345262554
20,4,HubSpoke,5.241611375762246,0.6742545722033568,0.9868421052631579,0.2045789671556488,2.9799768329813454,6,0.47177777777777785,25,1.691908827588289
20,5,Fixed,12.656142298266897,0.9820826581431953,0.9315789473684208,0.09604930781537578,2.977103454516536,9,0.6132286995515697,28,4.211566464648966
20,5,Uniform,6.799599614256814,0.5906282642394174,0.9973684210526315,0.3575969653100015,3.218796465068996,11,0.40270588235294125,30,2.2626930887435996
20,5,HubSpoke,4.641861815201138,0.6217015109010777,0.9710526315789473,0.14971093464132412,3.0028213860770894,5,0.5475206611570247,24,1.5446657515151956
20,6,Fixed,9.666313933850695,1.1055226792805135,0.881578947368421,0.05225993539209766,2.865312415501968,6,0.5529673590504451,25,3.1425838353364366
20,6,Uniform,7.065777130142415,0.6610065495644726,0.9973684210526315,0.37752111988695375,3.2463523747126306,12,0.39710526315789507,31,2.297131786245419
20,6,HubSpoke,5.8674632842727545,0.6623717846507762,0.9947368421052631,0.2518047922191379,3.0492919331806028,7,0.4456626506024095,26,1.907551875282432
20,7,Fixed,10.259270494097544,1.051670478858152,0.9210526315789472,0.08982925809524019,2.9678732972482798,7,0.5751893939393942,26,3.29358170718581
20,7,Uniform,6.5672069606136025,0.6380788790569603,1.0,0.26864096034204166,3.368843128242368,13,0.4558823529411764,32,2.108301240836221
20,7,HubSpoke,4.978936710918974,0.6907695895462029,0.9605263157894737,0.19203996748808583,3.0635442093699945,5,0.4810344827586206,24,1.5984113959908914
20,8,Fixed,5.574400934652221,0.820877941549518,0.9052631578947367,0.09079728851643853,2.7009963512941266,3,0.6295841209829869,22,2.0107897837095527
20,8,Uniform,6.266168967913488,0.5154547419705015,1.0,0.46851990651925496,3.3546428176963063,14,0.4682336182336182,33,2.2603233408191095
20,8,HubSpoke,5.470931134960132,0.5284241602031959,0.9894736842105264,0.2600981176158552,3.238807439752813,10,0.5216332378223489,29,1.9734663083115085
20,9,Fixed,7.057248754240331,0.8846175096583657,0.9157894736842105,0.09582789774235134,2.7040612271744284,3,0.6441649899396376,22,2.138004092247523
20,9,Uniform,7.271030807558987,0.6216113971391699,1.0,0.3956779340970348,3.290351076125685,12,0.42465181058495816,31,2.2027696858607193
20,9,HubSpoke,5.449589799820455,0.7209701821751675,0.9657894736842104,0.1633996032110963,3.181386659059441,8,0.5183962264150943,27,1.650961401365634
20,10,Fixed,9.080999441096989,0.9789588015799322,0.8605263157894736,0.04254223638290852,2.9174553163920147,7,0.5176113360323888,26,3.01830687852204
20,10,Uniform,6.706147749905052,0.5576005515564111,1.0,0.4338577507191479,3.3559518790205294,13,0.3852112676056336,32,2.2289630137317102
20,10,HubSpoke,6.291249332583032,0.5958176587650735,0.9947368421052631,0.3572119402523978,3.252110866755921,10,0.4978021978021978,29,2.091060709584042
20,11,Fixed,8.62946112161911,0.8727367263067833,0.8894736842105262,0.05490812693671661,2.7819742675684727,6,0.535805422647528,25,3.2615238732425036
20,11,Uniform,5.689245074134715,0.5455483746483861,0.9973684210526315,0.24715903671552725,3.3265101646197888,13,0.4084415584415584,32,2.1502627300250445
20,11,HubSpoke,4.917763402100311,0.5609000448368541,0.9947368421052631,0.20840248940502212,3.18027468835629,9,0.5625641025641022,28,1.8586795296783296
20,12,Fixed,9.389048903212181,0.9720286007650659,0.9078947368421051,0.07728315752870757,3.062917847802735,10,0.5478571428571426,29,3.187886005298461
20,12,Uniform,6.0139590062283625,0.6101262893569155,0.994736842105263,0.22113871279764558,3.215555117614802,10,0.45595238095238133,29,2.0419337411092804
20,12,HubSpoke,5.749585163351684,0.6265940532510827,0.994736842105263,0.17747856293401265,3.1493914022400897,8,0.5002403846153842,27,1.9521702642585848
20,13,Fixed,5.569748787166614,1.0726201005703875,0.8289473684210525,0.03515301916794361,2.663961960606121,2,0.47806183115338907,21,1.87699932719041
20,13,Uniform,5.225037920257251,0.6341324605518662,0.9973684210526315,0.24288145725739313,3.057002201036716,7,0.4050228310502282,26,1.760832137252703
20,13,HubSpoke,4.6258094478882805,0.6495894769434716,0.9605263157894737,0.10155743736510703,2.90122869869366,4,0.5136538461538462,23,1.558892789097278
20,14,Fixed,6.830257209277395,1.1176833557510775,0.881578947368421,0.055046589798591866,2.792153088469602,4,0.49947994056463596,23,2.1747022722234606
20,14,Uniform,6.6505911393297445,0.595928578951413,1.0,0.40479312477649754,3.311162933883366,12,0.3791878172588832,31,2.117497953471612
20,14,HubSpoke,5.1532958388741905,0.6184699049045781,0.9789473684210526,0.21062669663483635,3.1487228975941775,7,0.5324561403508774,26,1.6407704463921697
20,15,Fixed,6.296342907147633,0.9860032967032254,0.9026315789473685,0.06471474581594776,2.7452441270661643,3,0.5104612850082371,22,2.2257947440832377
20,15,Uniform,6.948637274021568,0.592473741473955,1.0,0.350993304620206,3.354241487793235,14,0.38654822335025396,33,2.4563846904686124
20,15,HubSpoke,5.494227774656161,0.5971398734449197,0.9947368421052631,0.25278728739329215,3.1421411152067598,8,0.4358585858585857,27,1.9422422641154744
20,16,Fixed,6.966275044575089,1.1815929321939798,0.8894736842105264,0.062470684147746654,2.6712578240143494,3,0.641176470588235,22,2.034544638866569
20,16,Uniform,8.982529163098452,0.6768985388117715,1.0,0.40922596122745725,3.405948000827354,16,0.43685714285714283,35,2.6234043926353867
20,16,HubSpoke,6.859176355620558,0.7386486649281011,0.9868421052631579,0.2398003849991287,3.143012580447623,9,0.5769444444444445,28,2.0032657901206004
20,17,Fixed,9.081940737070173,1.0164413425229026,0.9052631578947367,0.061182808581382815,2.784259212082158,5,0.5197347893915756,24,3.0112165206865766
20,17,Uniform,6.63669720599652,0.5606603830330772,1.0,0.2841988958250106,3.3060169710695573,12,0.38689839572192497,31,2.2004693542999445
20,17,HubSpoke,5.091852860030105,0.5777023237423851,0.9894736842105262,0.2661184007168767,3.138670751817638,7,0.4106683804627249,26,1.688259359637063
20,18,Fixed,10.455863917850547,1.0561067328999518,0.9394736842105263,0.1277237871468958,2.9925101349599426,7,0.5690184049079756,26,3.5188912324006134
20,18,Uniform,6.50595237583739,0.5261249203996828,1.0,0.4248763018333743,3.4062848106016466,14,0.38142076502732225,33,2.1895597488281475
20,18,HubSpoke,4.691589348343978,0.5557278706262042,0.9868421052631579,0.2058743203852068,3.123093611740867,6,0.4798029556650245,25,1.578941037643649
20,19,Fixed,10.575785367241357,0.9096812531945866,0.9289473684210524,0.10187149728288822,2.986977581570191,7,0.6743956043956043,26,3.5695333269078633
20,19,Uniform,6.246377172022479,0.5173543604234943,0.9947368421052631,0.33368164942724754,3.415460148431407,14,0.4279104477611939,33,2.108273826834168
20,19,HubSpoke,5.30779712930396,0.5540151284021263,0.9921052631578947,0.2744622767590932,3.2418447779773474,9,0.513440860215054,28,1.7914848011385502
20,20,Fixed,7.348908458189187,1.0903483516388668,0.8868421052631579,0.05059063382002091,2.6605974479542582,3,0.505346820809248,22,2.381238963627782
20,20,Uniform,7.308949310408692,0.6147094989276957,1.0,0.3453443032256329,3.3268825058879283,13,0.39803149606299226,32,2.368291152372596
20,20,HubSpoke,5.936414329911789,0.6539559368205018,0.9842105263157894,0.14904614353349394,3.213714575189148,9,0.5007352941176471,28,1.9235538430026191
20,21,Fixed,7.801639890060984,1.153789032645658,0.8763157894736843,0.05180856123226659,2.730015992533515,4,0.5229411764705882,23,2.379621551384158
20,21,Uniform,7.450096473487076,0.6797021330457163,0.9973684210526315,0.3151206175488571,3.2228931159367082,11,0.4124678663239074,30,2.272395339701123
20,21,HubSpoke,6.003064614442325,0.7098526406104588,0.9578947368421054,0.24358370880451147,3.0908914966156016,7,0.525471698113207,26,1.831028108472067
20,22,Fixed,8.175140936820315,1.1826280595133534,0.8710526315789474,0.042919994323371416,2.7833993605277714,4,0.48216145833333335,23,2.6142901533234286
20,22,Uniform,5.205480219935044,0.637933855307005,0.9973684210526315,0.22803796462016498,3.1163031077126346,7,0.37083333333333335,26,1.6646362169737812
20,22,HubSpoke,6.704526339567321,0.6119477948689572,0.9973684210526315,0.30047945010240995,3.264659553077708,11,0.38192612137203197,30,2.1440091770510437
20,23,Fixed,5.22824093165495,0.9095085031852145,0.8842105263157893,0.06403342788009567,2.6046508290759625,2,0.5503086419753087,21,1.835406802580607
20,23,Uniform,6.6367944562895875,0.5560358577258233,1.0,0.3599742900531349,3.32364540800675,13,0.3722535211267606,32,2.3298883604714296
20,23,HubSpoke,4.886311440620456,0.624050135863339,0.994736842105263,0.19579547313790474,3.05741760643459,6,0.4433333333333336,25,1.7153703080786253
20,24,Fixed,7.5953156131131765,1.077743954164264,0.8473684210526315,0.03599940162785949,2.761375480440584,4,0.4817904993909863,23,2.427934658717233
20,24,Uniform,6.233370582542822,0.5822783118888957,1.0,0.30246284492782366,3.2493170383395458,11,0.41172248803827705,30,1.9925724287026587
20,24,HubSpoke,5.168102585686493,0.5998277777363068,0.9842105263157894,0.2717092447067605,3.1462316509819632,8,0.4718181818181817,27,1.6520466069811248
20,25,Fixed,8.117566499228262,1.1997498688208725,0.8894736842105262,0.06278261178166557,2.8177495204242153,4,0.6315929203539821,23,2.7939907112290516
20,25,Uniform,6.607245831192065,0.6072634881763993,1.0,0.2435122631657033,3.2639228896620645,12,0.4739651416122006,31,2.274152417588763
20,25,HubSpoke,4.931082011007623,0.6652305152186633,0.9947368421052631,0.1839957608298636,2.9871740361599883,5,0.5015274949083501,24,1.6972324570884376
20,26,Fixed,7.752526551326632,1.153396954864403,0.8999999999999998,0.06770850583760023,2.8087441977820293,4,0.44354330708661394,23,2.470746303390743
20,26,Uniform,7.73352171644149,0.6097675748773885,1.0,0.41726003664882205,3.378636411546375,14,0.45244565217391264,33,2.464689423065582
20,26,HubSpoke,5.922574299291369,0.6912186368471053,0.9657894736842104,0.2308319597306319,3.163644304711573,8,0.5630790190735697,27,1.8875367223382296
20,27,Fixed,6.331503457442748,0.9729248527118205,0.9026315789473683,0.06929216247299266,2.771781454931283,3,0.5642857142857141,22,2.089791315490265
20,27,Uniform,5.678868148957005,0.5213825202478666,1.0,0.3164959512143136,3.215689728718727,10,0.4409090909090907,29,1.8743809301018517
20,27,HubSpoke,4.576224912701905,0.5622331436722121,0.9842105263157894,0.18249461271158643,3.005805871896464,5,0.6264044943820228,24,1.5104398417492475
20,28,Fixed,6.790421260774462,1.181767767969355,0.8342105263157895,0.0370889419148588,2.8091963749476716,3,0.4985642946317108,22,1.8027271693070561
20,28,Uniform,7.699599446660348,0.6293822522739188,1.0,0.4052987618738999,3.389198770217493,13,0.4374285714285713,32,2.0440966152508055
20,28,HubSpoke,6.518439460565072,0.6619268539500155,1.0,0.3693510620830162,3.2539772313487223,9,0.43677685950413214,28,1.7305211953379847
20,29,Fixed,8.359395338644795,0.8299778258560898,0.9105263157894736,0.07863445393500633,2.8797128267808225,7,0.5888257575757578,26,3.049820033529311
20,29,Uniform,6.819449493707767,0.5771114268437992,0.9973684210526315,0.33599927759158477,3.325588894900098,14,0.5037634408602147,33,2.4879902003681287
20,29,HubSpoke,4.970655231979646,0.6491230479107561,0.9605263157894735,0.17213144666452324,3.010210774384799,6,0.5926395939086293,25,1.8134809148428728
50,0,Fixed,9.262207630725417,1.549074222574975,0.9008163265306122,0.01164147982610163,3.3134693028312787,1,0.5912961941533372,50,1.8708030648811984
50,0,Uniform,7.184228801358954,0.7114935571098718,0.9951020408163265,0.05521967973318199,3.919636924956337,10,0.4176927710843368,59,1.4510878827424285
50,0,HubSpoke,6.590843388785679,0.7774499228924464,0.9657142857142857,0.029345158960462386,3.8550403458163314,6,0.5300281162136835,55,1.331234464123812
50,1,Fixed,10.097129280705097,1.610966030386302,0.9216326530612244,0.019965393761113438,3.3711908399045507,2,0.5574154966198648,51,2.0874013643718663
50,1,Uniform,8.760950273945884,0.6958499738244894,0.9963265306122449,0.07766168752313155,4.0704661090841725,19,0.4063937007874021,68,1.8111701897266055
50,1,HubSpoke,6.340937210099137,0.8838512322436719,0.9457142857142855,0.02759228635175317,3.782319853342907,3,0.5495007648449453,52,1.310875657405961
50,2,Fixed,8.620698928307801,1.6985970115736262,0.9204081632653061,0.01896937693282168,3.3523124830007527,0,0.5863569302445968,49,2.0383770726485975
50,2,Uniform,6.734603582329515,0.5869059796378732,0.9934693877551021,0.0691379306963001,3.9691699757179384,16,0.42359339704604726,65,1.5924070252030322
50,2,HubSpoke,5.237410031947949,0.7057712602999986,0.9444897959183673,0.030157944137573327,3.67972685937536,2,0.5864840320871807,51,1.2383933852655802
50,3,Fixed,13.447707168021376,1.0061368362982204,0.9187755102040814,0.017872257654775767,3.4698230010979945,8,0.6150350810052301,57,2.942866096682879
50,3,Uniform,7.251894434247723,0.6277819310144942,0.9938775510204081,0.0744771089891543,3.999394169911279,14,0.4261881103306493,63,1.5869883245242427
50,3,HubSpoke,5.792983234432411,0.7558859109280415,0.9375510204081634,0.020722226732714455,3.8447002673980606,5,0.5986131586131587,54,1.267723467373198
50,4,Fixed,11.055513663107106,1.4192271165512362,0.9085714285714285,0.013240897001399526,3.3918128374044354,4,0.5942158005127012,53,2.271850782003943
50,4,Uniform,8.081114561632253,0.6332473318263362,0.9979591836734695,0.10218452254004219,4.016827583554932,15,0.37230686115613176,64,1.6606271762453721
50,4,HubSpoke,6.959537293672044,0.7990002248137715,0.9481632653061225,0.03418684525373687,3.8178687055699436,5,0.5791606133979015,54,1.4301488582820687
50,5,Fixed,11.475406450833521,1.3370907324151704,0.9159183673469389,0.014542750567450585,3.388047898318507,4,0.6093233458177281,53,2.325809341190122
50,5,Uniform,8.365263702221972,0.6766724564086706,0.9983673469387756,0.08410493225297662,4.058766473617191,18,0.37632752613240394,67,1.695452665969259
50,5,HubSpoke,6.250914608986585,0.9208256900610761,0.923265306122449,0.016491689411598277,3.718467050453559,0,0.6400603400987377,49,1.26692118931498
50,6,Fixed,11.994099662087509,1.236644098804313,0.9040816326530612,0.011784207369579419,3.4666173611367994,6,0.5291415994130595,55,2.458082920076721
50,6,Uniform,8.874972888589976,0.6344920756853694,0.999591836734694,0.11730085426396937,4.073728449126985,21,0.4371686068343976,70,1.8188459232620822
50,6,HubSpoke,5.894966229821008,0.8143393507067715,0.9285714285714285,0.022601294649845317,3.7299862801685615,2,0.5587343183718985,51,1.2081203435181496
50,7,Fixed,10.178924870618225,1.2221994208894622,0.9391836734693878,0.03159242878076559,3.3373444339140286,3,0.6213857971468877,52,2.13556320594554
50,7,Uniform,8.328991198381383,0.6421406987325706,0.9967346938775511,0.0800735548464978,3.980269401545266,17,0.42861106107007707,66,1.747442620118997
50,7,HubSpoke,6.0498724355587,0.8887045917673884,0.9314285714285715,0.02402830537138845,3.7080401536734438,3,0.5320022185246809,52,1.2692779579636086
50,8,Fixed,9.917213838927141,1.406243179251457,0.9081632653061225,0.014822651103553968,3.375689089375653,4,0.5517969451931719,53,2.2241534053425194
50,8,Uniform,8.089998061787895,0.6480114217950812,0.9955102040816327,0.08055029619106281,4.01396023937635,18,0.4096776491540517,67,1.8143600642866125
50,8,HubSpoke,5.8007890636146415,0.7763219443844325,0.9416326530612246,0.03577153625565119,3.6994430789554067,2,0.5866920877025739,51,1.3009545784794625
50,9,Fixed,9.840017682850652,1.3630498642109785,0.9159183673469387,0.013376664396341144,3.365852330497108,2,0.6267493043258283,51,1.9048313752602315
50,9,Uniform,9.017724451655663,0.6824058633376555,0.9918367346938776,0.06975293778649373,4.115756198122791,21,0.41080014614541494,70,1.7456517887058134
50,9,HubSpoke,6.43004552863226,0.8073537498923007,0.9608163265306122,0.03573600748162456,3.7681561702442012,3,0.5498147873759076,52,1.244728704973445
50,10,Fixed,11.644170871130727,1.3259369592347043,0.9257142857142857,0.020848470348537717,3.421564316184384,5,0.5622693920335429,54,2.4656541113595187
50,10,Uniform,8.184248202347204,0.6161456650852559,0.9983673469387756,0.10636443637142155,4.040965871810083,18,0.41235250737463147,67,1.733015210085505
50,10,HubSpoke,6.600607816287344,0.7078522124275078,0.9685714285714286,0.05750703339563274,3.8240250401582796,5,0.5799546313799624,54,1.397679231936612
50,11,Fixed,11.845629031102451,1.121503949885149,0.9269387755102041,0.014467199256760587,3.460069902229115,6,0.586511388495689,55,2.5630384978823764
50,11,Uniform,8.167290219785244,0.6526257074064579,0.9918367346938776,0.05190250239178884,4.030829895644645,18,0.4183027763226823,67,1.7671564086402587
50,11,HubSpoke,6.002722137124973,0.7528996132807487,0.9485714285714286,0.03295104741261094,3.7829990650972483,4,0.6149767750497674,53,1.2988088592970404
50,12,Fixed,12.423031429048947,1.3399014299266077,0.9351020408163265,0.023806270804787876,3.4563948005659433,5,0.5981124321150739,54,2.4829092705075597
50,12,Uniform,9.072526617723728,0.6640770092559404,0.9951020408163265,0.08906842206918553,4.064679602792414,19,0.4070152671755729,68,1.813265995077447
50,12,HubSpoke,6.09546789001276,0.8310508888222774,0.9379591836734694,0.0278312980409309,3.790459116930949,3,0.583415071770335,52,1.2182609227571168
50,13,Fixed,12.009558996526161,1.484551389981882,0.9171428571428573,0.014516252182004748,3.4805296114015816,5,0.6511500719612717,54,2.3331478084226953
50,13,Uniform,8.595520421246258,0.6965659498021065,0.9938775510204081,0.05632828876500933,4.073205855262798,17,0.42044063647490826,66,1.669888098212778
50,13,HubSpoke,6.601334608597686,0.8398567837463823,0.9420408163265306,0.03190145576648818,3.7985952671144316,3,0.5985638793907362,52,1.282469188016785
50,14,Fixed,11.352542311449088,1.3429607531036536,0.900408163265306,0.010910510726991068,3.441132729116414,5,0.6048022722307191,54,2.3755413408481028
50,14,Uniform,8.77673719781914,0.6158461181574955,0.9963265306122449,0.10067383569131642,4.089817970264686,19,0.4112180337185072,68,1.836549160460022
50,14,HubSpoke,5.672604008693111,0.8392987653515581,0.9253061224489797,0.016549080241372225,3.7848731536515468,2,0.626535411539513,51,1.1870033128457094
50,15,Fixed,14.211951082261923,1.6839928689693788,0.9024489795918369,0.010353848091347852,3.3304365427602085,5,0.6214791360398053,54,3.0391151114293855
50,15,Uniform,8.50923327964409,0.6600813180506314,0.9963265306122449,0.09409940951524147,4.04538273891606,19,0.39017070979335133,68,1.8196332999711051
50,15,HubSpoke,5.9068624066024675,0.7968114493506968,0.9575510204081634,0.031098971872607857,3.7917624360217697,3,0.5681822255414493,52,1.2631365459345916
50,16,Fixed,7.571834058664549,1.6382241880880264,0.9016326530612245,0.01189441168931721,3.4081630659272193,0,0.5788695555801839,49,1.516609284688513
50,16,Uniform,8.849192765269565,0.6688357543506417,0.9979591836734695,0.07617282881559136,4.008149892677802,16,0.3918432708688244,65,1.7724593283246455
50,16,HubSpoke,6.651321761457578,0.9196133622308866,0.9240816326530612,0.017620091523702183,3.7746709654669743,4,0.6160735215769846,53,1.3322342064977124
50,17,Fixed,9.903158256937967,1.5221069183936466,0.9191836734693878,0.013774715686698647,3.4132482543366676,2,0.5949823143001516,51,2.064941083163519
50,17,Uniform,8.679855628053454,0.6675829514877483,0.9967346938775511,0.07384342630020066,4.042117598354296,18,0.38973316840431127,67,1.8098661070814328
50,17,HubSpoke,5.712693791697801,0.9231613688740331,0.9240816326530612,0.019999584345948288,3.7257830906559257,1,0.5532592318142522,50,1.19117313890704
50,18,Fixed,11.853564757839212,1.2579388298027359,0.8951020408163265,0.010587721696404817,3.4172662167437085,5,0.6388612742882964,54,2.6714749976323815
50,18,Uniform,7.46098860791794,0.6424695293873155,0.9946938775510205,0.0671893891347056,3.9489485520602736,15,0.3624269149109911,64,1.6815063595523971
50,18,HubSpoke,5.545915537730909,0.740197028730414,0.936734693877551,0.02172131211031302,3.703106323360456,3,0.5557371477127886,52,1.2499003464954146
50,19,Fixed,11.808690452399881,1.3853479095853118,0.8869387755102041,0.009455041759635272,3.4182862749695424,6,0.5619436592260454,55,2.60637506332566
50,19,Uniform,8.721131762557267,0.6492916822840965,0.9979591836734695,0.09757206284964494,4.091922267036108,20,0.3853214562354763,69,1.924899330838763
50,19,HubSpoke,6.970189771140231,0.8528096899586146,0.970204081632653,0.03188914629909433,3.7679754530048664,4,0.5182649283759861,53,1.5384372110842672
50,20,Fixed,11.89002719583941,1.2290266178054994,0.8889795918367348,0.00954862666029823,3.5004069449872266,6,0.5888565529446463,55,2.3967438309757028
50,20,Uniform,8.489752358400343,0.6349499473168929,0.9979591836734695,0.10225407238028314,4.052796565278227,17,0.3830103550295858,66,1.7113301135785113
50,20,HubSpoke,6.4044597532544705,0.771270726827717,0.949387755102041,0.0250556019503546,3.8410547291839157,4,0.5686278495716568,53,1.2909852224489515
50,21,Fixed,9.946644123706221,1.3584001425314207,0.8955102040816327,0.011715912403364701,3.3781894342222305,2,0.5739010815919352,51,2.014841106755888
50,21,Uniform,8.266106946036052,0.658988814909315,0.9963265306122449,0.07348129770082074,4.076645544834533,17,0.44908326029798395,66,1.6744232386900786
50,21,HubSpoke,6.7834703035496124,0.7475243137124514,0.9677551020408163,0.033960340650118215,3.863180038615333,7,0.5366900603884448,56,1.3740930754197835
50,22,Fixed,9.628356638968022,1.3943799745014338,0.9073469387755102,0.011809155937790127,3.453761954443109,2,0.6036375661375664,51,1.8574754091357901
50,22,Uniform,8.52127353618237,0.6203059753973661,0.9955102040816327,0.09305316024004052,4.075816325084577,19,0.3839559575304756,68,1.6439000591148438
50,22,HubSpoke,5.756549275736765,0.8471497178114857,0.9228571428571428,0.01689567525292463,3.731510342816911,1,0.5791890157833952,50,1.1105372517968481
50,23,Fixed,8.764385026879646,1.3379642339975628,0.9220408163265306,0.020086679459139358,3.416403231473184,2,0.5557715736040607,51,1.8174852303388045
50,23,Uniform,8.842346938157547,0.6340090864791078,0.9959183673469388,0.08684989811749899,4.118876803299529,22,0.39847898338220933,71,1.8336523227066095
50,23,HubSpoke,5.583469101193409,0.8084619565061898,0.9318367346938775,0.02228793198844691,3.7650924076927597,1,0.5758561549100967,50,1.1578533570067282
50,24,Fixed,14.246397872352757,1.3577747165373935,0.9126530612244897,0.014845158455371031,3.3848815542919843,8,0.5491156938133521,57,3.0580444870129573
50,24,Uniform,8.460712669471548,0.6991808792024271,0.9963265306122449,0.07734717489653135,3.995316094379879,18,0.3679366222542313,67,1.8161247472449853
50,24,HubSpoke,5.837775734478135,0.8964902202343997,0.9477551020408163,0.03071692658586238,3.7196870855949142,2,0.5253557422969188,51,1.2531011741489875
50,25,Fixed,9.858803685280414,1.4557906968755305,0.9244897959183673,0.016602911412267184,3.4623131024910196,2,0.6447941217246635,51,1.9963396012689747
50,25,Uniform,8.932056870600885,0.6631872829283662,0.9955102040816327,0.07869897134622092,4.05970325002638,19,0.40823089983022043,68,1.8086797770595833
50,25,HubSpoke,6.195356008170434,0.8952896151763202,0.9281632653061225,0.014655802372562596,3.7748625270115497,2,0.5791387685440463,51,1.2545167687572762
50,26,Fixed,12.58624908625206,1.1607780907204426,0.8893877551020409,0.009525113348269769,3.3787188364886607,7,0.58588583843571,56,2.7623328590738883
50,26,Uniform,7.573755058576219,0.5967707435183014,0.9971428571428572,0.0860762867202228,4.031583296553815,16,0.3948698884758366,65,1.6622293362789395
50,26,HubSpoke,5.536923200630233,0.8156456971234789,0.9424489795918367,0.014393797348291803,3.766593586179378,2,0.5338559924206538,51,1.2152011922262025
50,27,Fixed,10.640875796181042,1.3353536075609842,0.9240816326530612,0.017571918999203486,3.485205173102622,3,0.573682584631227,52,2.1554133100671717
50,27,Uniform,9.170636397431073,0.6585696721481676,0.9975510204081632,0.0953933238302569,4.106521111861408,21,0.3948204446133379,70,1.8576019616640478
50,27,HubSpoke,5.730744950592657,1.0272152545471291,0.9020408163265304,0.01061326182611389,3.762514894817039,1,0.5512288180752425,50,1.1608183555286646
50,28,Fixed,9.821963523310759,1.157922643596943,0.9032653061224489,0.011922320899159731,3.452176498971627,2,0.6093336340060886,51,1.9149697520224807
50,28,Uniform,8.323196957109365,0.6347115055063244,0.9983673469387756,0.11278018080873035,4.077945645601123,18,0.3895996935452979,67,1.6227580539433144
50,28,HubSpoke,6.239703829362859,0.8114609683025855,0.9387755102040815,0.02072435876931661,3.8160656768484227,3,0.5691853932584268,52,1.2165433180901322
50,29,Fixed,11.626614268367952,1.3402853309540859,0.8963265306122448,0.01037560919057271,3.4475908264885096,5,0.5779577750710514,54,2.446630728291346
50,29,Uniform,7.506419835384572,0.7026786438725591,0.9946938775510203,0.06854409477207178,3.977002950017572,14,0.39386885245901593,63,1.5796032279727081
50,29,HubSpoke,6.2516622508721715,0.9041923343256768,0.9326530612244898,0.02265031501919877,3.786332741423165,4,0.5480602636534841,53,1.315560025715892
100,0,Fixed,7.159049555947793,1.0575278154038952,0.8940404040404039,0.0028471268303494734,4.385431984948634,0,0.5759301901536857,99,1.1277437629126363
100,0,Uniform,8.149563799477992,0.905090975848124,0.9632323232323232,0.006229012569977279,4.47384759583342,7,0.5350751938659932,106,1.283776522776585
100,0,HubSpoke,7.133160689742348,0.9656974014886727,0.932121212121212,0.005006795139803953,4.406724174393035,0,0.6064087279685026,99,1.123665566894589
100,1,Fixed,7.046837359359041,1.4068571516375405,0.8631313131313131,0.001894758241506972,4.44182805311072,0,0.5699649333067005,99,1.0647256259948783
100,1,Uniform,9.101831891923315,0.7981572489025023,0.9912121212121212,0.013728318965889457,4.554736973540706,13,0.4931912129981997,112,1.3752202817562487
100,1,HubSpoke,7.334705056344095,1.090763831505949,0.9238383838383837,0.00438149977400723,4.433117473547865,0,0.572253782031491,99,1.1082203312429066
100,2,Fixed,7.890589082678383,1.3330291314738152,0.8895959595959595,0.002865172204537967,4.41895048387387,0,0.5502539831418385,99,1.1544271413199012
100,2,Uniform,8.367107602046659,0.9350770355506712,0.9520202020202021,0.005402508153089359,4.538022898375104,8,0.5738232167442185,107,1.2241438514839011
100,2,HubSpoke,7.553895807330256,1.050131351351247,0.9225252525252526,0.0051988775773326645,4.434706844344691,0,0.5959324331107876,99,1.1051674661183335
100,3,Fixed,9.06515695499925,1.2237792391935383,0.8893939393939394,0.002620998316052273,4.302153162545329,0,0.6083966769409863,99,1.2980684395205728
100,3,Uniform,8.456546832621353,0.8151242814991709,0.9795959595959596,0.011055601288583756,4.488593068461781,5,0.5301274023357097,104,1.2109196349545557
100,3,HubSpoke,7.729764179840581,0.8908381855597701,0.9326262626262627,0.006159160334360069,4.437523054333651,0,0.5895599839994181,99,1.1068493327359619
100,4,Fixed,7.551726197288146,1.1276525795380876,0.8998989898989899,0.0030058073414931065,4.400761703883245,0,0.6065082128006414,99,1.1430877436861264
100,4,Uniform,8.167321855829357,0.853706260908031,0.9723232323232323,0.007967787680563875,4.517484983621284,7,0.5506183797280688,106,1.2362690685860602
100,4,HubSpoke,7.093547390918293,1.0287539515059947,0.9174747474747474,0.004040149266934811,4.460314727507381,0,0.614251021118956,99,1.0737342522729718
100,5,Fixed,8.437648204222311,1.0997145632733882,0.908989898989899,0.0033644259786461423,4.33737717602119,0,0.6257557128291251,99,1.2347351587608442
100,5,Uniform,9.227381859974555,0.7779220953866554,0.9926262626262627,0.01533923312648439,4.546450218918716,11,0.4841399304213372,110,1.350301947896005
100,5,HubSpoke,7.579764531398269,0.9412080221856114,0.9352525252525251,0.006390695663641943,4.441262294656187,1,0.6007701367781153,100,1.109195540691361
100,6,Fixed,7.480581212508808,1.397940721026239,0.8907070707070708,0.002468004527793377,4.323514286431622,0,0.609625215660252,99,1.1773363918283273
100,6,Uniform,8.490206473539432,0.73517506131415,0.9886868686868686,0.018660088275774568,4.537495221164672,10,0.4977613089509143,109,1.336236954251588
100,6,HubSpoke,7.3975185048352925,0.8131094754602207,0.9444444444444445,0.008795399902744245,4.406205761100752,0,0.6302253694041304,99,1.1642635107553563
100,7,Fixed,8.632018873919582,1.4967403634664056,0.8825252525252525,0.0022304535490127895,4.346102287447434,0,0.5884209181500726,99,1.2612925660075023
100,7,Uniform,8.566947993956171,1.1173309010929924,0.9429292929292928,0.004086503818977706,4.422861021575017,3,0.5948686639676113,102,1.2517845449570166
100,7,HubSpoke,7.432523831208627,1.0081259091788761,0.933030303030303,0.00551103723240343,4.442222703423908,0,0.6149494370597697,99,1.0860248560508854
100,8,Fixed,6.774415763930853,1.0048647178973462,0.9155555555555556,0.0040505423472510325,4.414752039623203,0,0.6140465223754137,99,1.0579565028818978
100,8,Uniform,7.824003422347866,1.066649724036853,0.9279797979797979,0.003477146948381021,4.449094006911839,5,0.6197032734619148,104,1.2218699866806162
100,8,HubSpoke,6.912905955725319,0.9503180161811333,0.9310101010101011,0.005754364319538281,4.41761380394916,0,0.6233420617169456,99,1.0795844342194483
100,9,Fixed,8.808701660549994,1.4893113663125546,0.9153535353535353,0.0035082001129946765,4.373636836990262,0,0.6680679937740641,99,1.2241485277753759
100,9,Uniform,8.624331242332858,1.195506420792247,0.9361616161616161,0.003689957978415208,4.5294763643229325,5,0.6358943549460787,104,1.19852650256403
100,9,HubSpoke,7.8281729888118345,1.0054885599204613,0.9223232323232324,0.004164038472435614,4.474122489747875,0,0.6467874656557577,99,1.0878840956031017
100,10,Fixed,7.9188354411400725,1.389973934743013,0.8738383838383839,0.002074047159959515,4.377404960788691,0,0.5847757750371851,99,1.176127422196597
100,10,Uniform,8.081768971763639,1.0116153939414296,0.9448484848484847,0.004524118741820718,4.47344978861282,5,0.5638278447994782,104,1.2003267624639957
100,10,HubSpoke,7.85651418407888,0.8995606572229289,0.9491919191919191,0.012146876806557301,4.400737740787903,0,0.6141638744326419,99,1.1668712960957015
100,11,Fixed,8.270969180830766,1.0322104292676142,0.9193939393939394,0.0043640191497736095,4.343486656852021,0,0.6273610924256696,99,1.1783034578191731
100,11,Uniform,8.23465493455027,0.9406431739237622,0.9674747474747474,0.006401823243567564,4.503620335221678,5,0.5564324757942651,104,1.1731300372653188
100,11,HubSpoke,7.613167148165936,0.8936647180247996,0.9439393939393939,0.009500193633928298,4.45498780318806,0,0.6104002819488645,99,1.0845912951084427
100,12,Fixed,8.31659759783897,1.62449919806615,0.8981818181818181,0.0028017030811694488,4.187135955021987,0,0.604263776954912,99,1.329868109463187
100,12,Uniform,8.223681773810867,0.850012291862328,0.9821212121212122,0.008352224883735406,4.532386707388935,11,0.5390467394796017,110,1.315010375902581
100,12,HubSpoke,7.004879235110063,0.9620071290774023,0.9193939393939392,0.004796222543553517,4.407860918776566,0,0.5804290305469748,99,1.1201173792314254
100,13,Fixed,10.179351212399666,1.4624034628486524,0.9185858585858585,0.003559190101835454,4.215155092547007,0,0.6566517541794203,99,1.450782988766411
100,13,Uniform,8.289809900164201,0.8227990039017604,0.9853535353535352,0.01099055153422978,4.525835985312289,6,0.5037068275564858,105,1.1814815043040883
100,13,HubSpoke,7.536323509464494,0.9798595763455026,0.9316161616161616,0.00539862393960932,4.459221961259341,0,0.6285780989438574,99,1.0740930062471046
100,14,Fixed,8.69858811656924,1.632246871062863,0.898080808080808,0.002775168522417328,4.328590665047212,0,0.5925130834418089,99,1.2432957763384902
100,14,Uniform,8.603021558582112,0.9542396112839856,0.9701010101010101,0.008927022653404322,4.486509502485811,5,0.5501847557054045,104,1.2296363759493307
100,14,HubSpoke,7.605374571518765,1.1296526203105612,0.9182828282828283,0.003477779919919103,4.425598093980501,0,0.6259937090769034,99,1.0870419377864293
100,15,Fixed,9.169134918759875,1.7939015482722478,0.9207070707070707,0.004868971694936905,4.095441769423404,0,0.5668619954875909,99,1.372916133695837
100,15,Uniform,8.045458457577698,0.9095740910141972,0.95,0.005506007206866613,4.475584102632167,5,0.5482086145295753,104,1.204665414704355
100,15,HubSpoke,7.163217938894078,0.8744674606830297,0.9326262626262627,0.004950650949036534,4.431785045516267,0,0.6022753732302555,99,1.0725654671484797
100,16,Fixed,6.992572850562858,1.3770428872570428,0.8746464646464644,0.0020354039077087544,4.43725236479723,0,0.5959837003145549,99,1.059769056492895
100,16,Uniform,8.542225329365786,0.9040547768447523,0.9781818181818182,0.009263820706903826,4.492692708128827,7,0.5737717875119601,106,1.2946287827266605
100,16,HubSpoke,7.755980297418761,1.037920279967173,0.9447474747474746,0.0082570271152038,4.38449133035612,0,0.5793664982510691,99,1.1754683287012648
100,17,Fixed,7.984311035131412,1.5720441722017304,0.8736363636363638,0.002038473073262631,4.411075758740932,0,0.6040666379846069,99,1.1712531981334582
100,17,Uniform,9.088490177300727,0.8529058059958938,0.9881818181818182,0.013725756903936653,4.55901163122311,12,0.4856010099938466,111,1.333230023170408
100,17,HubSpoke,7.640889893505318,1.195765046135618,0.9131313131313131,0.0034594776438791903,4.418594942842088,0,0.6103355825461085,99,1.1208752621204
100,18,Fixed,8.679402488042365,1.3707345271035258,0.8925252525252525,0.002655025020834787,4.247900985271698,0,0.6018147231755662,99,1.3079719276391373
100,18,Uniform,8.733938029620395,1.1782862001476622,0.952222222222222,0.0038286294072037517,4.499045116664393,8,0.553292460963694,107,1.3161903456167496
100,18,HubSpoke,7.369735750348849,1.0687482508077515,0.9227272727272726,0.003582768418761588,4.449989213409203,0,0.6439568124968098,99,1.1106072669005826
100,19,Fixed,7.176789312771639,1.0114859385615451,0.9184848484848485,0.004099538664740686,4.428578668880937,1,0.6236918702713121,100,1.056059617224603
100,19,Uniform,8.45170980033395,0.9197127376254457,0.9728282828282828,0.00792394333870845,4.478232084122062,8,0.5771149418261095,107,1.2436632911531176
100,19,HubSpoke,7.484659339900052,0.8734562281508641,0.9478787878787878,0.010327749455480864,4.406959154065529,0,0.6351914695256959,99,1.1013624802229036
100,20,Fixed,6.794100699518612,1.157244033383808,0.8837373737373736,0.002323379929482914,4.467462374487748,0,0.5974327780897124,99,1.0244429764779053
100,20,Uniform,8.394438586513738,1.0608844792054044,0.938888888888889,0.003779014549128488,4.522062311307741,8,0.6007767231990038,107,1.2657486298427147
100,20,HubSpoke,7.276965414427225,0.9644298094431478,0.9347474747474745,0.007243547413033206,4.418469506135933,0,0.6068771903380188,99,1.09725134180169
100,21,Fixed,7.956441189356846,1.118086066106649,0.8993939393939392,0.0028351343107964116,4.294598598047158,0,0.617409802586794,99,1.2292184460101134
100,21,Uniform,8.174244865567491,0.8868990579324078,0.9722222222222223,0.009079036146681818,4.461839671836997,6,0.5382474353210447,105,1.2628676982367337
100,21,HubSpoke,7.106459413346975,0.9048040057888774,0.9384848484848485,0.008738326000996829,4.4234478063045675,0,0.5598649046097137,99,1.097901786591906
100,22,Fixed,7.213374973337645,1.2557401890591542,0.8757575757575757,0.0020700525613725398,4.4916711513427074,0,0.5818403958445699,99,1.041647622698536
100,22,Uniform,8.964045522649192,0.771890270632197,0.9932323232323231,0.017422884029196894,4.549690966416892,9,0.5015586274772963,108,1.2944532542592282
100,22,HubSpoke,7.36421519498114,1.0169513095157856,0.9274747474747475,0.005273601833286196,4.486280883457849,0,0.6119761440334193,99,1.0634297092894909
100,23,Fixed,7.37852934635686,1.4700679722246335,0.8627272727272728,0.0018740423107458872,4.435953444579105,0,0.5566771535580526,99,1.0615926080907003
100,23,Uniform,8.853949422867911,1.0062871505157291,0.9677777777777777,0.005745390103114385,4.497858096879449,6,0.5970924038906906,105,1.2738700110160006
100,23,HubSpoke,7.84425289730966,0.9914738299648224,0.9317171717171716,0.006063633437415427,4.4150985615533065,0,0.6007848784878489,99,1.1285990067776364
100,24,Fixed,7.872708723932907,1.1870844917935959,0.8917171717171718,0.0027477877752633147,4.349835713903189,0,0.5957063251023373,99,1.1848306437990013
100,24,Uniform,8.023557777561885,0.8514235963652945,0.9802020202020202,0.011887992966103432,4.494626341382473,7,0.5925936431133725,106,1.207533196071049
100,24,HubSpoke,7.305549225656821,1.115437026609426,0.9103030303030303,0.0037122191589236456,4.45336159830454,0,0.6129336406357566,99,1.0994740051828233
100,25,Fixed,8.977454559687725,1.5905732946383926,0.9134343434343434,0.004195883404934916,4.229561001849641,0,0.6113674824165642,99,1.329580036457833
100,25,Uniform,8.269591264215183,0.8541549017684178,0.9706060606060606,0.007593778322523169,4.551594328271333,10,0.5326843070678686,109,1.224743982992553
100,25,HubSpoke,7.226336963520585,1.1547229457520605,0.9157575757575758,0.0036420819962814854,4.447090670304926,0,0.6108781715635241,99,1.0702358112240329
100,26,Fixed,8.867998191495328,1.543861175857077,0.8963636363636363,0.0025272399565782226,4.095644708674252,0,0.6114679296346415,99,1.3892557146854538
100,26,Uniform,8.070385194387004,0.8300024670379843,0.9829292929292928,0.012349220230021484,4.457549832110606,6,0.4739765324701599,105,1.2643021016589175
100,26,HubSpoke,7.280360003863772,0.9234513695815764,0.9351515151515152,0.005750361421375945,4.393642677043944,0,0.599538817900473,99,1.1405371902347763
100,27,Fixed,8.550457297709077,1.4862480428081188,0.876868686868687,0.0021343230968512168,4.3803156411345805,0,0.5790782740240865,99,1.2144693366249997
100,27,Uniform,8.961637349626372,0.9474768358711027,0.9783838383838384,0.009243523239951373,4.515421375008617,7,0.5372857499471935,106,1.2728715422028494
100,27,HubSpoke,7.495181446173603,1.000471940382946,0.9294949494949496,0.004872349281124027,4.44955527945327,0,0.6216091146536966,99,1.0645825973842755
100,28,Fixed,8.468434080149601,1.3361632988875225,0.8948484848484847,0.0027046587959487513,4.335542920369669,0,0.5771604529417012,99,1.2583091879987385
100,28,Uniform,8.605511254635493,0.8232522294318345,0.986060606060606,0.01153881059724573,4.54957102097504,10,0.4814705947404503,109,1.2786772355607805
100,28,HubSpoke,7.49217138747229,1.0908661757586222,0.9232323232323232,0.0044924318648994575,4.423683075553561,0,0.5975762762070893,99,1.1132480935307814
100,29,Fixed,8.994960494975565,1.0673837125752785,0.92010101010101,0.004219556362579241,4.289823824152578,0,0.6562631764765221,99,1.3249525988252322
100,29,Uniform,8.053556610093207,0.8426548969751366,0.9672727272727273,0.0073446175545020045,4.499784166768054,7,0.5759768142546438,106,1.1862843384681379
100,29,HubSpoke,7.213617252900148,1.0185822202090025,0.921010101010101,0.00366453395345003,4.427683619735982,0,0.6544830054886981,99,1.0625617457129863
