trial,lambda,n,cost,efficiency,robustness,algebraic_connectivity,network_entropy,cyclomatic_number,betweenness_gini,num_edges,steiner_ratio
0,0.0,50,12.129048455940117,1.4935609132148924,0.9028571428571429,0.01234103121112294,3.3479151585026323,5,0.6148960345415293,54,2.552830947420739
0,0.1,50,6.790364879665117,1.6449419311286313,0.8555102040816326,0.007272309742020562,3.6564553351418763,2,0.5634556233353378,51,1.4291849580828813
0,0.25,50,8.551021643345669,1.1205716404898043,0.977142857142857,0.026237796357533906,3.8017060229817248,7,0.5280500133014099,56,1.7997547592042649
0,0.5,50,10.420241254085095,0.798709453298201,0.9959183673469388,0.07603163025017319,3.96706422974401,16,0.4177656001414176,65,2.1931740523298027
0,0.75,50,7.923712925645361,0.7425286880998261,0.9951020408163265,0.0696954958292137,3.903950754508835,11,0.43837093935029614,60,1.6677235356544997
0,0.9,50,8.217382561622365,0.690600422528976,0.9963265306122449,0.07017922227259388,3.987628316903865,15,0.38782321211066617,64,1.729532913180131
0,1.0,50,9.05591947780392,0.6783475200501884,0.9963265306122449,0.08844860442959829,4.013673866038377,18,0.3658417477510554,67,1.9060218601869061
1,0.0,50,12.827540052232175,1.512865567478675,0.9008163265306122,0.01029467664219021,3.461747472998624,6,0.5357508087237814,55,2.5627707943880536
1,0.1,50,9.774182343311434,1.2480709133247896,0.9342857142857143,0.015985674779397465,3.7243711502404895,6,0.5445506546332783,55,1.9527507960579744
1,0.25,50,9.498640036994328,1.109636820409135,0.9653061224489795,0.02834401787571015,3.857838329501789,7,0.5494924901185771,56,1.8977011316349872
1,0.5,50,9.887888293182867,0.8537226017543824,0.9877551020408163,0.05187224537931802,4.0145283220144155,16,0.41283624184734724,65,1.97546772278688
1,0.75,50,9.981185656848998,0.6637684933177094,0.9975510204081632,0.11260353093993929,4.099842962265276,22,0.4092604147550012,71,1.9941072871790688
1,0.9,50,9.125889203875344,0.6386521447808116,0.9971428571428572,0.10933177846872981,4.061425073847937,19,0.3605488389944347,68,1.8232305047796913
1,1.0,50,8.394503243831087,0.6568964188433412,0.9967346938775511,0.10406740987936024,4.037423412976707,17,0.35858976744186033,66,1.6771093802153036
2,0.0,50,12.43705122912363,1.501306573349203,0.8979591836734693,0.009674166055859702,3.504364510273408,6,0.49536087414933405,55,2.54179257505182
2,0.1,50,8.469540156045605,1.5191631082451624,0.9,0.012001021805116687,3.6618352956658233,4,0.5937082601054482,53,1.730941996309273
2,0.25,50,7.872542478105849,1.1211713010760365,0.9485714285714286,0.014695860863929565,3.717053190616908,5,0.4949900223030872,54,1.6089320248815542
2,0.5,50,9.491367108375954,0.9497541157137779,0.986938775510204,0.047841021605202746,3.8598324076041752,11,0.4355118644067797,60,1.939775433799594
2,0.75,50,8.504413953020665,0.6696565088688871,0.9975510204081632,0.09231896228861514,3.9920397732130297,16,0.39555440593205726,65,1.7380692450905193
2,0.9,50,8.722050541711477,0.6389256774924111,1.0,0.0954031331304286,4.014236729610619,17,0.36940754039497303,66,1.7825482019592123
2,1.0,50,7.6754844504026805,0.6504155603583348,0.9918367346938776,0.05699870394124471,3.980311595903044,14,0.4189928772569156,63,1.5686587621569168
3,0.0,50,12.324494537375324,1.3228228978951135,0.8922448979591836,0.010248292263910256,3.4820138504371,6,0.5941482552137103,55,2.49497669453231
3,0.1,50,7.467539565553267,1.4270851392127697,0.8938775510204081,0.010069585057991945,3.7428439826428317,3,0.5941806981519504,52,1.5117323574651964
3,0.25,50,9.287488476602542,0.9844618548845739,0.9673469387755101,0.027305035009971057,3.874133517971101,9,0.5687622912439521,58,1.8801637040439267
3,0.5,50,10.41707570534861,0.7934865655675771,0.9951020408163267,0.09306060621661304,3.9933322290757136,16,0.4375460122699384,65,2.10883789442277
3,0.75,50,9.364258891817595,0.7142658024679618,0.9975510204081632,0.1066943727243147,4.0362258255037515,18,0.43773280869402287,67,1.895705144401603
3,0.9,50,9.868619907610919,0.6541421871115046,0.9987755102040816,0.12331360997638563,4.100692653685378,22,0.419038802442387,71,1.9978082348138588
3,1.0,50,8.869027684250977,0.7368520616290725,0.9914285714285714,0.05166057957754551,4.092485246907523,20,0.42220119172800574,69,1.795450296826577
4,0.0,50,10.946165931106458,1.3479522054089756,0.9106122448979592,0.014438981266655352,3.3874660749287786,4,0.5821713600958658,53,2.2208875853497165
4,0.1,50,7.666855396652931,1.515623556496306,0.9118367346938777,0.0150788425036184,3.672882971417282,2,0.6235219201567477,51,1.5555422854234797
4,0.25,50,9.046997032618028,1.2042314478267773,0.9583673469387756,0.029997984547612502,3.8245243401657376,6,0.5414115621862001,55,1.835561741060336
4,0.5,50,9.550735225619091,0.8670778769143318,0.9938775510204081,0.06299706239919935,3.9626043234565205,12,0.41742616033755264,61,1.9377661024909756
4,0.75,50,10.867082770618715,0.7119308577211353,0.9991836734693877,0.11752809302579262,4.160746908705566,25,0.36059075168058663,74,2.2048422585711105
4,0.9,50,9.525239120806908,0.6840499599225351,0.9991836734693877,0.11368454131213407,4.141545726207831,23,0.412324951644101,72,1.932593151248638
4,1.0,50,9.300630461002921,0.6930268935404617,0.9987755102040816,0.11066337721991548,4.090718743834191,20,0.3819778080591787,69,1.8870218902920364
5,0.0,50,11.852354789761796,1.2829912154393666,0.8983673469387756,0.011070617341254245,3.4825090500030416,5,0.5803838447748602,54,2.505689620791334
5,0.1,50,7.886090489849964,1.4684815130096442,0.9053061224489797,0.012390341955458068,3.6291750495985227,1,0.6299586630447622,50,1.6671872754017885
5,0.25,50,8.285127320748144,0.8866661744920753,0.9767346938775511,0.03975557421875489,3.8328541241136396,8,0.47768129620890365,57,1.7515470893991494
5,0.5,50,8.610239005083317,0.8499105434601747,0.9881632653061224,0.06660899822423984,3.873098283996507,10,0.3897311649518749,59,1.82027849235549
5,0.75,50,8.732094335420324,0.7002996713300735,0.9910204081632653,0.07383425686819267,4.045672379792594,19,0.33828958804102194,68,1.846039755992931
5,0.9,50,8.530348835969777,0.6213312505126136,0.9971428571428572,0.09840090945724984,4.033508819212422,18,0.40084987938393013,67,1.803389024304468
5,1.0,50,8.162045317209413,0.5999936919781219,0.9979591836734695,0.09722983982875748,4.0782719080500796,19,0.4095811119573496,68,1.725526496509068
6,0.0,50,5.6703280261626094,1.2525601588977244,0.8714285714285714,0.008039939237360344,3.6847430865889264,0,0.5909852540621774,49,1.1779743655874237
6,0.1,50,6.34939691574759,1.2463110650765552,0.8975510204081634,0.012636429945137183,3.751562301509581,0,0.5832610581092799,49,1.319046582345997
6,0.25,50,8.332156439985482,0.9831064923770376,0.9628571428571427,0.01937403782699829,3.904898160246246,7,0.5894198736358411,56,1.7309521867307922
6,0.5,50,10.031993193062968,0.7541431229426773,0.9955102040816327,0.08872407291125188,4.059868206582976,17,0.4244534412955463,66,2.0840823957010373
6,0.75,50,9.10078089364886,0.6545972639714033,0.9987755102040816,0.1342713051306042,4.049154313992314,17,0.3838906249999998,66,1.8906289989013645
6,0.9,50,8.906070042070592,0.6302371324523696,0.999591836734694,0.1118851486676367,4.0789779340333245,19,0.39675048355899434,68,1.8501790653520844
6,1.0,50,8.654747133042697,0.6498193489101661,0.9951020408163265,0.06954827418331115,4.083892745868283,19,0.42688859959085,68,1.79796833910243
7,0.0,50,8.896632165980389,1.8228111498203443,0.9110204081632652,0.013277970057827935,3.499843466513078,0,0.6141511238641797,49,1.7307536302664843
7,0.1,50,8.365436294323212,1.4110925613737917,0.9020408163265305,0.015523826654703733,3.7703765122441526,4,0.5576265490443186,53,1.627414617693976
7,0.25,50,9.728790638661867,1.1903601120222682,0.970204081632653,0.036636076159448895,3.8834432294099557,8,0.5271644554149955,57,1.892642002257164
7,0.5,50,9.67236913821476,0.7697776373673991,0.9955102040816327,0.08684678084983494,3.993685640238135,15,0.41126428697028294,64,1.8816657457477268
7,0.75,50,9.866270393888172,0.6772299866975913,0.9979591836734695,0.11526858216982433,4.012679278081252,17,0.42190709903593326,66,1.91938735724171
7,0.9,50,9.79438474318383,0.6071403560329116,0.9983673469387756,0.15213448143254368,4.122020570143315,23,0.3920095124851368,72,1.905402700059146
7,1.0,50,9.049868995993046,0.6086179549890754,0.9979591836734695,0.13525387512898673,4.09827551895653,20,0.39450454007106184,69,1.7605643715545285
8,0.0,50,8.767436589406431,1.5196689112347352,0.8779591836734695,0.008425115839630473,3.410990543545181,2,0.526163680561808,51,1.88894049167339
8,0.1,50,7.271510035709204,1.4015774834363746,0.8420408163265306,0.006064683331782431,3.6950868001076094,3,0.5421370425985932,52,1.5666437506553377
8,0.25,50,8.004216460225319,1.0763725455857152,0.9534693877551021,0.019067373271736323,3.779111388293349,5,0.5550133638793435,54,1.724505038805404
8,0.5,50,9.594621133704077,0.779995046067994,0.9918367346938776,0.051893066396015076,4.02386292077674,17,0.39453122220245507,66,2.067157050627255
8,0.75,50,9.503980351997487,0.7042729679818542,0.9987755102040816,0.09436589514459677,4.097955548544301,21,0.41297828910744094,70,2.047628532682867
8,0.9,50,9.321796632947112,0.6726253418019531,0.9987755102040816,0.10373126538690326,4.078293524345229,20,0.39304860088365223,69,2.0083771277449958
8,1.0,50,9.11438088438801,0.6820278615901764,0.9963265306122449,0.08897016199400895,4.101320264526338,21,0.3919239543726234,70,1.9636894927597102
9,0.0,50,13.325043942881646,1.2511848722442565,0.9224489795918367,0.016475840892153284,3.4704081619776583,6,0.5928901807152789,55,2.730956503139861
9,0.1,50,9.201231311030948,1.4325273171924853,0.9318367346938775,0.016994872873373156,3.6337298452165863,3,0.599787467936973,52,1.88578458678763
9,0.25,50,9.945063078404175,1.0390280534948644,0.9722448979591838,0.02739039090681442,3.804212315604224,9,0.4731682090364724,58,2.038232279347406
9,0.5,50,8.785828983133985,0.8200240638581265,0.9910204081632653,0.04165212736190665,3.972344337802858,14,0.37116526085598256,63,1.800648230490983
9,0.75,50,7.855578638524246,0.6855561096196279,0.9918367346938776,0.05251067879922936,3.9465020842971583,13,0.4670688345236287,62,1.6099942079564302
9,0.9,50,7.9492254619076785,0.6521257567101774,0.9942857142857143,0.06465753271152733,3.9820115234363853,15,0.4094855580242691,64,1.6291870453244448
9,1.0,50,8.345111934728697,0.62616817529966,0.9934693877551021,0.07630513345175904,4.035990510632601,18,0.4348548621190129,67,1.7103236436043492
10,0.0,50,11.830813615063327,1.1588449546772672,0.9146938775510205,0.013438298412653782,3.407891924115279,5,0.6383343801030026,54,2.544111811423761
10,0.1,50,8.093483537445808,1.0219884047671308,0.9138775510204081,0.01135399763408453,3.642690279567189,4,0.6115627037600522,53,1.7404320390072705
10,0.25,50,8.408179582338185,1.2175741473094481,0.9485714285714286,0.025629056269420976,3.746457305521409,6,0.5694516829533114,55,1.8081046396304148
10,0.5,50,8.148866959457388,0.663432029775258,0.9873469387755103,0.04320557883564472,3.9119761367510106,13,0.4719440515480118,62,1.7523417539838744
10,0.75,50,8.406122943297174,0.6004436956825846,0.9975510204081632,0.11019464025871119,3.980463230861355,17,0.41129900632339655,66,1.8076623775978686
10,0.9,50,7.808166136246768,0.5838881354007616,0.9959183673469388,0.11170489879207243,4.014384795810876,17,0.4423281393217231,66,1.679077055824119
10,1.0,50,7.4205871813939295,0.587736879031661,0.9922448979591839,0.08725928265161143,4.017641581906245,16,0.4226029120977888,65,1.5957316301430886
11,0.0,50,10.03894181936858,1.5720206675352224,0.9151020408163265,0.014362387518815654,3.4614308463863703,1,0.5981041718094295,50,2.122690074781479
11,0.1,50,8.706118676952087,1.2543408554165938,0.9351020408163266,0.01617662068421081,3.7442449466476595,3,0.522067379556169,52,1.8408704859491078
11,0.25,50,9.589764496699317,1.131247246218883,0.9657142857142859,0.024069156527945224,3.8471726931258043,8,0.49908059525563586,57,2.027713506353978
11,0.5,50,10.566798470066319,0.8159637733834697,0.9959183673469388,0.09140888714993567,4.014925869765914,18,0.43021144920061904,67,2.2343030409191753
11,0.75,50,9.594315831498111,0.6929744230569536,0.9983673469387756,0.1087677264571961,4.015321638662264,19,0.3873827980804725,68,2.0286758660705937
11,0.9,50,9.183834064682246,0.6573643946513947,0.9991836734693877,0.11180045109916703,4.02790055630183,20,0.42147053389987077,69,1.9418813026617576
11,1.0,50,8.169411386771822,0.6667872632219466,0.9963265306122449,0.0642890758489052,4.032586646813023,18,0.4426232876712328,67,1.7273860910370384
12,0.0,50,11.352470481940538,1.3735802727852184,0.9285714285714285,0.022426945500658237,3.4578780850283253,5,0.5033760972316004,54,2.3341867509603347
12,0.1,50,8.822861300647437,1.2858142969486401,0.943265306122449,0.023309587566576653,3.636753349139307,4,0.571341071178856,53,1.8140726273010876
12,0.25,50,8.919391012990104,0.9999264874061798,0.9808163265306122,0.036930155658025356,3.7963667572376445,5,0.5215870206489679,54,1.8339201464805208
12,0.5,50,10.151685020031552,0.8251929108529727,0.9942857142857143,0.07020125886138319,4.044118345031324,16,0.44418308009754237,65,2.0872926920510855
12,0.75,50,10.218567934889307,0.6712868924880753,0.9991836734693877,0.10830229784371476,4.153327684315406,24,0.40346872461413485,73,2.1010445193713974
12,0.9,50,9.046429718825065,0.6602874943106289,0.9991836734693877,0.10203222759608398,4.121001477033168,21,0.3911521274528851,70,1.8600406340423106
12,1.0,50,8.644837877401377,0.6661655417789217,0.9987755102040816,0.08700823592169024,4.090693366947815,19,0.36514518217125924,68,1.7774691482114395
13,0.0,50,13.248605376120112,1.4043710367747169,0.9155102040816325,0.013614676271522706,3.4515791708916934,5,0.5652453703703701,54,2.68610957533918
13,0.1,50,9.037433676541179,1.5297752189244778,0.9089795918367346,0.013446010971458415,3.759797579958502,6,0.5715078457861373,55,1.832308869189006
13,0.25,50,9.764295977685927,1.183582903083452,0.9559183673469388,0.022878578960674422,3.817679712516572,6,0.620460182279994,55,1.9796777228630034
13,0.5,50,9.249558001291437,0.8714617499969185,0.9869387755102043,0.038069506570559845,3.936376847633114,12,0.4121811320754718,61,1.8753163528975207
13,0.75,50,8.210905807221236,0.7910111397824049,0.9877551020408163,0.03248104902006161,3.972930871797343,14,0.4240589007143898,63,1.6647331613287146
13,0.9,50,8.629916527247872,0.6904648040024061,0.999591836734694,0.08279221228296418,4.057156531516364,19,0.35522062640595253,68,1.749686156401085
13,1.0,50,8.299550326249456,0.6532720781454119,0.9987755102040816,0.09785989366482707,4.0235747564571955,17,0.3694545454545457,66,1.6827055353713605
14,0.0,50,11.275140947565598,1.4862383662342726,0.9314285714285714,0.025587526253576808,3.495137292056867,3,0.6594139194139195,52,2.325514282087443
14,0.1,50,6.99253507112866,1.298938101566066,0.8873469387755102,0.009710770760926175,3.684265671450372,1,0.5920178282009725,50,1.4422205674881587
14,0.25,50,8.650311666118302,1.037269876352965,0.9620408163265306,0.024030517446041844,3.8783822609619776,9,0.4949907709782764,58,1.7841394105506991
14,0.5,50,10.070264135296416,0.7622115188371655,0.9938775510204081,0.09732812861210155,4.022580521303705,17,0.4068674928503335,66,2.0770066804425213
14,0.75,50,8.82407979779094,0.6463146883896512,0.9979591836734695,0.11535730803513869,4.049713396839089,18,0.39171807814544746,67,1.8199793414088246
14,0.9,50,8.017372236290607,0.6101155330668141,0.9979591836734695,0.1124074118409832,4.042373322343008,17,0.3906393664284338,66,1.6535947290601862
14,1.0,50,7.979387117577132,0.6234449164539808,0.9979591836734695,0.09834517944096496,4.044734675708725,17,0.3680256700641751,66,1.6457602428674398
15,0.0,50,10.950615653783393,1.4792845095242066,0.9204081632653061,0.016546433421050936,3.3960847826648695,3,0.5882032761511673,52,2.284124688014631
15,0.1,50,8.294391302881609,1.4760751904435014,0.8938775510204081,0.010940659095792404,3.6633928361834673,1,0.6207977332170882,50,1.7300784308341746
15,0.25,50,9.746256477918735,1.114175289054394,0.9583673469387755,0.020188128479327407,3.83699517216277,8,0.5023261961406289,57,2.032914471730673
15,0.5,50,8.185578200048214,0.7703670546255386,0.993061224489796,0.054644815241633685,3.8562114501568527,9,0.4323903200624515,58,1.7073817439611072
15,0.75,50,8.77471371136453,0.6312430335370164,0.9963265306122449,0.08264000174715332,3.993483954739025,17,0.41557887373207403,66,1.8302660646722264
15,0.9,50,8.691470076288166,0.6206933878443698,0.9951020408163265,0.08904915627213884,4.043816669221595,19,0.39371365880416875,68,1.8129027631000165
15,1.0,50,7.4808445569956605,0.6099919057503851,0.9934693877551021,0.08020496007042213,3.990867412688608,14,0.3900394406597345,63,1.5603854869958942
16,0.0,50,12.26105542681609,1.700003368865568,0.893469387755102,0.009853940186125017,3.435414225829676,4,0.5876830282861896,53,2.5404721070510674
16,0.1,50,7.992406823172456,1.4630021723349484,0.8706122448979592,0.008341343498651793,3.7086054532970043,4,0.540351406513444,53,1.6560145840354348
16,0.25,50,7.105159534332246,1.246979240487488,0.9318367346938775,0.014184002342411416,3.7738725853837907,3,0.4991882404563406,52,1.472178290103881
16,0.5,50,10.070717766700826,0.8441971406824997,0.9975510204081632,0.0645507592104233,4.009265393863796,16,0.36445180407878697,65,2.086637462573704
16,0.75,50,8.737108411255607,0.686437228205523,0.9979591836734695,0.08002754158841316,4.039397460832396,17,0.3791732566498922,66,1.810315624748792
16,0.9,50,7.942873309033214,0.6735953524714368,0.9955102040816327,0.07784315439432235,4.008502708781742,14,0.39582617837743106,63,1.645751314956678
16,1.0,50,7.46694416804784,0.6760419038927588,0.9946938775510205,0.07623942151315104,3.973054072279312,12,0.3980176440062273,61,1.5471395180503746
17,0.0,50,10.037875970576666,1.3252069253918615,0.9257142857142857,0.017862386895259298,3.4967909294528745,2,0.6670898409514256,51,2.1554037967760107
17,0.1,50,6.994412137434832,1.3564540833100946,0.8955102040816325,0.012825473447578067,3.731574685364428,3,0.5967082716310552,52,1.5018896947356046
17,0.25,50,8.971321141053735,0.9093501366161492,0.9612244897959183,0.022547898854999075,3.8013605630140637,8,0.5790666100975814,57,1.9263855925501374
17,0.5,50,8.908678700905497,0.8164522882051561,0.9914285714285714,0.07305980590029419,3.8933900015597565,12,0.4484784010315923,61,1.9129345642917088
17,0.75,50,9.124875173407228,0.6802394671902894,0.9946938775510205,0.07867461443729327,4.018358081650977,19,0.3884964718653878,68,1.95935780154287
17,0.9,50,8.833232495808646,0.6313231362269732,0.9955102040816327,0.07042096586964344,4.033559319766646,19,0.4323076923076923,68,1.8967342209725881
17,1.0,50,7.670833726250724,0.7249699886243967,0.9840816326530611,0.030957659826366113,3.9490242501828416,14,0.36897799216159166,63,1.6471357273652822
18,0.0,50,6.384997697451612,1.344359284791378,0.8861224489795919,0.010051972534252522,3.6789499143687014,0,0.5983979328165376,49,1.3199583931336778
18,0.1,50,6.617804322440405,1.2259802009624439,0.9130612244897958,0.015239427683450142,3.7063437500705114,0,0.636771347002336,49,1.368086062585106
18,0.25,50,9.265379132393303,1.0082035102670848,0.9779591836734692,0.03860557224778481,3.8989108894860576,9,0.4495540170664949,58,1.9154141521851122
18,0.5,50,9.601172775501045,0.8631748812888418,0.9877551020408163,0.053211898828133535,4.045417942666773,17,0.37915426251691486,66,1.9848321314207042
18,0.75,50,9.438463713046474,0.7139343161290577,0.993061224489796,0.05744294654087773,4.09168403278435,21,0.42221010029913764,70,1.9511955973446558
18,0.9,50,9.127285659393824,0.6859219250961122,0.9955102040816327,0.08211823729578666,4.057709463042168,19,0.3744537502326448,68,1.8868663519571822
18,1.0,50,9.074978759308763,0.6609280282208078,0.9951020408163265,0.08245466319364736,4.08325935162894,20,0.3837218116353991,69,1.8760530462901126
19,0.0,50,12.180889730121736,1.3160679865939713,0.8930612244897961,0.009461212900593695,3.509515943038444,6,0.5792874896437448,55,2.554707125486417
19,0.1,50,7.921400132671481,1.5770509121747442,0.8820408163265308,0.008225484479456686,3.7439530634860096,5,0.5513416911176312,54,1.6613611822395697
19,0.25,50,8.074345685661322,1.07022106543638,0.9555102040816327,0.016653999329455944,3.819615139785764,6,0.5351674394641939,55,1.6934385676105563
19,0.5,50,8.593564703716469,0.8261675321793884,0.9910204081632653,0.04539703523021807,3.9465673761698508,11,0.4452086330935252,60,1.8023347611154856
19,0.75,50,8.142936408127904,0.705052595236779,0.9938775510204081,0.074815781672995,4.019297071767217,15,0.44770497427101197,64,1.7078241512017385
19,0.9,50,8.354617292309683,0.6402984815456919,0.9967346938775511,0.08040568987597317,4.099003603570763,19,0.40422186892775147,68,1.7522201415710768
19,1.0,50,7.891502027587078,0.6493722524075767,0.9938775510204081,0.061787695062443325,4.0567375512681805,17,0.3908158669669153,66,1.6550906302692334
20,0.0,50,13.19620075612577,1.131318446121733,0.9191836734693877,0.015723915646146128,3.5066934949914312,9,0.5932533503509889,58,2.5995907504732787
20,0.1,50,7.867737174137646,1.1929180803098096,0.916326530612245,0.015420668061245667,3.611641947179355,3,0.5966807279739663,52,1.5499079745015714
20,0.25,50,9.20945622893735,1.3927538787725897,0.9351020408163266,0.015325962139397378,3.7950651917577414,7,0.5513877837584835,56,1.8142204466327598
20,0.5,50,10.046925668770479,0.9286461447712706,0.9893877551020409,0.04395611396476222,3.964869645455282,13,0.3798672776109968,62,1.9791980678305598
20,0.75,50,10.014217129102791,0.7316796313924693,0.9991836734693877,0.10224235475875623,4.063177652212549,19,0.3957112375533427,68,1.9727546362131576
20,0.9,50,8.971706612159444,0.7166251226119686,0.999591836734694,0.10141314069831146,4.052321053674154,17,0.40643249176728813,66,1.7673848675046153
20,1.0,50,8.142720468180878,0.7730226835168514,0.9946938775510205,0.05797026486714158,3.996247116626965,14,0.43559594659803746,63,1.6040784165053144
21,0.0,50,12.185366703994847,1.6909977566858114,0.906530612244898,0.014639964174722695,3.3936534378020595,5,0.5109768637532135,54,2.5772467040823464
21,0.1,50,7.532778795371691,1.6012204580723985,0.9008163265306122,0.01326464437991026,3.555469139464367,1,0.5633777395788571,50,1.5932084601597138
21,0.25,50,8.089878226274323,1.1133927424203995,0.9469387755102041,0.021981856627866357,3.765236004158667,6,0.49178380998545834,55,1.7110368938062164
21,0.5,50,8.32626168543291,0.9339597178299044,0.9742857142857143,0.028707224673684622,3.8475132709975726,8,0.47387119209903994,57,1.7610328033110427
21,0.75,50,7.814443607998157,0.716945469731262,0.9877551020408164,0.04407890570799401,3.9405790232789006,12,0.4879911560328489,61,1.6527815306820435
21,0.9,50,8.367055885043856,0.662129103552617,0.9987755102040816,0.08832642771578383,4.016117930243392,17,0.4026186352615173,66,1.7696609159519632
21,1.0,50,8.226958855260733,0.6384724158407264,0.9983673469387756,0.10037124389261184,4.053279722359405,18,0.38117985611510763,67,1.7400299153402288
22,0.0,50,12.109184138108123,1.5002080041563688,0.8824489795918367,0.008368264306238434,3.43095089524161,4,0.5830511811023622,53,2.4881116195132895
22,0.1,50,8.233261789077027,1.2896134826320869,0.8759183673469387,0.008105569703760177,3.740437951869977,4,0.6320922703358962,53,1.6917138339179503
22,0.25,50,8.989788992234924,1.0960433374881036,0.9697959183673468,0.023437655882508162,3.8546272017746754,8,0.48726449539944494,57,1.8471598245963232
22,0.5,50,9.069485560732625,0.75102045893765,0.9963265306122449,0.08025948034069505,3.9673951295588306,14,0.40749278560516045,63,1.8635353256914322
22,0.75,50,9.025018491126868,0.6997438295617237,0.9971428571428572,0.0929634814294537,4.043040479372044,18,0.4652438162544168,67,1.854398538992186
22,0.9,50,7.8939087939046795,0.689969964178889,0.9971428571428572,0.09127887798326306,3.973623783084101,14,0.4119590540063538,63,1.621985921552017
22,1.0,50,8.0218709699466,0.6781341822626771,0.9967346938775511,0.08400076649067569,4.0083590233500885,16,0.41932657618965874,65,1.6482787067171327
23,0.0,50,8.233226589985469,1.2019160195824439,0.9028571428571428,0.01413146248036309,3.3552483790430627,2,0.5822878400372005,51,1.7393724976256055
23,0.1,50,7.915440432512703,1.0697618028478735,0.9220408163265305,0.014734692836080013,3.7678138323518184,4,0.6162700502753171,53,1.6722361815783116
23,0.25,50,9.151321409701314,0.9783938632937115,0.9767346938775511,0.03395627582808911,3.911777928725228,10,0.5083427551324013,59,1.9333315563461184
23,0.5,50,10.3545592263975,0.7413906982673134,0.9967346938775511,0.09402006150267599,4.002508720087933,17,0.4094913439228982,66,2.187530653576129
23,0.75,50,9.683212248262404,0.668129127635279,0.9987755102040816,0.08539773209184341,4.035704526724612,20,0.3823429781227943,69,2.0457001746782675
23,0.9,50,9.199090519899203,0.6528894084087041,0.9987755102040816,0.0829563205109947,4.035706519389506,20,0.3873916238060249,69,1.9434233806881471
23,1.0,50,8.067083704823382,0.6667481993587672,0.993469387755102,0.05771847929776883,3.967975064054502,16,0.39088888888888906,65,1.7042727269623505
24,0.0,50,12.511519040827583,1.4127453961214538,0.9048979591836733,0.01032681542458891,3.4391494089906463,6,0.5547245017584996,55,2.4928453910118313
24,0.1,50,7.640518450706315,1.4230590956161633,0.903673469387755,0.011673100671560957,3.7547487088486613,4,0.5314473127380452,53,1.5223276360473206
24,0.25,50,8.742598970819033,0.95464216115544,0.9779591836734695,0.029903169288661356,3.925364908757188,9,0.44764863586185166,58,1.7419105928507168
24,0.5,50,8.635281819924973,0.7590771162346404,0.9893877551020409,0.05072264311986308,3.9964404317880855,13,0.4210572687224665,62,1.7205282919398688
24,0.75,50,9.471578879142747,0.6408275902438275,0.9979591836734695,0.11323687867178152,4.088534211780919,20,0.4085400492330997,69,1.887155482673847
24,0.9,50,8.876548283101148,0.6333152056347457,0.9979591836734695,0.11712459584106741,4.077808559594717,19,0.3927167630057804,68,1.7685991927451055
24,1.0,50,8.035813328033752,0.6812296284084621,0.993469387755102,0.06420542142727267,4.028864512888703,16,0.42499565746048296,65,1.6010877777871608
25,0.0,50,8.82472223216648,1.4188712835309703,0.886530612244898,0.008668729074593028,3.4652632428693604,1,0.5535968992248061,50,1.8374993215871849
25,0.1,50,7.887904807065875,1.4616028909757135,0.866938775510204,0.007592176414711205,3.696710810197468,4,0.48778209473423173,53,1.6424335350631816
25,0.25,50,7.865308458295915,1.3655905211328936,0.8946938775510204,0.01060114335812302,3.7538897701249065,4,0.5654448292924292,53,1.637728483227804
25,0.5,50,9.215275018091415,0.7473158769487126,0.9942857142857143,0.07152875949812895,3.9205957727852,13,0.4728394286611206,62,1.9188209156612992
25,0.75,50,7.273383619254409,0.7295831210712593,0.9967346938775511,0.061141112430668436,3.934328125205331,11,0.4230253090052969,60,1.5144768429433315
25,0.9,50,7.611569603740429,0.6800040502138465,0.9975510204081632,0.06660868463968861,3.9964155687038514,14,0.37091733083294276,63,1.5848945287032603
25,1.0,50,7.8945129209687055,0.6566975612071673,0.9979591836734695,0.07846804253484675,4.023778618470714,16,0.3614510433386837,65,1.64380948826533
26,0.0,50,9.953590404313925,1.4785397443456731,0.929795918367347,0.018588593276125193,3.3506871395523397,1,0.6555416852429781,50,2.288922365416866
26,0.1,50,8.235354294886566,1.2311958549759576,0.9008163265306124,0.011560745448582186,3.5014737794643764,3,0.6569851825924629,52,1.8937977018351089
26,0.25,50,7.846768722791768,0.9016773656531614,0.9730612244897959,0.03493296132713714,3.720441265830518,8,0.5032892143058292,57,1.8044387699605762
26,0.5,50,7.692038747905148,0.7339039444691364,0.990204081632653,0.0651398584492464,3.818533674031374,11,0.432885388201254,60,1.7688571470755439
26,0.75,50,7.41997196131232,0.6488331827565461,0.9959183673469388,0.08022617157992656,3.8570179692599758,12,0.42540593096742807,61,1.7062928132599264
26,0.9,50,6.929336026177946,0.6548236737980858,0.9979591836734695,0.0672581318085834,3.8530866281066993,12,0.4364430955993934,61,1.5934664340752294
26,1.0,50,6.085235000694343,0.7430496129662868,0.9612244897959183,0.0193345116729714,3.7965421375164943,8,0.4771863503742231,57,1.3993574103541648
27,0.0,50,11.932231651499157,1.423545266592823,0.9118367346938776,0.011574758385275266,3.4451938051048363,4,0.5576340110905726,53,2.472489688095122
27,0.1,50,7.815930172188913,1.3301244669695633,0.9212244897959184,0.020371091377324096,3.7021244393328985,2,0.6107211856556838,51,1.619546730068777
27,0.25,50,8.893061297226822,0.9911781425566994,0.973469387755102,0.030203823484355123,3.8859844752080517,9,0.47699077574474535,58,1.8427401508106485
27,0.5,50,9.916403994026574,0.8409646968606539,0.9946938775510205,0.07535796190483052,3.966352995758702,14,0.4466370534888022,63,2.054788017389483
27,0.75,50,9.582206733385624,0.7111328678418584,0.9967346938775511,0.08656849145493317,4.022837411786641,18,0.42895234563322826,67,1.9855386678245528
27,0.9,50,8.754652314767197,0.6673805991647594,0.9971428571428572,0.08049673817804778,4.050024304411095,19,0.40970211229463827,68,1.8140602867360882
27,1.0,50,8.464880697285183,0.6529577391772622,0.9959183673469388,0.09421941366623318,4.017967707011491,17,0.3612680756395994,66,1.754016419247402
28,0.0,50,8.901205674474369,1.4713910546924123,0.9216326530612245,0.015776713397618096,3.4695011999572283,1,0.6388590514362058,50,1.829509894870079
28,0.1,50,7.887537237606903,1.2922263948898471,0.9175510204081633,0.01580743529385964,3.7734167162557526,3,0.6714376070628543,52,1.6211654859003326
28,0.25,50,9.474521082479855,0.9844330567249197,0.9706122448979592,0.02778567040819101,3.873933380310554,10,0.5278349245457346,59,1.947346315034525
28,0.5,50,9.160691484449211,0.8107674204127816,0.9934693877551021,0.08352100041425571,3.9050693887761794,11,0.4085814116002797,60,1.8828433279227181
28,0.75,50,8.54246518162312,0.669205081838377,0.9938775510204081,0.07619188624388153,4.004977084164082,16,0.44125603864734275,65,1.7557761440318043
28,0.9,50,8.491244721020623,0.6730641584257232,0.9942857142857143,0.07321175227387089,4.001787064301112,16,0.40879972447046664,65,1.745248543286571
28,1.0,50,7.712294299297417,0.6512233478881646,0.9914285714285714,0.06928028396257647,4.028850639780365,16,0.43906614785992226,65,1.585146917026825
29,0.0,50,10.058756579867794,1.246506742733684,0.9110204081632652,0.014261394297919188,3.461477915099961,5,0.6346768893756847,54,2.1819788691041224
29,0.1,50,7.5836118762456985,1.201672351309769,0.9118367346938776,0.012215022635729836,3.719453017141637,4,0.6395094604064471,53,1.6450622633192966
29,0.25,50,9.080062696318821,1.3415681946434947,0.9391836734693878,0.014049308801769182,3.7990404837921634,7,0.6004367417677641,56,1.9696773429394066
29,0.5,50,10.13401620260053,0.7458236202416313,0.9926530612244897,0.08526529289938475,4.0403680086501605,20,0.3950201884253022,69,2.198304436304769
29,0.75,50,9.882312563450762,0.7298224762826396,0.9938775510204081,0.07749156347207535,4.012392413407087,19,0.44123835616438356,68,2.143704047326212
29,0.9,50,8.571823864515492,0.732729595757691,0.9938775510204081,0.062266181870445206,3.9865187745937822,16,0.41149902430370755,65,1.859428488357064
29,1.0,50,7.603200237685027,0.6670588159360604,0.9938775510204081,0.06912716381834194,3.9869847953373214,14,0.39133263378803784,63,1.6493114357097027
