n,trial,method,cost,efficiency,robustness,algebraic_connectivity,network_entropy,cyclomatic_number,betweenness_gini,num_edges,steiner_ratio
20,0,MST,3.3390661478409167,1.0002194775775641,0.85,0.04150395859524693,2.8010204723636547,0,0.5339634941329858,19,1.0
20,0,kNN,8.315686142730787,0.9296883288744389,0.9815789473684211,0.10858089419671524,3.5055843272694256,18,0.6039961013645223,37,2.4904227033980195
20,0,RGG,6.945476697708539,0.9662726286475248,0.9131578947368423,0.06599205122236018,3.436699777996558,15,0.6448763250883394,34,2.080065620203294
20,0,Physarum,9.20320740310952,1.1335448932745866,0.9157894736842105,0.07286903715240275,2.799996130713659,5,0.5015397082658022,24,2.7562219481816594
20,1,MST,3.4094946949059515,0.8668665043837519,0.8526315789473683,0.042045856625745975,2.721950110517118,0,0.5818118948824345,19,1.0
20,1,kNN,9.23723578600373,0.7170800156238982,0.9631578947368421,0.13515627962090276,3.4818939970263267,21,0.7173316708229427,40,2.7092682677596986
20,1,RGG,7.6905973990407155,0.711069692424173,0.9552631578947368,0.15735281196964102,3.5886915941921385,22,0.7485250737463129,41,2.2556414035578536
20,1,Physarum,11.44634776739622,1.14499143999474,0.8868421052631579,0.05401955768950552,2.8957852667120476,8,0.602086811352254,27,3.3571977057180784
20,2,MST,3.051319248576534,1.017222351141018,0.7947368421052632,0.029175864723314432,2.80767540722865,0,0.36884920634920615,19,1.0
20,2,kNN,7.517109514102001,0.6801834123021929,0.9921052631578947,0.21852515959590463,3.4317331819990975,16,0.5140776699029119,35,2.4635604804737476
20,2,RGG,5.876577249006287,0.6895525660932279,0.9763157894736842,0.161383327172623,3.3293756226625213,12,0.622027972027972,31,1.9259136033529627
20,2,Physarum,10.784703563694029,1.4333624407669248,0.881578947368421,0.05133571248795876,2.92163752008608,7,0.5031343283582093,26,3.5344395932104398
20,3,MST,3.595590684478395,0.8723518430595316,0.8552631578947368,0.045933407093283675,2.7298905188677582,0,0.5142384105960269,19,1.0
20,3,kNN,9.012796739675464,0.8042001755536989,0.9736842105263157,0.11945587801956986,3.4415944587260836,18,0.6670431211498973,37,2.50662478868418
20,3,RGG,6.528952769866852,0.8169940878287791,0.9289473684210527,0.09831982054573518,3.3282583013695968,13,0.6767094017094017,32,1.8158220283669453
20,3,Physarum,9.48990563234519,1.2419454499894989,0.9052631578947368,0.06904627240555514,2.8608133326550256,5,0.5640597539543055,24,2.6393175600636734
20,4,MST,3.0980460000518097,0.82253599959529,0.8605263157894736,0.05695119190718989,2.7798823669068273,0,0.47811671087533125,19,1.0
20,4,kNN,7.60032340746939,0.7264743805354773,0.9710526315789474,0.176711065128956,3.4988736817940165,19,0.6861413043478257,38,2.453263575602908
20,4,RGG,7.107787121727458,0.7661823923426269,0.9263157894736841,0.10247585894553154,3.5598359272019544,20,0.6696832579185523,39,2.2942806922842953
20,4,Physarum,10.757126021604092,1.2644288434909614,0.8921052631578948,0.059910486567844215,2.9460845437732006,6,0.6168421052631576,25,3.472229276590534
20,5,MST,3.0050914320122892,0.7495712066223273,0.8710526315789474,0.05542063410720277,2.7589777653630874,0,0.5193069306930691,19,1.0
20,5,kNN,9.05969291448315,0.6061780544868156,1.0,0.32047710411437164,3.613006759367889,23,0.5453987730061349,42,3.0147811204588004
20,5,RGG,9.16915207324419,0.6167547596881489,0.9736842105263157,0.1302664060654865,3.7089098203152977,26,0.5769886363636363,45,3.0512056889744223
20,5,Physarum,12.86541801154799,1.0192083958572495,0.9315789473684208,0.09450452735630194,2.9891955251991997,9,0.6417960088691796,28,4.281206845987033
20,6,MST,3.0759128285326542,0.8988183256939615,0.8342105263157894,0.037565144394221595,2.7632749919759987,0,0.5160024906600251,19,1.0
20,6,kNN,9.343250238177085,0.8246906898111954,0.9315789473684211,0.0868183999723065,3.5359725490467415,21,0.6879746835443035,40,3.037553649605287
20,6,RGG,7.002326458113385,0.8375608562730007,0.9342105263157894,0.09782014398852593,3.4736173749601225,17,0.640631364562118,36,2.276503544950525
20,6,Physarum,12.092983623080375,1.1180432315747668,0.9052631578947368,0.06422507992615586,3.0348938119511693,9,0.5929054054054055,28,3.931510513205688
20,7,MST,3.1149281864525364,1.0077322620917828,0.8236842105263158,0.034446046331436386,2.8698149313725376,0,0.43654708520179364,19,1.0
20,7,kNN,7.377741323505304,0.694647696952266,0.9763157894736842,0.12121441578397243,3.5115624012893982,17,0.6070093457943926,36,2.368510887535905
20,7,RGG,7.271607226092721,0.6863706091294938,0.9763157894736842,0.12988917909041803,3.515646849157206,17,0.6082716049382715,36,2.334438160635111
20,7,Physarum,11.297880971801087,1.0485809127156114,0.9236842105263158,0.08986519890290115,3.0020174710191454,8,0.5741444866920151,27,3.627011698355646
20,8,MST,2.772244508010397,0.688550488510559,0.876315789473684,0.05753995983675721,2.811444466513935,0,0.5841013824884791,19,1.0
20,8,kNN,6.897936880740127,0.5609611813767011,1.0,0.2571513375711968,3.5322174548394214,19,0.6307792207792204,38,2.488213741900668
20,8,RGG,9.821799347933585,0.5846999234365652,0.9789473684210528,0.1758006039485529,3.8315154768929043,31,0.7087878787878785,50,3.5429051512424348
20,8,Physarum,6.449761601070804,0.8682994690316338,0.9184210526315788,0.09451651266812577,2.775207450068309,4,0.5646435452793832,23,2.3265486079724305
20,9,MST,3.300858393971349,0.8201468711347999,0.8684210526315788,0.05431189610560677,2.8273607034554193,0,0.5138386648122393,19,1.0
20,9,kNN,8.873368614442379,0.6136349980535709,0.9921052631578947,0.36705937466031013,3.5707616493249703,20,0.5888198757763972,39,2.688200327117516
20,9,RGG,8.365842700172898,0.6561204103384143,0.976315789473684,0.16589739427668473,3.5895604645765453,20,0.5662011173184356,39,2.5344445903684263
20,9,Physarum,8.23296967284273,0.9882371299703734,0.9263157894736841,0.0901564939140032,2.795967634730136,4,0.6424843423799582,23,2.494190507499302
20,10,MST,3.0086402100848137,0.768893994311674,0.8447368421052632,0.040989190706142126,2.8586129478499567,0,0.5260617760617758,19,1.0
20,10,kNN,7.995505717184911,0.6300746442931491,0.9763157894736842,0.13985246426697528,3.584475167843572,20,0.5764851485148517,39,2.6575147438315723
20,10,RGG,10.253571056157483,0.6248550688809238,0.9657894736842104,0.12091808787434087,3.837433651309025,30,0.6852112676056337,49,3.4080416201937402
20,10,Physarum,10.137184406551428,0.9844130433735975,0.8657894736842104,0.043089671150748944,2.9662307436355357,8,0.5488811188811189,27,3.369357483348154
20,11,MST,2.645837178263538,0.8107386298110061,0.8315789473684211,0.03620110166769874,2.8116849124116263,0,0.47643948296122196,19,1.0
20,11,kNN,6.192641101914139,0.7210139275352134,0.968421052631579,0.0951771493169407,3.4855140236234674,18,0.5863478260869563,37,2.340522369550483
20,11,RGG,9.046860796707959,0.6207671808771144,0.9736842105263157,0.149647938382584,3.7971346282534038,30,0.6990304709141273,49,3.41928100150343
20,11,Physarum,8.760691540154237,0.8693953068071848,0.8894736842105262,0.05492374903394867,2.818098337328999,7,0.5370400000000002,26,3.3111226995093768
20,12,MST,2.945227303487957,0.7482428182915936,0.8763157894736843,0.06411876851873824,2.8419276678759737,0,0.5307069219440355,19,1.0
20,12,kNN,7.369115952206411,0.6510486919038918,0.9763157894736842,0.15521538036061697,3.5337382017005297,19,0.6711796246648796,38,2.5020533876890783
20,12,RGG,6.6224439269405355,0.6970147248748289,0.9236842105263159,0.12316482983997715,3.5328195192029765,18,0.7425000000000002,37,2.2485340669963727
20,12,Physarum,9.01476677577485,0.972031056718778,0.9078947368421051,0.07727903383386658,3.0156209204440363,9,0.5446619217081852,28,3.060805108352382
20,13,MST,2.967368558146317,0.7809555968838139,0.868421052631579,0.06013266869298234,2.7369602584329873,0,0.5323943661971828,19,1.0
20,13,kNN,8.136257909921708,0.6672613730911445,0.9921052631578947,0.27433731101576997,3.4781579459354783,19,0.6195431472081219,38,2.7419101303022297
20,13,RGG,7.577710428741901,0.7373748374944247,0.9421052631578947,0.11223150338585408,3.540203534102803,20,0.7312169312169314,39,2.553680232251168
20,13,Physarum,5.569748787166614,1.0726201005703875,0.8289473684210525,0.035153019167945145,2.663961960606121,2,0.47806183115338907,21,1.87699932719041
20,14,MST,3.140778071792788,0.9497535488565723,0.8263157894736842,0.03613116128354188,2.843135227188432,0,0.4712616822429905,19,1.0
20,14,kNN,7.290903137038722,0.7371417544759162,0.9289473684210525,0.09390517639684628,3.5137561373478694,18,0.680607966457023,37,2.3213684540522155
20,14,RGG,6.7346861910713836,0.6026535330135707,0.9921052631578947,0.27621459235058976,3.5030747090236725,17,0.5165738161559887,36,2.144273182354192
20,14,Physarum,6.830257209277395,1.1176833557510775,0.881578947368421,0.05504658979859109,2.792153088469602,4,0.49947994056463596,23,2.1747022722234606
20,15,MST,2.82880662014546,0.746621208467581,0.8526315789473685,0.043638235620463275,2.836279213899688,0,0.5394594594594595,19,1.0
20,15,kNN,7.665121661970646,0.6989315048778358,0.9263157894736841,0.0808245784661662,3.5442835787441194,19,0.7047368421052631,38,2.709666191878644
20,15,RGG,8.123482203052701,0.6671394047351495,0.9815789473684211,0.19903085777999874,3.6396196033143453,22,0.652156334231806,41,2.87169937499474
20,15,Physarum,7.293860569033832,0.9681949737823872,0.9078947368421053,0.06547819790361009,2.769647143076235,4,0.5173986486486482,23,2.578423182797407
20,16,MST,3.4239971497779247,1.145994724838439,0.8263157894736842,0.03520922728646934,2.7204350479602906,0,0.48912529550827455,19,1.0
20,16,kNN,8.500987939644876,0.8356194759262857,0.9421052631578947,0.10304410225255844,3.443581776299978,17,0.7210144927536233,36,2.482767236005508
20,16,RGG,5.361569592550074,1.1357451265769387,0.8631578947368423,0.046481275676041045,3.1336410493178244,8,0.5632127955493742,27,1.5658802732641928
20,16,Physarum,9.494300756087288,1.161860098625549,0.8921052631578948,0.06259049162765686,2.8292457680972913,6,0.6365619546247818,25,2.772870519679923
20,17,MST,3.0160370981889515,0.8357785840089119,0.8578947368421052,0.050862722129449645,2.825088401676594,0,0.48324607329842895,19,1.0
20,17,kNN,8.23088631953119,0.6822709749411252,0.9815789473684211,0.1353716452496782,3.5493980163370584,20,0.650973236009732,39,2.7290401449218296
20,17,RGG,8.62440293842776,0.5771820444612877,0.9842105263157894,0.23610796799305087,3.713521511483761,25,0.600473186119874,44,2.8595148725479804
20,17,Physarum,9.180257688172388,1.0113164818337583,0.9052631578947367,0.06480743898815533,2.794785312653204,5,0.5765060240963853,24,3.043814578303723
20,18,MST,2.971351834230318,0.672262703512477,0.8868421052631581,0.06802825529094801,2.858225638044641,0,0.6176616915422883,19,1.0
20,18,kNN,7.5492180463647145,0.5738739938967679,0.9815789473684211,0.17788473600657465,3.5604129633940396,19,0.5938172043010752,38,2.540667839936303
20,18,RGG,8.981758577036612,0.5419322935454333,0.9868421052631579,0.35483532581436195,3.7504032568861487,26,0.570655737704918,45,3.022785276911913
20,18,Physarum,10.87941464045225,1.063359951535101,0.9394736842105263,0.1277237871468896,3.026359425209144,7,0.6241496598639458,26,3.661436022190348
20,19,MST,2.962792163199304,0.7061528148208331,0.8710526315789473,0.05298966820223923,2.859429177560342,0,0.5497084548104956,19,1.0
20,19,kNN,7.548654661390807,0.6016332407239668,0.9921052631578947,0.14000856677265572,3.561236234727324,19,0.6671428571428575,38,2.54781781697423
20,19,RGG,8.483889462066358,0.5116052669974706,0.9947368421052631,0.4126103728486698,3.700316909351737,24,0.5256013745704469,43,2.8634777583943727
20,19,Physarum,10.671136181406256,0.9605955471175275,0.9289473684210524,0.09464979065183102,2.995834798911418,7,0.6675704989154014,26,3.6017160818608587
20,20,MST,3.0861700864298114,0.905395193409302,0.8342105263157895,0.03747750694846764,2.849215798158719,0,0.4615158636897767,19,1.0
20,20,kNN,8.270698375667745,1.1010109560542918,0.9289473684210525,0.07972788167597397,3.517618465913276,19,0.6449820788530465,38,2.6799230580436273
20,20,RGG,7.061488638866674,0.7199891567410935,0.9421052631578947,0.14089069008831664,3.5422522435328183,18,0.6426339285714284,37,2.28810740856984
20,20,Physarum,8.547474276066117,1.0645574584695892,0.9,0.05387878034804193,2.7546785560484035,4,0.5527113237639549,23,2.7696057043810347
20,21,MST,3.2785212781095345,0.9848102702048164,0.8289473684210528,0.03580319826421577,2.8036216840232733,0,0.478084606345476,19,1.0
20,21,kNN,9.001890924185885,0.9113611280129287,0.9605263157894737,0.10381216796982984,3.550435171603445,20,0.6325221238938055,39,2.7457167913750946
20,21,RGG,7.695543723885608,0.8161362057624194,0.9526315789473685,0.11924217828423192,3.5238704279354978,18,0.7053246753246754,37,2.3472605699612914
20,21,Physarum,9.042964873344193,1.1738602012132613,0.8947368421052632,0.05988043845871208,2.7908737870103044,5,0.5425445705024308,24,2.7582449849337443
20,22,MST,3.127097780798213,0.9871643330012578,0.8342105263157895,0.036975300579355344,2.813634622119888,0,0.45983606557377055,19,1.0
20,22,kNN,8.61628746823712,0.690499291993021,1.0,0.2436825364086459,3.5449403549583924,20,0.5104712041884816,39,2.755362343046962
20,22,RGG,8.520371790466383,0.8328658873668274,0.9394736842105263,0.09208840385729425,3.659843021300514,23,0.6085623678646934,42,2.724689916249277
20,22,Physarum,9.169486117738124,1.1362173488460097,0.8842105263157896,0.04541610381005766,2.853306751011358,5,0.5299431009957323,24,2.932267156480649
20,23,MST,2.848546123019688,0.753358381537849,0.8394736842105264,0.04003378079499913,2.8124560589901866,0,0.5049313358302123,19,1.0
20,23,kNN,7.969343166699718,0.6319979095874799,0.9657894736842104,0.12966448428564145,3.5812114943912072,21,0.6876558603491272,40,2.7976879511614063
20,23,RGG,8.270896717449121,0.6318631085370845,0.9552631578947368,0.14870852151870895,3.680489077530949,24,0.7485465116279064,43,2.903550218341315
20,23,Physarum,5.22824093165495,0.9095085031852145,0.8842105263157893,0.06403342788009561,2.6046508290759625,2,0.5503086419753087,21,1.835406802580607
20,24,MST,3.1283031385721314,0.8353022475993606,0.805263157894737,0.03048477091641027,2.788787588374096,0,0.44329004329004307,19,1.0
20,24,kNN,8.405353947704322,0.6030211109304972,1.0,0.2681024883630013,3.5049221427723896,19,0.5214666666666667,38,2.686873226595561
20,24,RGG,8.121578379994176,0.6361077114623445,0.9921052631578947,0.2761957488954311,3.5942998182791337,21,0.5540697674418602,40,2.596160928221666
20,24,Physarum,8.694066506036787,1.102409554359071,0.8473684210526315,0.035635664511765294,2.8355363688829645,5,0.47779126213592193,24,2.77916369383725
20,25,MST,2.9053663158591596,0.8110797030692785,0.8368421052631578,0.03904280192722265,2.787842732571529,0,0.4460140679953104,19,1.0
20,25,kNN,8.224453997263717,0.6715556191212402,0.9736842105263157,0.15770547677872448,3.551819492012963,20,0.6817191283292978,39,2.8307803915705634
20,25,RGG,8.087464986047975,0.6963329729475347,0.9789473684210528,0.21099330619894852,3.5921262394017948,21,0.6104534005037785,40,2.783630051020397
20,25,Physarum,9.40519275147849,1.106042234483754,0.9236842105263158,0.09449620605680674,2.9199474142863076,5,0.6856818181818178,24,3.2371796630736513
20,26,MST,3.1377266620564837,0.8740364326722794,0.8605263157894736,0.04878873721287194,2.8508008931274227,0,0.5554698457223004,19,1.0
20,26,kNN,7.876725573199907,0.7957891036794775,0.9394736842105263,0.1049919881583618,3.5327591380627847,18,0.6849785407725322,37,2.5103287894546735
20,26,RGG,6.683326014967021,0.8060541537471304,0.944736842105263,0.10673129808929427,3.4618857978395403,15,0.6463190184049081,34,2.1299898731735705
20,26,Physarum,7.752526551326632,1.153396954864403,0.8999999999999998,0.06770850583759747,2.8087441977820293,4,0.44354330708661394,23,2.470746303390743
20,27,MST,3.0297300072554743,0.7208800158286197,0.8447368421052632,0.04124445209619987,2.7555297965430077,0,0.5160280970625792,19,1.0
20,27,kNN,8.731161159980715,0.5651799394030285,1.0,0.21762137716006544,3.5966422700388616,23,0.7001519756838905,42,2.881828129592962
20,27,RGG,11.596327729117082,0.5499458155950737,0.9815789473684211,0.301214238500744,3.9611919810647245,38,0.5827137546468399,57,3.8275119239492192
20,27,Physarum,6.331503457442748,0.9729248527118205,0.9026315789473683,0.06929216247299522,2.771781454931283,3,0.5642857142857141,22,2.089791315490265
20,28,MST,3.7667492765334023,1.0826456420331592,0.8105263157894737,0.03097602197498337,2.866523562019033,0,0.43874458874458866,19,1.0
20,28,kNN,9.808991234912401,0.7284728473980694,1.0,0.2680150376340986,3.5862290498346967,20,0.4600864553314119,39,2.6040998523638845
20,28,RGG,7.384579180482171,0.8311391968670706,0.9552631578947368,0.09783527751648047,3.4765486090105417,15,0.6010917030567684,34,1.9604647504647066
20,28,Physarum,6.790421260774462,1.181767767969355,0.8342105263157895,0.03708894191486122,2.8091963749476716,3,0.4985642946317108,22,1.8027271693070561
20,29,MST,2.7409470876126223,0.8152279932017739,0.8447368421052632,0.03986885817785417,2.7757275022988077,0,0.5025062656641601,19,1.0
20,29,kNN,6.458593876362849,0.7934745622569545,0.9263157894736842,0.09311411027278936,3.4519722713650065,17,0.6743186582809226,36,2.356336576343148
20,29,RGG,7.165744600098484,0.6967218044250331,0.9315789473684211,0.10952253095278518,3.5789854997626103,21,0.7357843137254902,40,2.6143316054816226
20,29,Physarum,9.337260680462133,0.9582691072168268,0.9105263157894736,0.07924671949938446,2.940622652994117,8,0.5777039848197343,27,3.4065818791835674
50,0,MST,4.950926051274988,1.0246064700775634,0.8673469387755103,0.008644858710689133,3.7635618182248955,0,0.5172777205629935,49,1.0
50,0,kNN,11.481709084314497,0.9981127550495176,0.9628571428571427,0.021711054568488916,4.3928557619288435,42,0.6175632563256326,91,2.3191033284283593
50,0,RGG,46.448414118626644,0.55343133628191,1.0,0.9143461060226568,5.395592600170255,190,0.5513346228239844,239,9.3817628535706
50,0,Physarum,7.646763844906762,1.5120473642301568,0.900408163265306,0.01156541368182108,3.4480021577342397,1,0.5952601922439509,50,1.544511827830175
50,1,MST,4.8371767179253,0.9834271883670167,0.8673469387755101,0.008634175501965283,3.762434071554884,0,0.5168354762529517,49,1.0
50,1,kNN,11.74265161307676,0.794185877039893,0.9987755102040816,0.05611121884211313,4.422346718347586,44,0.5771847307430134,93,2.4275837534654445
50,1,RGG,42.80334929511527,0.6847918467944007,0.9963265306122449,0.21068042574360132,5.355645752732343,182,0.664461118690314,231,8.848828932897439
50,1,Physarum,6.946704742378035,1.4240326852806833,0.8885714285714283,0.010910100983429072,3.615704008670353,0,0.5886834675311095,49,1.4361072889140851
50,2,MST,4.229197357045603,0.7815806951731293,0.8893877551020408,0.011336432775968764,3.6818419130387157,0,0.5377859049125238,49,1.0
50,2,kNN,10.309417658191393,0.9044516177736869,0.9477551020408161,0.02172379059873062,4.3327586813955845,45,0.713870339871238,94,2.4376771259010854
50,2,RGG,58.977332651148664,0.49498877403199837,0.999591836734694,0.6413606062435877,5.630011549484031,259,0.6105311778290992,308,13.94527795041198
50,2,Physarum,6.834574710677708,1.5821913139836872,0.8873469387755101,0.010611987902219677,3.5074195439655487,0,0.5549624654286842,49,1.6160453470660796
50,3,MST,4.569595328574167,0.8132922003340477,0.8979591836734694,0.014999371454842024,3.773293492086969,0,0.5612644889357219,49,1.0
50,3,kNN,11.351591846489516,0.7569312418504915,0.9538775510204082,0.02746904791055228,4.395429454671636,43,0.6715776081424933,92,2.484156917683017
50,3,RGG,52.57372651398783,0.5291297141818448,0.9991836734693877,0.5137859711412623,5.523717680988604,222,0.5356836039811421,271,11.505116478310171
50,3,Physarum,9.466173236822758,1.0241273961318251,0.9187755102040814,0.017794252756278727,3.4341582329635783,3,0.618794591113973,52,2.0715561348791147
50,4,MST,4.866302730215104,0.8757404777088265,0.8963265306122449,0.012673638213908269,3.760851495509949,0,0.5670161716520452,49,1.0
50,4,kNN,11.507846790967486,0.7404609396417684,0.9844897959183673,0.03701599440481932,4.403634813388732,44,0.6514087133412445,93,2.364802896357993
50,4,RGG,50.93318564012321,0.5346227282059647,1.0,0.9326008656399124,5.491188715403113,215,0.5493668341708542,264,10.46650577734851
50,4,Physarum,10.043238231723043,1.4500063165985706,0.909795918367347,0.013179926204729669,3.415998108558098,2,0.6167363516903597,51,2.063833425192416
50,5,MST,4.933941165169424,1.029857325131593,0.8702040816326531,0.00864200130524243,3.7748645115908896,0,0.5494347191830782,49,1.0
50,5,kNN,11.757319973200046,0.8532360141615869,0.9775510204081632,0.03358986724650136,4.4381633687344415,45,0.5974142650136858,94,2.3829469342276437
50,5,RGG,43.78962799437376,0.5890336432998826,1.0,0.6089522444618943,5.352898551694761,181,0.5413749434644954,230,8.8751824410679
50,5,Physarum,8.38874642587144,1.3787943307196937,0.909795918367347,0.012962145437538361,3.39077195839829,1,0.6143147928994079,50,1.700212091115072
50,6,MST,4.879452830546966,1.004967640532521,0.8751020408163264,0.008579441326252274,3.730729256126309,0,0.5549908659115821,49,1.0
50,6,kNN,11.563561493861554,0.992279187002307,0.9559183673469387,0.016074234031312532,4.428445989009119,47,0.6593642720915451,96,2.369847992272799
50,6,RGG,44.40586379970731,0.5465590474429726,1.0,0.7691700788255108,5.378551327709081,190,0.6418805194805195,239,9.100582655848648
50,6,Physarum,10.810787935168886,1.4412282682877462,0.9008163265306124,0.012245323969561683,3.4504647307530445,4,0.5554441475146978,53,2.2155738175169617
50,7,MST,4.766388951766666,0.9519470332560731,0.8816326530612245,0.009650991225684455,3.714643394984351,0,0.5770342801175319,49,1.0
50,7,kNN,12.54524674511168,0.827593808881355,0.9640816326530611,0.028974818762928015,4.437437518532311,50,0.6717513368983954,99,2.63202329311832
50,7,RGG,49.524101294064664,0.5679322306780595,0.999591836734694,0.4607105142183303,5.471678280708806,212,0.6784526112185689,261,10.390276957088973
50,7,Physarum,6.7445220481056065,1.240249327436162,0.8889795918367348,0.009855089766142508,3.632043273782468,0,0.6319289991445678,49,1.4150171369471942
50,8,MST,4.458871323850924,1.2121507697642635,0.8138775510204082,0.005236514535389003,3.7495595021055914,0,0.45509229098805637,49,1.0
50,8,kNN,11.595492565647685,0.952431183397778,0.9465306122448979,0.0161654470217651,4.440721947950514,48,0.6783610690872417,97,2.6005443358776246
50,8,RGG,51.893373175995045,0.5527374631205312,0.999591836734694,0.6412981353129905,5.552951281998547,232,0.6992220113851992,281,11.638230710631296
50,8,Physarum,7.9279106978933624,1.3979240269630007,0.9040816326530613,0.013955473176737898,3.4728054549979697,1,0.5550887061877974,50,1.7780084066311173
50,9,MST,5.165820875617582,1.085138741520995,0.8677551020408164,0.008038066114959294,3.7481369522673424,0,0.5594860775360373,49,1.0
50,9,kNN,12.049937546314142,0.7368051559716716,0.9918367346938776,0.06508478477377057,4.394333774056953,44,0.5681027966742249,93,2.332627831365437
50,9,RGG,51.537963900504856,0.5543047764071005,1.0,0.5944382298618114,5.50511355095982,218,0.618790931989925,267,9.976722991647172
50,9,Physarum,8.684785405880996,1.3667898891059977,0.9151020408163265,0.01336985456305934,3.4037410696097914,1,0.627177419354839,50,1.681201422773436
50,10,MST,4.7225483969892,1.2081088478106068,0.8375510204081631,0.006232431999325191,3.7571640626756015,0,0.5023502653525398,49,1.0
50,10,kNN,11.3407953518327,0.9448480625138539,0.9685714285714286,0.01998223574247881,4.37756713462377,43,0.6499160574059029,92,2.4014143209337733
50,10,RGG,51.72091593841986,0.5204678447678103,1.0,0.6598729718741239,5.528714424520022,224,0.6141280583029671,273,10.951908078145658
50,10,Physarum,8.729963456592902,1.3518804266014581,0.9208163265306122,0.019357100304082924,3.38905888417935,2,0.5525226771267469,51,1.8485704587291423
50,11,MST,4.621713267627271,1.0515438655367397,0.8583673469387755,0.007391898866099322,3.7466003442852562,0,0.5374520571090646,49,1.0
50,11,kNN,11.164983437155067,1.2181453583344304,0.9444897959183673,0.014899431499337387,4.431792193418323,47,0.6380716507314823,96,2.4157672254053586
50,11,RGG,47.56920170904388,0.5362163930482096,1.0,0.8544981352160143,5.455605140758522,208,0.6024635495223734,257,10.292547147448916
50,11,Physarum,9.684786693027515,1.1828383230858464,0.92,0.013463838003510063,3.463039658524305,3,0.6141972121837891,52,2.0954970878147017
50,12,MST,5.003417392899506,1.0405605270553815,0.8938775510204081,0.011822383287647337,3.7664075254495644,0,0.5449206676282714,49,1.0
50,12,kNN,11.483742525502247,0.796063260430394,0.963265306122449,0.02990458950945742,4.4585008405887,47,0.6607138001359618,96,2.2951797988708993
50,12,RGG,41.33376258367569,0.5680299891085692,1.0,0.5402396927590143,5.322483529988231,176,0.6388992537313432,225,8.261106227582298
50,12,Physarum,7.088440450733433,1.4293966379097705,0.9040816326530612,0.012524915499588372,3.6042764257519866,0,0.6195296829971182,49,1.4167197925147808
50,13,MST,5.14736312597577,0.9707344563259376,0.8914285714285713,0.011811716502704222,3.7916898557137473,0,0.5827068594278679,49,1.0
50,13,kNN,12.508920277436397,1.0051502363523106,0.9689795918367348,0.02159052267863886,4.493761403656028,48,0.6642941580756017,97,2.4301608360037976
50,13,RGG,47.260259111524825,0.5602286606113231,1.0,0.9054255383772755,5.414230111125908,193,0.5854243902439022,242,9.181450376607312
50,13,Physarum,8.185276349547461,1.5187174421832086,0.9159183673469389,0.013766485096846573,3.579467256533589,1,0.6563699136868062,50,1.5901882476954263
50,14,MST,4.778928539882226,0.9861622141314977,0.8518367346938776,0.00707068621686268,3.7862575058527947,0,0.5465011439708494,49,1.0
50,14,kNN,11.188776304039557,0.7777253080596621,0.9755102040816327,0.033502683137476556,4.432073478148943,43,0.5953524451939292,92,2.341272988424995
50,14,RGG,54.62053168613118,0.5122620833705933,1.0,0.8327768728608462,5.595634394470375,240,0.6267590027700831,289,11.429451440903378
50,14,Physarum,10.89643658407008,1.6736456069127876,0.899591836734694,0.011079664607829486,3.47029082585233,4,0.6191013215859031,53,2.2801003390476766
50,15,MST,4.676345107434125,0.9325264263271467,0.8808163265306124,0.00960857566620954,3.761079240389206,0,0.5165000460278006,49,1.0
50,15,kNN,10.423915047265718,0.7871251796880699,0.9640816326530611,0.0300363399710881,4.3959537296733195,41,0.6391077257889013,90,2.2290730918670887
50,15,RGG,45.68329365706864,0.6031933289982928,0.9983673469387756,0.40679925050691995,5.404269354070294,194,0.6770569476082005,243,9.769016744389662
50,15,Physarum,12.947201120699235,1.7023509229765912,0.9024489795918369,0.010355270769533475,3.3070315254076417,3,0.6214657317349017,52,2.768658177112866
50,16,MST,4.992606952303922,0.9659368290625614,0.8746938775510205,0.009019282255358821,3.7380401988214578,0,0.5432511683313479,49,1.0
50,16,kNN,11.588015286740303,0.75303206632952,0.9959183673469388,0.0424619333896127,4.402369207540393,44,0.6229532516819045,93,2.3210349617834063
50,16,RGG,47.917131710387274,0.5508591994976254,1.0,0.832675676491406,5.401142171561117,193,0.5441893252769383,242,9.597617470823556
50,16,Physarum,6.359272834281811,1.1282224977461033,0.8771428571428571,0.009090742039340452,3.6571910301602686,0,0.5650906699238931,49,1.273737927907026
50,17,MST,4.795855115520385,1.1288825340690818,0.8489795918367348,0.006630896204205393,3.7537877312353998,0,0.5131602834620592,49,1.0
50,17,kNN,11.650595169580496,0.8477865263915944,0.9959183673469388,0.0530804561575212,4.404338929298614,44,0.5940332047627033,93,2.4293050746835005
50,17,RGG,45.80526846352674,0.5837285327718456,1.0,0.5742224170561564,5.381517254872589,188,0.5928354080221299,237,9.5510117299606
50,17,Physarum,7.590823090531235,1.6117696889744952,0.9155102040816326,0.013169360191248324,3.4188749997046406,0,0.5888037109375,49,1.5827882426985238
50,18,MST,4.437086167134089,0.9175116063488246,0.8648979591836735,0.00855648137819133,3.691412432970525,0,0.51657874387834,49,1.0
50,18,kNN,11.134261795342022,0.7467202611658007,0.9955102040816327,0.05550090678951747,4.421498057558638,50,0.6153905700211117,99,2.509363437161653
50,18,RGG,52.621967445383156,0.5180198163396745,0.999591836734694,0.7162533645205142,5.573376674551928,242,0.6429304812834227,291,11.859577538781865
50,18,Physarum,8.347529567799956,1.3434576731465715,0.8906122448979592,0.010307855771820574,3.3482659175011156,1,0.622595781317262,50,1.8813088710403882
50,19,MST,4.530694994193326,1.1385434563438583,0.8408163265306122,0.006488924784615493,3.7741223940903725,0,0.4970039622066442,49,1.0
50,19,kNN,11.454498720863963,0.9699639328239504,0.970204081632653,0.02068573986167755,4.482901821314965,49,0.6687862458301261,98,2.5281990369125245
50,19,RGG,47.974265619201155,0.5842643364341787,1.0,0.4980559550147652,5.467264713899345,209,0.6240217391304346,258,10.588721085989325
50,19,Physarum,12.142601807796716,1.4911146486378544,0.9040816326530612,0.011811221882852777,3.4258852559176285,6,0.616312315046665,55,2.6800748722566925
50,20,MST,4.96090864704512,0.9318312079710219,0.879591836734694,0.00980168137095541,3.7897735978195173,0,0.5297346111315882,49,1.0
50,20,kNN,12.526996396132414,0.7119127346703167,0.9914285714285714,0.03947379589635415,4.501561065497688,50,0.6591784338896021,99,2.525141518901765
50,20,RGG,48.893010869982255,0.5385444949851095,1.0,0.8803895619191321,5.460471897469306,205,0.5754193872425917,254,9.855656362288498
50,20,Physarum,10.464233095466106,1.653402069232215,0.8816326530612245,0.009104690641744214,3.4996686456681627,3,0.5970094562647759,52,2.109337994300489
50,21,MST,4.936689096899256,0.9913711700839429,0.8824489795918369,0.010584227140860186,3.786948356772588,0,0.528225272124941,49,1.0
50,21,kNN,12.223097762578025,0.7828845424296421,0.9787755102040816,0.03056841934951387,4.457222830082506,46,0.6417579445571335,95,2.4759707412515355
50,21,RGG,48.65767100603452,0.5641335516701872,1.0,0.765679288802263,5.440891259264599,200,0.551843470061292,249,9.856336919535098
50,21,Physarum,8.919887170192483,1.3764458753136188,0.8955102040816327,0.011332730338998455,3.3967042611213683,1,0.5834385155676698,50,1.806856173258932
50,22,MST,5.183571524883721,0.9700807093026382,0.8844897959183673,0.010107218522176217,3.723517420579184,0,0.5540664464736742,49,1.0
50,22,kNN,13.135093128847815,0.8434978743036433,0.9787755102040816,0.02519498922153859,4.445833638678809,49,0.6635957039870528,98,2.533985123151641
50,22,RGG,54.59769556232994,0.5236790940862073,0.9987755102040816,0.35237714659582264,5.546563638694058,227,0.48390583199571946,276,10.532833452810259
50,22,Physarum,7.921826473694581,2.023883029580321,0.8914285714285713,0.009958704829463063,3.434936608433141,0,0.6093042575285565,49,1.5282564223655204
50,23,MST,4.822259284740291,1.131618434418295,0.8412244897959184,0.0064343479709077,3.763517869219504,0,0.5036057729412673,49,1.0
50,23,kNN,10.58111493722037,1.1161588556036504,0.9289795918367346,0.014775408816153367,4.412600994697421,42,0.6635267484808769,91,2.1942235604592195
50,23,RGG,46.97473474821915,0.5550854142969471,1.0,0.702796656986051,5.433983052609374,200,0.6234799802273852,249,9.741229571970026
50,23,Physarum,7.049233909411575,1.6990584506124888,0.9114285714285714,0.015459075863909164,3.4263899506034665,0,0.5591568218670373,49,1.4618114649534488
50,24,MST,4.6586627280456545,1.2642503630227124,0.8306122448979592,0.00603537113711507,3.7404138791269412,0,0.4660859532737238,49,1.0
50,24,kNN,11.174783015807291,1.0440122481950653,0.9689795918367348,0.019207436904030536,4.376229552096729,43,0.6025348409150675,92,2.39871046009274
50,24,RGG,35.58579739562258,0.6670090542910894,1.0,0.25659947003633476,5.214172726554144,155,0.7142442088731846,204,7.638629253281681
50,24,Physarum,12.049259926477182,1.3252220924484113,0.9187755102040814,0.017151542002664524,3.376106173118333,6,0.5620762868781632,55,2.5864203162721635
50,25,MST,4.938440172710925,1.0127763603706936,0.8853061224489795,0.009608155863883163,3.7795800714988124,0,0.5681942812377596,49,1.0
50,25,kNN,12.009745488202721,0.8631893258271381,0.9755102040816327,0.02585485993133892,4.445323433728201,45,0.669110341713081,94,2.431890448843901
50,25,RGG,53.73760143561984,0.5577869374021756,1.0,0.4369036092915831,5.542859353938396,225,0.6423529411764706,274,10.88149285123787
50,25,Physarum,6.899832416147851,1.3835283552363562,0.9036734693877552,0.011438789315377939,3.6792344439475833,0,0.6350283663309018,49,1.397168371963942
50,26,MST,4.556383943704663,1.008814156946819,0.8453061224489795,0.006482466197073912,3.7707891899827235,0,0.5304913594011309,49,1.0
50,26,kNN,11.992150860882518,0.6773828728864334,0.9983673469387756,0.07898722360610833,4.5122412302990496,52,0.5620942587832047,101,2.631944763445911
50,26,RGG,58.37956805669937,0.520891527716628,1.0,0.84541100333335,5.6460339636346415,257,0.5991480298189567,306,12.812697256858614
50,26,Physarum,10.05443827555766,1.4006581553076456,0.88,0.009185976076333374,3.364245140934539,4,0.6043479980227384,53,2.2066705527415866
50,27,MST,4.936814552680585,0.9188720856653095,0.8942857142857144,0.0123245542480381,3.775491211640611,0,0.5708488911810214,49,1.0
50,27,kNN,11.549432201537313,0.9326180863049985,0.9730612244897959,0.026468797480705766,4.395889224318533,42,0.6316115702479339,91,2.3394502828278645
50,27,RGG,50.63540777633674,0.5909247779630331,1.0,0.46661163089078106,5.463785557544696,206,0.5555565735226753,255,10.256696344577659
50,27,Physarum,7.903858970137369,1.4998137808451382,0.9142857142857143,0.016296838236800948,3.505893456525107,0,0.6014727540500735,49,1.6010038225652496
50,28,MST,5.129043690083025,0.93480823050914,0.8873469387755102,0.010535553686587358,3.7718555621185956,0,0.5556846554605326,49,1.0
50,28,kNN,12.338707068749141,0.7677414819796194,1.0,0.0805904608243151,4.436201015693294,46,0.47461422087745864,95,2.4056545068247237
50,28,RGG,48.528948915515215,0.5280138500091377,1.0,0.8618012493248356,5.457977060724948,205,0.572067868504772,254,9.461597882144316
50,28,Physarum,8.045353768233898,1.3653847011203184,0.9008163265306122,0.011912589320529954,3.475652092904123,0,0.609858844287605,49,1.5685874900597048
50,29,MST,4.7520919826293655,1.1353942857416657,0.8644897959183673,0.007889206859573904,3.7266461026006272,0,0.519972728822226,49,1.0
50,29,kNN,11.02739239197502,0.8206670743860549,0.9726530612244898,0.0396612782852047,4.387910674402811,43,0.6293677122680239,92,2.3205342893791143
50,29,RGG,47.478127091100575,0.5586101756054874,1.0,0.9071629886936645,5.417129877012896,198,0.5678115799803731,247,9.990994969089508
50,29,Physarum,9.482464214837616,1.3925895279253493,0.8951020408163265,0.01075343493978658,3.423934351412528,2,0.5916212490722088,51,1.9954294339207852
100,0,MST,6.34811717996829,1.0257313213332524,0.8929292929292929,0.0028728418726962713,4.459030543916621,0,0.55715854048182,99,1.0
100,0,kNN,15.04985745565553,1.1068327599645067,0.948989898989899,0.005071269254755076,5.1062792970721045,86,0.707513012275061,185,2.370759239156122
100,0,RGG,200.0432931301909,0.5404636658426507,1.0,1.5761828512277591,6.862381314500636,941,0.5563852110916812,1040,31.512224405912768
100,0,Physarum,6.949294964812595,1.0527697250282064,0.8934343434343432,0.0028763365923055832,4.402120768727587,0,0.563044026127655,99,1.0947017466440825
100,1,MST,6.618453794398425,1.3614618433387684,0.8622222222222223,0.0018790771361196857,4.471914621685449,0,0.5689522806628606,99,1.0
100,1,kNN,14.46925013368169,0.870901549095985,0.9852525252525253,0.011497652231869564,5.098282104906646,83,0.6579411764705883,182,2.1861979524474195
100,1,RGG,200.93165247393054,0.5290090252147095,1.0,2.0136770211436965,6.862687585134711,940,0.5695847575642483,1039,30.35930425985454
100,1,Physarum,7.046837359359041,1.4068571516375405,0.8631313131313131,0.0018947582415017525,4.44182805311072,0,0.5699649333067005,99,1.0647256259948783
100,2,MST,6.83506892748274,1.181013172989547,0.8907070707070706,0.002879862736985913,4.476755541906049,0,0.5568918075357685,99,1.0
100,2,kNN,15.182017328278146,0.8819408502690925,0.9945454545454545,0.01294610094449735,5.098582104634669,82,0.561038302446776,181,2.22119447358221
100,2,RGG,210.94557077489478,0.5167208325966772,1.0,2.1991548047769105,6.91467803246146,991,0.5460875366960232,1090,30.862244845361502
100,2,Physarum,8.091288243599326,1.3279126488534676,0.8903030303030302,0.0028764187442854874,4.415675541836663,0,0.5563240123395361,99,1.1837902923064207
100,3,MST,6.983573961899393,1.1381728791435086,0.8835353535353536,0.002570461638748532,4.467603484231909,0,0.5697620611453287,99,1.0
100,3,kNN,16.87936573682798,0.672499578933091,0.9996969696969696,0.032237736432736634,5.135288243256493,91,0.59054280155642,190,2.417009661373606
100,3,RGG,214.6613673698695,0.5097510573724878,1.0,2.3019227313408206,6.930150508069471,1005,0.5349612824344521,1104,30.73803879517958
100,3,Physarum,8.39832945950816,1.2243975607272393,0.889090909090909,0.0026193635130355693,4.35382622269519,0,0.6044073693366017,99,1.2025833055291337
100,4,MST,6.606427405945251,1.0241143128306798,0.901010101010101,0.0030793358440021883,4.485406823172748,0,0.5973443289777951,99,1.0
100,4,kNN,15.98031064371269,0.9596853510530003,0.9760606060606061,0.007530270527381533,5.174477040125039,95,0.6740749826239827,194,2.41890354071426
100,4,RGG,208.2035384430652,0.5257531366327108,1.0,1.778652246463564,6.91460155173728,994,0.5887171263630535,1093,31.51529951811759
100,4,Physarum,7.316592669408311,1.127789717418429,0.8997979797979798,0.0030037343596126063,4.443781638617947,0,0.6058554555990949,99,1.1074961124713139
100,5,MST,6.833569243051416,0.948763793545297,0.9137373737373737,0.003940259402695388,4.471104718187941,0,0.6174643992371265,99,1.0
100,5,kNN,16.546263588249925,0.8676551057730255,0.9958585858585859,0.016648570854481272,5.153965384564945,93,0.6230048521834828,192,2.421320835385502
100,5,RGG,198.67734334039272,0.527763630154304,1.0,1.9876911884808974,6.867379861982792,942,0.5701059157840351,1041,29.073729448547546
100,5,Physarum,8.098513821152258,1.0871083836646545,0.9083838383838383,0.0033643423593782366,4.375467010067783,0,0.6199589554458389,99,1.185107450164067
100,6,MST,6.3538180459129014,1.0165968495198783,0.9032323232323233,0.003246491587808722,4.458168617650531,0,0.5819819769394379,99,1.0
100,6,kNN,15.678072817224663,0.7720566978215955,0.9793939393939394,0.012490332913984586,5.121957071920058,92,0.6866730106476007,191,2.4675042161947958
100,6,RGG,228.1787403986627,0.4906602733780108,1.0,2.4489133169463604,7.000715742235394,1093,0.5848100542702086,1192,35.91206716179713
100,6,Physarum,7.150340174062606,1.3664104406922517,0.8914141414141414,0.0024885214285262566,4.364989821588712,0,0.6102513537001135,99,1.1253611800643344
100,7,MST,6.843787957336013,1.2613770227607977,0.887070707070707,0.002510891849113667,4.484721099581034,0,0.5582536216058818,99,1.0
100,7,kNN,16.573250469441284,0.8462875192505811,0.9854545454545455,0.01057614133692663,5.165420832787137,93,0.6816394129979033,192,2.4216487379150955
100,7,RGG,192.44946411710436,0.5463578981661278,1.0,1.644301117316925,6.831477175915548,907,0.5905377001099847,1006,28.12031367962144
100,7,Physarum,7.805359677963778,1.35173163377356,0.8893939393939394,0.0025136374644493618,4.436557155734701,0,0.5755648342895543,99,1.1405028511435737
100,8,MST,6.403302730761793,0.9747748140532576,0.9158585858585857,0.004072793675090788,4.442245572036085,0,0.6148312764838701,99,1.0
100,8,kNN,15.322451954168345,1.122517645629804,0.944949494949495,0.005397473242624582,5.135537505276996,93,0.7078697614442295,192,2.392898258668687
100,8,RGG,195.4918275199018,0.5283827120045901,1.0,1.7916645825615372,6.854741598143354,936,0.5633748598480126,1035,30.529843073129914
100,8,Physarum,6.808658402097823,1.0023176846298825,0.9157575757575758,0.004054128476875891,4.414758128160763,0,0.6169304574880645,99,1.063304155430397
100,9,MST,7.195778502922269,1.1225013972975841,0.9107070707070706,0.0036117264304279936,4.506471541346057,0,0.6292856590884504,99,1.0
100,9,kNN,16.49783676483149,0.819721696023326,0.9907070707070708,0.013045732796291402,5.15715380547376,89,0.6396167711164105,188,2.292710477140392
100,9,RGG,203.1183787777935,0.5335391470517573,1.0,1.7729454458975447,6.880312698292446,952,0.5678280890253262,1051,28.227436224628836
100,9,Physarum,8.191157633764389,1.238147671296701,0.9141414141414141,0.003779368079403514,4.4506435839246405,0,0.6491262873680295,99,1.13832820596658
100,10,MST,6.732974073804386,1.3127449358684162,0.8733333333333333,0.0020749697629631595,4.467473745855733,0,0.5783709617354065,99,1.0
100,10,kNN,16.912826517176924,1.0930190340029837,0.971919191919192,0.006559748101841404,5.171813201237172,99,0.6656677215189875,198,2.5119399438917687
100,10,RGG,196.06167468629508,0.5473791485854939,1.0,1.8482883013332136,6.844830413411369,922,0.5802706748160162,1021,29.119624186450014
100,10,Physarum,7.277442298567122,1.376117563854867,0.8702020202020201,0.002000946328016688,4.415059734311575,0,0.5724735135135133,99,1.0808659321712033
100,11,MST,7.019388024320014,0.9428009372773257,0.9126262626262626,0.003913874278255276,4.474908904711635,0,0.6133670513368474,99,1.0
100,11,kNN,16.27799222425343,0.7242863554896382,0.994242424242424,0.021713761610792685,5.126296844924702,88,0.6197151998171793,187,2.319004472733978
100,11,RGG,199.26139946770917,0.5300043866792393,1.0,1.997292435654559,6.85736939687178,929,0.5577911240359086,1028,28.387289429980207
100,11,Physarum,7.859567318983531,1.0084174822390581,0.9098989898989898,0.003737852230612114,4.409685307548997,0,0.617565249813572,99,1.1196940946636025
100,12,MST,6.2537010540060525,0.9573856399436552,0.8977777777777779,0.002955842781663778,4.450432117186393,0,0.6022320081213821,99,1.0
100,12,kNN,15.621003110871282,0.7328160995420275,0.9863636363636362,0.011323030277237169,5.119221292680461,93,0.6670821418006116,192,2.4978813307464764
100,12,RGG,237.5923032292852,0.48980656642466175,1.0,2.354634843290916,7.0333636004026205,1134,0.5784246575342469,1233,37.992270685386565
100,12,Physarum,7.2785353710924285,1.2562531070871843,0.8949494949494949,0.002764609937031562,4.332902452600603,0,0.5785348409150675,99,1.163876448240179
100,13,MST,7.016453384978746,0.9948178557472244,0.9123232323232321,0.003393901208570428,4.4941953430752335,0,0.6203888880208741,99,1.0
100,13,kNN,16.89457195923967,0.8175472419561488,0.9982828282828282,0.01527557795627085,5.1385296742271045,90,0.6411901668831821,189,2.4078506664647135
100,13,RGG,208.92111887140229,0.5353708279661361,1.0,1.7967483314982249,6.90743465298379,979,0.5472790491844737,1078,29.775886392785484
100,13,Physarum,9.257488773520175,1.4366712645972994,0.9137373737373737,0.0033498395836836043,4.314252779849399,0,0.6483585915222192,99,1.319397174837529
100,14,MST,6.9963948097584705,1.2193077026557964,0.897070707070707,0.002732569110003563,4.458533314014642,0,0.5883198369852864,99,1.0
100,14,kNN,15.763210267852598,1.11798835660008,0.9724242424242425,0.0066375111424839105,5.127061720249349,88,0.6410839900417422,187,2.2530475618480392
100,14,RGG,209.50744755916756,0.5272073183038478,1.0,2.4261356352432335,6.884071359746529,955,0.5290964877921405,1054,29.945057884233403
100,14,Physarum,8.030296812423177,1.4865203313721664,0.895151515151515,0.002657178291400191,4.391343831039607,0,0.5919565472695241,99,1.1477763949545323
100,15,MST,6.67858341359637,1.195203601157615,0.8731313131313132,0.002038073302636911,4.4551727902381115,0,0.5721944283897813,99,1.0
100,15,kNN,16.23488150082582,0.8214533915311729,0.9974747474747474,0.0242315717997205,5.1163948187472545,92,0.6218285819968818,191,2.4308869853709667
100,15,RGG,217.49435699783788,0.49683574270108094,1.0,1.6774415113537866,6.958888166914912,1046,0.561573589707338,1145,32.56594153710191
100,15,Physarum,7.453941890259559,1.3505385858138401,0.9050505050505052,0.003911325613610046,4.363941798176944,0,0.5740313909485706,99,1.1160962480583385
100,16,MST,6.598204399082433,1.383923334842218,0.87,0.0019810015387855444,4.462090422428953,0,0.570949476558944,99,1.0
100,16,kNN,15.533302393766657,1.1474102354239928,0.9513131313131313,0.005160081916566727,5.124039560510784,89,0.7234359260291792,188,2.3541711432775205
100,16,RGG,181.68686610702966,0.5807677204679507,1.0,1.1647015276468045,6.776401589691086,859,0.6363041747241498,958,27.535804457997028
100,16,Physarum,6.992572850562858,1.3770428872570428,0.8746464646464644,0.002035403907712512,4.43725236479723,0,0.5959837003145549,99,1.059769056492895
100,17,MST,6.816895823939207,1.2603518311439281,0.8738383838383839,0.002064477115642176,4.477297904766652,0,0.5962014041455725,99,1.0
100,17,kNN,15.84235529801336,0.8135912907281685,0.9983838383838384,0.023353631204583017,5.134543092599543,89,0.5595552848829342,188,2.3239837760728324
100,17,RGG,191.76668877810684,0.5551254471855481,1.0,1.62794063676437,6.8217138529899435,895,0.6304449760765554,994,28.131086895104207
100,17,Physarum,7.43861110594855,1.3569948822610471,0.8756565656565657,0.0020840390231254414,4.45614223581435,0,0.6050089679577291,99,1.091202109884977
100,18,MST,6.635771230739263,1.1541199691449953,0.8955555555555554,0.0027525555454463776,4.475270436168733,0,0.5862012738180185,99,1.0
100,18,kNN,16.1470345642284,1.020624829904717,0.9632323232323233,0.006101797046887052,5.145185884623925,93,0.707434413029741,192,2.433332012627193
100,18,RGG,206.33577975668868,0.5194730143977638,1.0,1.9622230843570365,6.9083740468191905,987,0.5608211181735636,1086,31.09446853756314
100,18,Physarum,7.278323263050564,1.2950069670527502,0.8959595959595958,0.002761863968815518,4.428158209671327,0,0.5889778815042697,99,1.0968315528019967
100,19,MST,6.795818338014602,0.9939487867128668,0.918080808080808,0.004088029334343891,4.429141515593137,0,0.618395069612977,99,1.0
100,19,kNN,16.67279869215797,1.024196286600292,0.979090909090909,0.008379756316081668,5.131471604271237,94,0.7033376416553188,193,2.4533908740457777
100,19,RGG,194.25943860015252,0.5346968890232049,1.0,1.7087141575935205,6.834945595228415,915,0.5828177070380502,1014,28.58514294202064
100,19,Physarum,7.176789312771639,1.0114859385615451,0.9184848484848485,0.00409953866473424,4.428578668880937,1,0.6236918702713121,100,1.056059617224603
100,20,MST,6.631995001690702,1.1489845929783906,0.8836363636363634,0.002323377081474136,4.465159801999963,0,0.5965849098930682,99,1.0
100,20,kNN,15.566842881953349,0.8460186085226922,0.987070707070707,0.011139756120265763,5.132680859556764,90,0.6415304483278979,189,2.347233807924294
100,20,RGG,205.30228243719333,0.5166547068814052,1.0,2.2243705966172813,6.8949861239310115,971,0.5672792744731929,1070,30.956338535366115
100,20,Physarum,6.794100699518612,1.157244033383808,0.8837373737373736,0.0023233799294803802,4.467462374487748,0,0.5974327780897124,99,1.0244429764779053
100,21,MST,6.4727642309488935,1.06473970102262,0.8965656565656565,0.002802388614396966,4.471907233965248,0,0.5908999096805976,99,1.0
100,21,kNN,15.227202176692867,0.761112745692357,0.9857575757575756,0.017287056761218864,5.144923820447122,90,0.6359643987973287,189,2.35250375780497
100,21,RGG,202.90999741355864,0.5295174099958198,1.0,1.4500938903673295,6.8865392246388915,967,0.5860388545477482,1066,31.348275663025728
100,21,Physarum,7.028148435468034,1.0907237118603867,0.8972727272727272,0.002808761960243475,4.421931299949591,0,0.5989567654897192,99,1.0858032495396055
100,22,MST,6.924966578093245,1.2410310001453422,0.8760606060606061,0.00207102477370327,4.508894934076975,0,0.5850472358498338,99,1.0
100,22,kNN,16.514469937114587,1.1267543696841453,0.9674747474747474,0.00593563929265709,5.145467331503548,87,0.710451053472275,186,2.3847725113009517
100,22,RGG,210.91084255228597,0.5198272714157142,1.0,2.328865683217328,6.90478617624544,973,0.515039307128581,1072,30.456586349382675
100,22,Physarum,7.300476012112735,1.2566579949802479,0.8759595959595959,0.002070877749306279,4.486682280415419,0,0.58406797188991,99,1.0542254507346496
100,23,MST,6.950433989576586,1.422417146108209,0.8635353535353535,0.0019187555570574122,4.466294216016272,0,0.5483653835875619,99,1.0
100,23,kNN,16.449006856709456,0.8443542018287449,0.9964646464646464,0.023867094631228228,5.140685804185177,92,0.5774670157605626,191,2.3666157942622967
100,23,RGG,191.20292900448078,0.542703210184447,1.0,1.923504693785859,6.817097225619337,893,0.5964723542656989,992,27.50949498854656
100,23,Physarum,7.490953339229041,1.44273897001103,0.8675757575757577,0.001971213018699695,4.447294647157222,1,0.5649016505131756,100,1.0777677121260427
100,24,MST,6.644585675713212,1.0962636204581577,0.8972727272727273,0.0030065178993853563,4.467877697322739,0,0.586315247438886,99,1.0
100,24,kNN,16.024397590620875,0.9110984997137999,0.9811111111111112,0.010399265398404068,5.116478595098178,88,0.6892962128043283,187,2.411647373167607
100,24,RGG,198.57818527599085,0.5293313427275119,1.0,1.9971049510610484,6.852291700599761,926,0.5489508362899134,1025,29.88571371753379
100,24,Physarum,7.886851931092749,1.1855880413027886,0.891919191919192,0.002752044313000553,4.349316437352608,0,0.5969658787092675,99,1.1869591748843236
100,25,MST,6.75209789070298,1.158482470046906,0.9063636363636363,0.004308796232284641,4.464560191778217,0,0.5561268225584595,99,1.0
100,25,kNN,16.241053065216555,0.9042790587411852,0.9887878787878788,0.009745894582383802,5.1149786497289575,89,0.6268643234466831,188,2.405334360981199
100,25,RGG,221.28574498775674,0.5103504374128539,1.0,2.5924517756325507,6.942115119911239,1018,0.5290889252591384,1117,32.772887563204165
100,25,Physarum,7.719544767296772,1.4663039777358073,0.9055555555555554,0.0038222776223931125,4.3440815747991754,0,0.5677008978675642,99,1.1432809316828594
100,26,MST,6.383272782507979,1.140026708377201,0.8732323232323231,0.0021188019660395097,4.447322442934767,0,0.5490502026037707,99,1.0
100,26,kNN,15.219457808958971,0.9490790757158238,0.9643434343434342,0.005990291136052074,5.097367571948762,88,0.6939639989137607,187,2.384271881763334
100,26,RGG,211.869321311658,0.519264051737031,1.0,1.9312316487450503,6.925963138798313,1010,0.5939594868332212,1109,33.19133123877167
100,26,Physarum,6.826745720688689,1.1427070718004881,0.8772727272727272,0.002141713556757314,4.385929221291972,0,0.5761706876394941,99,1.0694742263554762
100,27,MST,7.040488417328614,1.4420291044335825,0.8562626262626263,0.0017501099623886264,4.478561201184688,0,0.5465970680628276,99,1.0
100,27,kNN,16.431745434941032,1.1921097459032959,0.9603030303030303,0.00525006941983285,5.153401404877437,92,0.7016872190225141,191,2.333892829721572
100,27,RGG,206.3787594612183,0.5286694020171046,1.0,2.1871182917546905,6.883187153056024,955,0.5191580161476355,1054,29.31313102557805
100,27,Physarum,8.585271105084557,1.4658110277507774,0.8773737373737375,0.0021343246451664567,4.379575938678246,0,0.583672339211865,99,1.2194141366604339
100,28,MST,6.730010525964697,1.2958001408562552,0.8857575757575756,0.0026279037566691904,4.485525636857603,0,0.5343601384245411,99,1.0
100,28,kNN,15.559756894594551,1.011767418946584,0.9787878787878789,0.009406618579529406,5.151902138443946,90,0.6501963597605971,189,2.3119959225270565
100,28,RGG,190.34501719649987,0.5449662150934718,1.0,1.6685610485377316,6.825426448863583,902,0.6150657974163949,1001,28.28301924077828
100,28,Physarum,7.926566043311841,1.342891954847038,0.8889898989898988,0.002646211932960497,4.390245022518545,0,0.5594263897150769,99,1.177794003847509
100,29,MST,6.788892299204467,0.9295687731528413,0.9164646464646463,0.00422030130287121,4.4510227161506615,0,0.6321945025634477,99,1.0
100,29,kNN,16.634546026376864,0.7601940823112097,0.9934343434343433,0.017778721906687965,5.133557506676663,92,0.6437426089908622,191,2.4502592312925815
100,29,RGG,217.68050649883435,0.5175389531457315,1.0,1.9413146501747336,6.950519812437566,1037,0.551949853294212,1136,32.064215619438016
100,29,Physarum,9.163025245337751,1.067519480717853,0.92020202020202,0.004219567058158045,4.297311743535881,0,0.6575101875863001,99,1.349708441598269
