trial,mu,n,cost,efficiency,robustness,algebraic_connectivity,network_entropy,cyclomatic_number,betweenness_gini,num_edges,steiner_ratio
0,0.25,50,659.5034473985359,0.5517484107699897,1.0,42.598387184861025,6.96468845736031,1148,0.8544827586206898,1197,138.807328255426
0,0.5,50,161.63114614541269,1.0534219963378582,1.0,3.0000000000000924,5.3736841049802795,189,0.9330293819655524,238,34.01890869229873
0,0.75,50,8.414047686510814,1.3051777201418677,0.9069387755102041,0.012909377439902524,3.595736846762618,3,0.649154589371981,52,1.7709255103749852
0,1.0,50,10.409124112669454,1.6387165109519977,0.9016326530612245,0.011745900473218674,3.3038082906769457,2,0.6263191368540599,51,2.1908341999699252
0,1.25,50,5.888253801170529,0.9839021394989772,0.8759183673469387,0.009468198843775364,3.449345001318556,0,0.5605069470521968,49,1.2393153992664816
0,1.5,50,5.436991042828227,0.8858970938706582,0.8963265306122449,0.011376428045187351,3.6859558832534955,0,0.5997722589740804,49,1.1443370059407882
0,2.0,50,5.138872434933195,0.8810578930835657,0.903673469387755,0.01313632564282338,3.7410505230570497,0,0.5878036413920258,49,1.0815912422478657
0,3.0,50,5.016314104724682,0.8723911219484679,0.8942857142857144,0.011243991309605097,3.7649405966567575,0,0.6007224210868858,49,1.0557960861515705
1,0.25,50,610.6093609577972,0.5096413215879244,1.0,43.64255628497868,6.981236658832216,1157,0.868421052631579,1206,121.99157676925664
1,0.5,50,75.72867529194691,1.0127970497116303,1.0,2.0000000000001026,4.712975268898824,74,0.9538656987295828,123,15.129575627567492
1,0.75,50,13.723627483457134,1.507880668387642,0.9383673469387755,0.01967314941192247,3.699815724923498,0,0.7815398388540733,49,2.741797068218469
1,1.0,50,12.050726825208342,1.7089183144422848,0.9012244897959184,0.010442890255440315,3.402131266237562,3,0.5768433708602034,52,2.407573909965573
1,1.25,50,5.568403063324671,1.0275274117665032,0.8779591836734696,0.008838349690674166,3.6512464411389858,0,0.5186469153644659,49,1.112492394017991
1,1.5,50,5.363340839180806,0.9591864537383848,0.8951020408163265,0.010221543358690074,3.711400621599106,0,0.5572646755921726,49,1.0715237065745473
1,2.0,50,5.462403299654866,1.0998457309996967,0.8910204081632656,0.010432255445242332,3.666396535304633,0,0.5604886841578212,49,1.0913150601380053
1,3.0,50,5.18868306202812,0.9510417102549138,0.8938775510204082,0.011069878274087314,3.73360302811883,0,0.5590460627106526,49,1.0366294206493398
2,0.25,50,600.2793919815646,0.5008785337296744,1.0,45.18639349735257,6.973580972175509,1156,0.806,1205,122.68066387975115
2,0.5,50,67.3245735752836,1.0341055279540534,1.0,2.000000000000437,4.594674270964014,60,0.9650896057347669,109,13.759298573239377
2,0.75,50,15.663270753500635,1.4210881734673708,0.9591836734693877,0.031352151421563085,3.6570103849195457,2,0.8071508379888268,51,3.2011434679182895
2,1.0,50,11.110393300417666,1.5910693101415025,0.8897959183673468,0.009221268301019027,3.47774210143828,4,0.5088629402756506,53,2.2706600364222385
2,1.25,50,5.390708234843735,0.9707873491238982,0.8869387755102042,0.009357137489186287,3.665890777559432,0,0.5183441434566958,49,1.1017130920479465
2,1.5,50,5.3085239473632395,1.1287679740707328,0.8706122448979592,0.008338169794645923,3.678570461360179,0,0.4878253468380289,49,1.084916875014227
2,2.0,50,5.148428890350161,0.9678836729721895,0.8865306122448979,0.009352556923287791,3.712475207462391,0,0.515699762470309,49,1.0521978309481028
2,3.0,50,5.062755603011178,0.9617568148754593,0.8889795918367347,0.009473571635285774,3.7210208273796277,0,0.5223380145278453,49,1.0346885579197362
3,0.25,50,649.6616180870924,0.5387992933049615,1.0,46.000000000000504,6.9829659390504375,1160,0.8624999999999998,1209,131.5178153184234
3,0.5,50,114.43505911637462,0.973877558376392,1.0,2.0000000000000786,5.143214114216125,138,0.9159152215799613,187,23.16628926784253
3,0.75,50,10.669160111178606,1.4838852698681153,0.9024489795918366,0.010597953107828219,3.638853744283553,0,0.7188703302307788,49,2.159869984679577
3,1.0,50,10.770488987530282,1.3226160834749237,0.8926530612244897,0.010653896035422827,3.480947793077411,4,0.6162383126766688,53,2.1803830519063014
3,1.25,50,5.5754166677000105,1.2132011349595828,0.8767346938775509,0.009073924130554118,3.6665213197657325,0,0.5792081491447243,49,1.128690073741634
3,1.5,50,5.484884378877497,1.1955198710638189,0.8771428571428571,0.00907726358056919,3.6765189286286932,0,0.583784149049136,49,1.1103626729683327
3,2.0,50,5.439831772771021,1.196199051795149,0.8771428571428572,0.009077263580569794,3.6788164300020063,0,0.583784149049136,49,1.1012422013804133
3,3.0,50,4.9713927930572686,1.0734226969317988,0.8661224489795916,0.008038958458875211,3.772300837656712,0,0.5712565729827743,49,1.006411185499643
4,0.25,50,678.3895363516021,0.561918609581528,1.0,44.91386980234882,6.980749420613549,1159,0.8422222222222222,1208,137.63969126696136
4,0.5,50,105.74601185393321,0.9582369234990841,1.0,2.0000000000000524,5.019577156445163,126,0.9331138287864533,175,21.45500135890094
4,0.75,50,8.274227270884683,1.4914758503395846,0.8857142857142857,0.008638646393655317,3.722818104909895,1,0.6368332131451531,50,1.67877307359732
4,1.0,50,10.119180225954391,1.3296838232661174,0.9126530612244899,0.01447024163232346,3.4294801837923625,3,0.6049833559363826,52,2.053098946168339
4,1.25,50,5.9639293563818265,1.570507451150125,0.8816326530612245,0.011067197836427982,3.49982090687935,0,0.5252541426177617,49,1.210032512831849
4,1.5,50,5.6685037294751375,1.3470066127534541,0.896734693877551,0.011765838775050969,3.6313078344927203,0,0.5753908586074326,49,1.150093068160476
4,2.0,50,5.484857545398685,1.3526970865510441,0.8771428571428572,0.009116645103043282,3.6745704133203563,0,0.5613717317165594,49,1.1128327586713602
4,3.0,50,5.283455328321372,1.2368340521875896,0.8783673469387755,0.008937229067809117,3.7475714664040827,0,0.5525162488393689,49,1.0719698952373413
5,0.25,50,577.4721034631739,0.4846660486490295,1.0,44.585786437627036,6.974483520945147,1149,0.7874074074074076,1198,122.08256347456968
5,0.5,50,66.49333576019794,1.0192846049177369,1.0,2.0000000000000964,4.573765054582245,60,0.9652329749103941,109,14.057262393971058
5,0.75,50,14.869730931846435,1.5578552228602696,0.9599999999999999,0.035370361164477906,3.620068859733473,0,0.829673605756875,49,3.1435888581459084
5,1.0,50,10.308650770151312,1.2608525661587136,0.8975510204081634,0.011048047054789104,3.465838193334245,3,0.5951147505656722,52,2.1793373297805125
5,1.25,50,5.274652371594012,0.9767191645544858,0.8942857142857141,0.01096307196110221,3.6668899979039056,0,0.598707191780822,49,1.1151068235151216
5,1.5,50,5.274652371594012,0.9767191645544858,0.8942857142857141,0.010963071961100367,3.6668899979039056,0,0.598707191780822,49,1.1151068235151216
5,2.0,50,5.133415327025832,0.9694866865112377,0.9040816326530612,0.013531702905139388,3.6688293900357705,0,0.5892899140660333,49,1.0852480989896431
5,3.0,50,4.9098596775120775,0.8030281364481062,0.9081632653061223,0.012925442447963268,3.7223462742137876,0,0.6149709129763741,49,1.0379865142166533
6,0.25,50,629.9285506853992,0.5153180808274481,1.0,48.00000000000004,6.977311697649055,1171,0.8999999999999999,1220,130.86362577884464
6,0.5,50,113.4427373964013,0.8943066770216325,1.0,2.7149753388915663,5.1307491587750205,154,0.9340900195694717,203,23.56700282566586
6,0.75,50,8.946906404157714,1.3102391417160335,0.8836734693877552,0.008575301464346402,3.7773060800217046,4,0.665717924227953,53,1.8586625582823921
6,1.0,50,5.604752950125501,1.2988523753112502,0.8579591836734692,0.007103280856053539,3.696323806026067,0,0.5575956284153007,49,1.164351563125776
6,1.25,50,5.581650042544033,1.1001619086675754,0.9179591836734694,0.015041018712659183,3.6784972216311935,0,0.6016241998242751,49,1.1595520819007148
6,1.5,50,5.440824923917597,0.9325546694105441,0.9293877551020406,0.025888195414090584,3.7243758388495505,0,0.5970244390453048,49,1.1302965645819019
6,2.0,50,5.172637566055251,0.8569898063399178,0.9240816326530612,0.020708740819987203,3.7686541977356187,0,0.6183997815401421,49,1.0745823569948214
6,3.0,50,4.944977787014025,0.861204224599749,0.9118367346938776,0.0163879805970137,3.7800752447876036,0,0.576828803051979,49,1.0272874945903
7,0.25,50,610.6782509137165,0.5058826147618475,1.0,45.00000000000036,6.980250758708813,1161,0.8333333333333333,1210,118.80153972592954
7,0.5,50,70.63460423975422,1.084292261207949,1.0,2.0000000000004325,4.574050136769606,60,0.9588571428571431,109,13.741278208383614
7,0.75,50,12.081325241667674,1.5086983784383425,0.92,0.013632114629082934,3.663877035672991,0,0.7553788587464918,49,2.3503048266289905
7,1.0,50,7.350116452126576,1.3827701590888977,0.8779591836734693,0.00890408540957673,3.685365219689096,0,0.5814957594448729,49,1.4298939750531579
7,1.25,50,5.762236258085695,1.1175868161390563,0.8946938775510205,0.010746735722054123,3.6939119035698993,0,0.5905269841269842,49,1.1209872608053335
7,1.5,50,5.762236258085695,1.1175868161390563,0.8946938775510205,0.010746735722056179,3.6939119035698993,0,0.5905269841269842,49,1.1209872608053335
7,2.0,50,5.485779033023756,0.9903376920983525,0.8975510204081633,0.01087473805821306,3.735086799299713,0,0.5896876006441225,49,1.0672051849633095
7,3.0,50,5.3339750573832765,0.9892521050060552,0.8938775510204082,0.010777868757945048,3.7500153401366716,0,0.5689776490066223,49,1.0376731916171855
8,0.25,50,662.1461392985228,0.5478514184676179,1.0,45.000000000000206,6.981569064261722,1163,0.9061538461538461,1212,142.65910465066355
8,0.5,50,113.28854368246108,0.9796237197636756,1.0,2.000000000000037,5.073971870650864,132,0.9371264367816092,181,24.407968648792725
8,0.75,50,9.248989553625831,1.3877821994785389,0.876326530612245,0.0076357898982300785,3.7250187721510404,3,0.657577481963215,52,1.9926908734096502
8,1.0,50,7.098968014458577,1.7308344925227281,0.8706122448979592,0.00779602004356467,3.4973434354154342,0,0.5320588489831242,49,1.52946964541581
8,1.25,50,5.331020209475531,1.227990843036033,0.8689795918367347,0.007768743357479131,3.6407739412606768,0,0.5258124197002145,49,1.1485660412731016
8,1.5,50,5.331020209475531,1.227990843036033,0.8689795918367347,0.007768743357475461,3.6407739412606768,0,0.5258124197002145,49,1.1485660412731016
8,2.0,50,5.262525639351969,1.2272183276765554,0.8620408163265306,0.007294021164043748,3.679031028899712,0,0.5229630861323578,49,1.1338089152138737
8,3.0,50,4.951652329172673,1.1118568659557992,0.8755102040816327,0.008710922514305058,3.7299265938581563,0,0.5577838928636953,49,1.066831392492153
9,0.25,50,580.8339382061619,0.482018782549909,1.0,45.000000000000185,6.9715370145496,1154,0.8072727272727276,1203,119.04142512309183
9,0.5,50,77.79032497117214,1.0715638688312734,1.0,2.0000000000002203,4.7287303069765825,75,0.9531880108991826,124,15.94306140918012
9,0.75,50,15.467753869043285,1.6670749648871617,0.9538775510204082,0.024886889103816798,3.5747842396186917,0,0.7892368944923684,49,3.170103092995533
9,1.0,50,10.296616927600533,1.6157056641099956,0.9167346938775512,0.0168359210814086,3.433832088354206,2,0.610771979073625,51,2.1102829438541844
9,1.25,50,5.498300755536046,0.9278017728671127,0.9024489795918368,0.013764330743627757,3.6259565232169164,0,0.5738847338319402,49,1.1268720965510548
9,1.5,50,5.364911409693859,0.9086302759422421,0.9020408163265305,0.013762671993529709,3.6613700192747367,0,0.5703294297909598,49,1.0995340627675418
9,2.0,50,5.25851489822738,0.9060552687725807,0.9057142857142857,0.012872110115429023,3.687950030483105,0,0.5985125115848009,49,1.0777281875939748
9,3.0,50,5.25851489822738,0.9060552687725807,0.9057142857142857,0.01287211011542875,3.687950030483105,0,0.5985125115848009,49,1.0777281875939748
10,0.25,50,563.7382652278114,0.46500431476680476,1.0,45.8299135133756,6.972381033253941,1160,0.7824999999999998,1209,121.22692705525638
10,0.5,50,101.99230817267815,0.9785512719087957,1.0,2.0000000000000355,5.069439224567688,130,0.9366730401529635,179,21.93254363893499
10,0.75,50,13.364373631953935,1.3972542247543622,0.950204081632653,0.02917894316056667,3.5869027213412696,4,0.7716344755970923,53,2.8738903270392093
10,1.0,50,9.059759895783623,1.1289352543526494,0.9069387755102041,0.012363326892388317,3.3971207459232233,2,0.6474745972738536,51,1.9482212220958095
10,1.25,50,5.250754617794902,0.8673831476390483,0.9004081632653061,0.011942831071602756,3.640535955120258,0,0.6199999999999997,49,1.12912833188509
10,1.5,50,5.070109203845021,0.7623927896747722,0.9118367346938774,0.014516557511298477,3.6928237338127716,0,0.6424735860783095,49,1.0902821336215764
10,2.0,50,4.842884738966827,0.909677255713241,0.8832653061224491,0.009618486923326093,3.729157698847099,0,0.6030459770114946,49,1.0414195224986167
10,3.0,50,4.842884738966827,0.909677255713241,0.8832653061224491,0.009618486923324213,3.729157698847099,0,0.6030459770114946,49,1.0414195224986167
11,0.25,50,648.29693343743,0.5357363178798742,1.0,45.6072437528057,6.983790074794391,1162,0.8342857142857143,1211,137.07953396680375
11,0.5,50,108.80571727926363,1.037403966778633,1.0,3.0000000000000693,4.975852496049145,111,0.9453708920187796,160,23.00649015641963
11,0.75,50,10.100789985103507,1.3940311410389006,0.916326530612245,0.014256531924214345,3.671048439060889,0,0.6734334152970107,49,2.1357675972844663
11,1.0,50,7.123909199450254,1.442342837615204,0.8951020408163265,0.013299552841828557,3.629414670465552,0,0.5561302798982188,49,1.506319253902066
11,1.25,50,5.275441295844134,1.050228698760182,0.8987755102040818,0.014228939521315211,3.672086532625005,0,0.5446532999164582,49,1.115468849234253
11,1.5,50,5.275441295844134,1.050228698760182,0.8987755102040818,0.014228939521314867,3.672086532625005,0,0.5446532999164582,49,1.115468849234253
11,2.0,50,5.018314788080347,1.0097095096828792,0.8938775510204082,0.011683803612895392,3.7119251916083584,0,0.5394614294391575,49,1.061100580564703
11,3.0,50,5.00751845891671,1.0100115421603424,0.893061224489796,0.01175476599572247,3.711668868941491,0,0.5403630130079662,49,1.0588177442685993
12,0.25,50,667.1590533727223,0.5499023865987462,1.0,46.000000000000234,6.982196515895682,1164,0.8299999999999998,1213,137.1748841490627
12,0.5,50,143.89873171287348,0.9161039945561783,1.0,2.0000000000001505,5.373592970857889,199,0.9013483146067416,248,29.587085346622295
12,0.75,50,7.4137798433170765,1.2874935360054134,0.8693877551020408,0.00780315495963735,3.7460918846912183,2,0.6100859869602195,51,1.5243507316170926
12,1.0,50,8.714336253227396,1.4788519684270756,0.9228571428571426,0.019162938181885608,3.4063452372212133,1,0.5198441292960267,50,1.7917587416813734
12,1.25,50,5.5612424160631555,1.1587844810096608,0.9069387755102041,0.015821160808262413,3.6439511409598757,0,0.4988073394495416,49,1.1434496471145505
12,1.5,50,5.5612424160631555,1.1587844810096608,0.9069387755102041,0.015821160808260903,3.6439511409598757,0,0.4988073394495416,49,1.1434496471145505
12,2.0,50,5.248638236081098,1.0831592969934423,0.8873469387755101,0.010925251674777392,3.7362297847905452,0,0.512163117180785,49,1.079174955859488
12,3.0,50,5.150320053724189,1.0899329232883923,0.8832653061224489,0.010857231343388117,3.7363542674682346,0,0.5003801790163329,49,1.0589597085262248
13,0.25,50,637.6916574201707,0.5270023481978041,1.0,45.69722436226833,6.982171836157295,1160,0.8424999999999998,1209,129.28980964273106
13,0.5,50,95.41270239285019,0.9610055926929625,1.0,2.000000000000056,4.924891019964964,105,0.925434173669468,154,19.34460014699881
13,0.75,50,12.453830868365195,1.5806513040535943,0.9281632653061225,0.0157401125889111,3.738853155738821,0,0.7639250524955581,49,2.5249717532885723
13,1.0,50,10.272582553593415,1.5159204633702652,0.9085714285714285,0.013238615934431229,3.44784049912451,2,0.5743690637720484,51,2.082731093372655
13,1.25,50,5.783183190291173,1.4408512150641228,0.8832653061224489,0.010419621528746674,3.5589310152213884,0,0.5387678892995926,49,1.1725206768843284
13,1.5,50,5.487848512517311,1.1048763837886275,0.8963265306122449,0.011984771842126485,3.6478378015304065,0,0.5624640529636908,49,1.1126425777654607
13,2.0,50,5.23014044895546,1.0447049342318444,0.8942857142857144,0.011349243675424604,3.701555806833291,0,0.5640649070555612,49,1.060393146408458
13,3.0,50,5.189280369578197,0.9664689648394079,0.9012244897959184,0.01115465472532124,3.7290038869858937,0,0.6089358874986157,49,1.0521089046072634
14,0.25,50,601.3913446643452,0.4996834365831839,1.0,45.22428714426418,6.978287945629864,1158,0.8355555555555556,1207,124.03784286551776
14,0.5,50,113.61135954909821,0.9355402575739954,1.0,2.0000000000001013,5.15624272330944,143,0.9109583736689255,192,23.4325087790449
14,0.75,50,10.462941408945417,1.397644231271905,0.9012244897959184,0.01005172615292424,3.671565202076042,0,0.7327680991095626,49,2.157996941439576
14,1.0,50,8.644330690932142,1.5658478039071106,0.9293877551020409,0.02204107226947835,3.5200433085905627,0,0.6650269622528462,49,1.7829058256863581
14,1.25,50,5.767934025032264,1.1518086406550956,0.8726530612244897,0.009119976896808853,3.5182574316991913,0,0.5465560619872376,49,1.189644813819087
14,1.5,50,5.767934025032264,1.1518086406550956,0.8726530612244897,0.009119976896800892,3.5182574316991913,0,0.5465560619872376,49,1.189644813819087
14,2.0,50,5.105374513747646,0.8877077582813967,0.9138775510204081,0.017556266642929044,3.7382068152840846,0,0.5913717693836977,49,1.0529909472829062
14,3.0,50,5.014055845868721,0.8507745641997624,0.9106122448979592,0.015024659235549105,3.752779480295868,0,0.6183775883069427,49,1.0341563387080581
15,0.25,50,589.847502729601,0.49001369683796503,1.0,46.00000000000053,6.978726746660278,1159,0.9000000000000001,1208,123.03283082380648
15,0.5,50,91.54079613606255,1.042836528150486,1.0,2.0000000000000733,4.907080421540937,103,0.9480521901211558,152,19.093957730372434
15,0.75,50,12.016510184173548,1.4689016113608373,0.9163265306122449,0.012729004506529541,3.639903692124702,0,0.7490585533869123,49,2.506453376068143
15,1.0,50,7.788768901602803,1.7735578617248096,0.9142857142857143,0.016530951546046623,3.4160838033533993,0,0.5899526411657561,49,1.6246136198967964
15,1.25,50,5.607555453966252,1.0564775918096585,0.8677551020408161,0.00761566727125265,3.597765390688613,0,0.5620546350201527,49,1.1696471008358487
15,1.5,50,5.369718540459218,0.8736224832044859,0.9134693877551021,0.017335141456349793,3.6864158274893555,0,0.5844215321903847,49,1.1200380940879104
15,2.0,50,5.369718540459218,0.8736224832044859,0.9134693877551021,0.01733514145635379,3.6864158274893555,0,0.5844215321903847,49,1.1200380940879104
15,3.0,50,4.966624565961508,0.9503917102587016,0.8951020408163264,0.011847651742370336,3.7342765292270417,0,0.5768361105252056,49,1.0359590863088315
16,0.25,50,642.338581572243,0.5338023571534647,1.0,47.000000000000085,6.9835822091766495,1160,0.7775000000000001,1209,133.09158085999957
16,0.5,50,122.5351511484759,0.9742728576821251,1.0,2.000000000000092,5.1850803240754875,151,0.9200585365853657,200,25.38909765835927
16,0.75,50,11.139823346026493,1.4932284213787514,0.8689795918367348,0.0071932954923773305,3.6230859383707226,1,0.6515325291674905,50,2.3081545187505568
16,1.0,50,9.989104860637672,1.7699908485634634,0.8922448979591836,0.009591145575432407,3.42016102324122,1,0.6002034039020341,50,2.0697273920935264
16,1.25,50,5.759018171334599,1.2819164261540026,0.8199999999999998,0.005422484897842242,3.5349848157356027,0,0.4792831490740088,49,1.1932598393020255
16,1.5,50,5.363071012783568,1.0726198235855686,0.8787755102040816,0.00901335906056462,3.724926502117887,0,0.5521805633277372,49,1.1112201879711099
16,2.0,50,5.363071012783568,1.0726198235855686,0.8787755102040816,0.009013359060563874,3.724926502117887,0,0.5521805633277372,49,1.1112201879711099
16,3.0,50,5.11205981890244,1.0098883514332606,0.8877551020408164,0.010360571915341033,3.7573191926444616,0,0.5661967576276303,49,1.0592110489195148
17,0.25,50,566.0887907586508,0.4813316047091549,1.0,41.14295252271683,6.955636069881848,1138,0.819,1187,121.55459307228722
17,0.5,50,89.810731161871,0.9607220247366858,1.0,2.000000000000063,4.933756511655494,105,0.951652661064426,154,19.284796056949634
17,0.75,50,9.678731395437982,1.3274916365762484,0.9240816326530612,0.01652522985216203,3.5953123179921125,0,0.7292375366568917,49,2.0782857308510585
17,1.0,50,8.435939287241844,1.632357730294598,0.9142857142857141,0.013832494685334481,3.4951347500677468,0,0.6641740900992619,49,1.8114246103848202
17,1.25,50,5.3686392477715,1.022555355436238,0.8963265306122449,0.011418764888194887,3.62450957809318,0,0.5786795792981358,49,1.1527922293607122
17,1.5,50,5.034297952628178,0.8248965535821929,0.9085714285714285,0.014782381264318698,3.724678459069935,0,0.6112122641509434,49,1.08100009932411
17,2.0,50,4.897421834943579,0.8038529131529698,0.9089795918367345,0.014786385253855746,3.7439561829691432,0,0.6165611288983752,49,1.05160909024907
17,3.0,50,4.767820154463386,0.771344036488822,0.9163265306122449,0.019354908347914066,3.7475954118590344,0,0.6277249080065985,49,1.023780099833729
18,0.25,50,679.9826499354806,0.5584276266173794,1.0,47.00000000000012,6.980934253663383,1167,0.882222222222222,1216,140.57151599692008
18,0.5,50,178.55512373912433,0.933267326782354,1.0,2.0000000000001394,5.505485978503575,230,0.9040591966173361,279,36.912360095375846
18,0.75,50,7.300850238576584,1.1762414277097517,0.8914285714285713,0.010100145278926219,3.796965607779093,5,0.6501921598770173,54,1.5092908417598074
18,1.0,50,5.971140091706125,1.1786930008476244,0.8869387755102041,0.01004250266795662,3.713892574504282,0,0.6108409067168075,49,1.2344023998270561
18,1.25,50,5.874689266149511,1.3523089365108187,0.8567346938775511,0.007601270774268242,3.4794528348393063,0,0.49422930657820197,49,1.2144633046620044
18,1.5,50,5.5444853660047535,0.9969488235779926,0.9220408163265306,0.01728122385926111,3.642533818841401,0,0.5994547837483619,49,1.146200882325422
18,2.0,50,5.361571632269585,0.998428142263475,0.913469387755102,0.015612454743810589,3.6632653468116945,0,0.585764234551414,49,1.108387475100621
18,3.0,50,5.219892943507395,0.9066668364212073,0.9220408163265306,0.020313661643529362,3.714987601053486,0,0.5820630372492839,49,1.0790985100576944
19,0.25,50,610.3110113820532,0.5044623452701322,1.0,45.00000000000013,6.981603519719247,1162,0.9114285714285713,1211,128.0009854850702
19,0.5,50,90.28450647888916,0.9652462092318662,1.0,2.0000000000001337,4.921574513189253,109,0.9375046554934823,158,18.93543715877129
19,0.75,50,11.377314468146395,1.4631950956766326,0.9053061224489797,0.01044244540729818,3.6714587130699448,0,0.708469891411649,49,2.3861726839869206
19,1.0,50,8.129343289621476,1.5174544136798676,0.8897959183673472,0.009296173705843512,3.459678519020088,0,0.5924042379788101,49,1.7049732562773652
19,1.25,50,5.49062668912401,1.3049707219961963,0.8685714285714288,0.008442617797942888,3.643765556199005,0,0.5223681489141676,49,1.1515532474942467
19,1.5,50,5.257265925229945,1.1565599714476633,0.8710204081632655,0.00789961854002346,3.702116885495704,0,0.5476928597057766,49,1.1026103197165757
19,2.0,50,5.197011870040846,1.1519739964667166,0.8702040816326532,0.00794399279949527,3.70434196224334,0,0.5479311581211903,49,1.0899731915969122
19,3.0,50,4.822256724232399,1.0593862744266096,0.8485714285714288,0.0067182316493722615,3.7723337112229203,0,0.516216823029428,49,1.0113755142086962
20,0.25,50,676.4696536932718,0.5638273782590041,1.0,44.000000000000064,6.977008710201936,1155,0.8638095238095238,1204,133.2614050980213
20,0.5,50,137.3518121327807,0.9729219488267161,1.0,3.000000000000105,5.266457433856466,166,0.9409108910891091,215,27.057674173028257
20,0.75,50,9.96162251554432,1.4421684079888508,0.9138775510204081,0.012499004769497052,3.610290577735575,0,0.6993887945670627,49,1.9623937396598183
20,1.0,50,11.53121247300595,1.2181285057373359,0.9191836734693878,0.014994966546870448,3.395211666196439,5,0.5901608806096528,54,2.2715957297522245
20,1.25,50,5.700520872550537,1.2780144781980187,0.8995918367346938,0.011694253146819709,3.670385582883149,0,0.6066193905817177,49,1.1229763480434432
20,1.5,50,5.700520872550537,1.2780144781980187,0.8995918367346938,0.011694253146818403,3.670385582883149,0,0.6066193905817177,49,1.1229763480434432
20,2.0,50,5.531907564761357,1.303039106055364,0.8824489795918368,0.008971678334095961,3.7038714227085636,0,0.5927160372731735,49,1.0897603032563115
20,3.0,50,5.227644118218473,1.1188410521278636,0.8914285714285713,0.011282777700495959,3.758538763791868,0,0.5832063395306311,49,1.0298218061117577
21,0.25,50,648.9344270081837,0.537573787588066,1.0,45.82991351337575,6.9679577251695015,1157,0.8260000000000001,1206,137.25184918924984
21,0.5,50,127.4796810495102,1.0003690233582871,1.0,2.000000000000137,5.166401785545103,148,0.9370038910505836,197,26.96238823199373
21,0.75,50,8.734713330485205,1.233319963715355,0.9118367346938776,0.01586151189320842,3.630576465873975,0,0.6643879733299785,49,1.847421722213494
21,1.0,50,11.62151149141769,1.614638141260845,0.9163265306122448,0.015009735153425423,3.3667939574757377,4,0.5430091221419262,53,2.4579893995223028
21,1.25,50,5.815044311991218,1.1083374681242044,0.8677551020408164,0.009029463161687873,3.458243028236721,0,0.483069348243345,49,1.2299017461869977
21,1.5,50,5.422033923962213,1.0576767116413048,0.900816326530612,0.014669324940589475,3.6742500229070236,0,0.5061346633416457,49,1.1467787059188854
21,2.0,50,5.142972646532469,0.9809422369255909,0.9012244897959184,0.014808470077720811,3.7389067853535156,0,0.5344770583871994,49,1.0877562919888202
21,3.0,50,5.043836397230104,0.9396143224779194,0.9016326530612245,0.01544844462902225,3.737867011485784,0,0.5266200169635287,49,1.0667886364412984
22,0.25,50,652.0416599070892,0.5385807060251986,1.0,46.000000000000135,6.968151986545166,1161,0.8760000000000003,1210,133.97702206178766
22,0.5,50,75.94852925200753,1.0185049043454375,1.0,2.0000000000002576,4.654099493359544,76,0.9594192377495461,125,15.60537984736504
22,0.75,50,13.628405480633274,1.5284258748753963,0.9093877551020408,0.010080149562840148,3.73597045491501,0,0.7740649238724506,49,2.800270740378717
22,1.0,50,8.440867841520017,1.5393693805583168,0.8828571428571429,0.008317872089363406,3.465326269238757,0,0.5917085574572132,49,1.7343712933696647
22,1.25,50,5.438537148708211,1.210863619588375,0.86,0.00784859640301659,3.6648953890378992,0,0.5236000337239695,49,1.1174730946794982
22,1.5,50,5.438537148708211,1.210863619588375,0.86,0.007848596403016215,3.6648953890378992,0,0.5236000337239695,49,1.1174730946794982
22,2.0,50,5.438537148708211,1.210863619588375,0.86,0.007848596403015785,3.6648953890378992,0,0.5236000337239695,49,1.1174730946794982
22,3.0,50,5.177757816418204,1.0256324698130668,0.8820408163265305,0.009911675729986056,3.7120226421046305,0,0.5251489913011291,49,1.0638899565093771
23,0.25,50,625.6648814330943,0.5148794222437058,1.0,46.000000000000355,6.959783903832559,1167,0.8555555555555554,1216,132.17956236241886
23,0.5,50,86.85919872940462,0.8754957736010414,1.0,2.000000000000053,4.8986174542334435,115,0.9404524033930253,164,18.35009637892038
23,0.75,50,9.270119464414766,1.214305199390092,0.9048979591836733,0.01064493258574301,3.681930280869432,0,0.7424607118871727,49,1.958429137091842
23,1.0,50,5.493969524618083,1.0639603520786285,0.8914285714285712,0.011773406856014764,3.6455652565128345,0,0.5557732987427655,49,1.1606700470915596
23,1.25,50,5.569429995514386,1.1747600952495192,0.9,0.015546732267133108,3.5093161358443803,0,0.5381268498942917,49,1.176612019087637
23,1.5,50,5.144473103097284,0.9010403327459193,0.9126530612244897,0.020173406334404384,3.677156149986361,0,0.5804684173172461,49,1.0868345395942596
23,2.0,50,5.144473103097284,0.9010403327459193,0.9126530612244897,0.020173406334393462,3.677156149986361,0,0.5804684173172461,49,1.0868345395942596
23,3.0,50,4.92665815111151,0.8919589029671925,0.9020408163265308,0.015687602433523195,3.705672003994737,0,0.5665647855037659,49,1.0408183959943096
24,0.25,50,618.5090925524044,0.5154639729557537,1.0,43.21293215428101,6.975257190177365,1158,0.8927272727272724,1207,123.23424003406902
24,0.5,50,98.74378563526047,0.9993763243176309,1.0,2.0000000000000364,4.926591392074239,107,0.9578484565014029,156,19.674109123654212
24,0.75,50,12.685633495100912,1.3907860840472412,0.9175510204081633,0.01234989534710817,3.7059609308518935,1,0.7738132355188752,50,2.5275366553920757
24,1.0,50,8.280814113115348,1.6113867115038518,0.8971428571428571,0.009730700282137371,3.4991689376897304,1,0.5995920982381204,50,1.649902719913048
24,1.25,50,5.856149635042681,0.9401061101962214,0.8877551020408163,0.010477923476098154,3.5708163053086297,0,0.5776498945465496,49,1.1668028142029778
24,1.5,50,5.415287209391017,0.8999055484920704,0.9077551020408162,0.014842889128186548,3.729689090124658,0,0.5707813586830515,49,1.0789636108041112
24,2.0,50,5.243870299643903,1.013768220379088,0.8624489795918368,0.007453065695576933,3.7584973723607606,0,0.5482952055394865,49,1.044809816048241
24,3.0,50,5.243870299643903,1.013768220379088,0.8624489795918368,0.007453065695577795,3.7584973723607606,0,0.5482952055394865,49,1.044809816048241
25,0.25,50,626.4183624899791,0.5184944917271482,1.0,46.00000000000015,6.980670567572913,1161,0.8440000000000003,1210,130.43394294151165
25,0.5,50,112.42890790931867,0.9896096451285001,1.0,3.0000000000000266,5.098580493938149,135,0.9434197886647453,184,23.410146696418288
25,0.75,50,9.117802561581117,1.4085944853002415,0.8746938775510205,0.008166879712765623,3.6679732589968,3,0.5599169225212208,52,1.8985250278136045
25,1.0,50,6.750627863090611,1.413189001774216,0.8689795918367348,0.008599515841422769,3.6022333538106457,0,0.5007629979743413,49,1.4056277118278524
25,1.25,50,5.414192363862534,0.9824544759694773,0.8828571428571428,0.008678399938156186,3.6626992532689933,0,0.549480531724333,49,1.1273527408349415
25,1.5,50,5.263855324094311,0.9827161929141135,0.8840816326530612,0.008708614055978137,3.690991000827102,0,0.5534184451219513,49,1.0960492956594532
25,2.0,50,5.263855324094311,0.9827161929141135,0.8840816326530612,0.008708614055972817,3.690991000827102,0,0.5534184451219513,49,1.0960492956594532
25,3.0,50,4.965318813669905,0.9830019577772795,0.8738775510204081,0.008799563120422021,3.7436180444988207,0,0.5116418954362651,49,1.0338874937418443
26,0.25,50,604.994435679846,0.4978938333395823,1.0,46.00000000000045,6.9508771761037025,1163,0.8507692307692307,1212,139.12419926182451
26,0.5,50,112.05648451903208,0.9068189224750232,1.0,2.0000000000000457,5.0830980836047015,134,0.9302196752626557,183,25.76844969373445
26,0.75,50,9.484362763276625,1.4368791830529575,0.9053061224489796,0.011102067900089586,3.657309823420184,0,0.7038759115066124,49,2.1810190261779328
26,1.0,50,9.344814229701928,1.5880443858208229,0.930204081632653,0.01809617396827994,3.3703402676966263,0,0.6852751879699253,49,2.1489285194777765
26,1.25,50,5.061608589607249,1.0008575438589078,0.9195918367346938,0.0174176736649692,3.5373503082826123,0,0.6241025641025646,49,1.1639648242624987
26,1.5,50,4.881318554303126,1.0064278250168641,0.9053061224489796,0.014065158453541773,3.57572398421403,0,0.6065816733067728,49,1.1225054234526612
26,2.0,50,4.843786574771491,0.948570575170836,0.9212244897959184,0.02240865365266153,3.5892264621602656,0,0.6237544554455443,49,1.1138745893637787
26,3.0,50,4.733682376441824,0.9895909394403845,0.9073469387755102,0.014806678328061665,3.61953711811568,0,0.5786180422264875,49,1.0885550863657607
27,0.25,50,639.8378686014394,0.5265588415748511,1.0,45.518805695908085,6.978847367907447,1165,0.9030769230769229,1214,132.58144648667295
27,0.5,50,102.98729245225071,0.9730676717644152,1.0,2.000000000000047,4.984142155013492,118,0.9327788279773157,167,21.340100161484408
27,0.75,50,12.564626086662347,1.4446990264122097,0.9220408163265307,0.012938064240292311,3.73326278514969,0,0.772628048780488,49,2.603528773273567
27,1.0,50,8.964171541133148,1.6402366844065381,0.8889795918367349,0.009625154134947918,3.4601685766384778,1,0.570122506834059,50,1.8574749757714284
27,1.25,50,5.7877354660595985,1.1514225787946037,0.8763265306122449,0.0110177286356436,3.571981547950042,0,0.4761622139065358,49,1.199282470807283
27,1.5,50,5.500552816809788,1.1341580708546963,0.8840816326530614,0.009467952796068015,3.681896272721761,0,0.5308067614291201,49,1.139775066022631
27,2.0,50,5.120226876737994,1.0581762699029558,0.893061224489796,0.013790325993478923,3.744078351188228,0,0.5173620243076307,49,1.0609673465274727
27,3.0,50,5.02927904473552,1.0111140434565462,0.8914285714285713,0.012576648690569002,3.757155994272649,0,0.5167959263611437,49,1.042121955040921
28,0.25,50,619.7943003113736,0.5169251775976472,1.0,44.1822578404058,6.9754186066024975,1154,0.8618181818181814,1203,127.38946235737835
28,0.5,50,90.19540668421074,0.9884129062882291,1.0,2.0000000000002394,4.896304697394887,105,0.9345724907063198,154,18.538318856488925
28,0.75,50,10.601881693438703,1.3912895242129282,0.9142857142857143,0.012354262915796794,3.694879429340749,0,0.7441836593147453,49,2.179058452498171
28,1.0,50,8.863447382454316,1.6207762904166747,0.9236734693877551,0.016230914574840848,3.472235913598976,0,0.6678329128118867,49,1.8217492418315613
28,1.25,50,5.631442282312814,1.2454402744088415,0.8873469387755102,0.010043457200518352,3.6311928670518756,0,0.6084220512279965,49,1.1574588605929983
28,1.5,50,5.307363409523773,0.9871157476316599,0.9102040816326532,0.015577637198584808,3.7160889946581843,0,0.5949186896064107,49,1.0908492881183227
28,2.0,50,5.307363409523773,0.9871157476316599,0.9102040816326532,0.015577637198590318,3.7160889946581843,0,0.5949186896064107,49,1.0908492881183227
28,3.0,50,5.10358832835757,0.9398092603328572,0.9061224489795918,0.013396803812890294,3.739480483047867,0,0.6210224089635856,49,1.0489663633825637
29,0.25,50,604.7929388822726,0.5042769543579212,1.0,45.51880569590831,6.974981317832635,1156,0.8479999999999999,1205,131.1936920181286
29,0.5,50,131.70760450802962,0.9120846347247926,1.0,2.0000000000001905,5.303414945679638,168,0.9444841269841266,217,28.570450796277314
29,0.75,50,8.91661678918024,1.1896426842139383,0.8779591836734695,0.00816231094834909,3.652052906694999,1,0.6506873794293837,50,1.9342221141756717
29,1.0,50,7.058913714042585,1.4009533691675515,0.9073469387755101,0.014126510150321089,3.5275365741971463,1,0.6239351149492356,50,1.5312429961470106
29,1.25,50,4.986917982919219,0.8968685518576882,0.9069387755102041,0.014130812202591724,3.7480705000024437,0,0.6223827217835576,49,1.0817788038000324
29,1.5,50,4.986917982919219,0.8968685518576882,0.9069387755102041,0.01413081220258708,3.7480705000024437,0,0.6223827217835576,49,1.0817788038000324
29,2.0,50,4.954439151694766,0.9021293204159935,0.9048979591836734,0.01407211546316552,3.7576112531262296,0,0.6090241414484867,49,1.0747333879116716
29,3.0,50,4.861325864422725,0.8417181134328348,0.9089795918367346,0.01433034973639717,3.777712540367219,0,0.6112378270562016,49,1.0545349445308014
