trial,mu,demand,n,cost,efficiency,robustness,algebraic_connectivity,network_entropy,cyclomatic_number,betweenness_gini,num_edges,steiner_ratio
0,0.5,fixed,50,123.99120251736049,1.041609281826222,1.0,3.000000000000055,5.146891273733523,145,0.9434917555771094,194,25.044042515122932
0,0.5,uniform,50,9.438806064595813,0.8110482889019756,0.9759183673469387,0.029329796599859938,4.260040395061417,30,0.5681543991248637,79,1.9064728430280398
0,0.75,fixed,50,11.267597262319926,1.4156501122842535,0.9122448979591836,0.011243582821394298,3.6845979346463094,5,0.6750329560999877,54,2.2758565055558115
0,0.75,uniform,50,4.950926051274988,1.0246064700775634,0.8673469387755103,0.008644858710689093,3.7635618182248955,0,0.5172777205629935,49,1.0
0,1.0,fixed,50,9.262207630725417,1.549074222574975,0.9008163265306122,0.011641479826080894,3.3134693028312787,1,0.5912961941533372,50,1.8708030648811984
0,1.0,uniform,50,7.184228801358954,0.7114935571098718,0.9951020408163265,0.055219679733178775,3.919636924956337,10,0.4176927710843368,59,1.4510878827424285
0,1.25,fixed,50,6.066251089053873,1.3452374311102777,0.8485714285714286,0.006654945598002317,3.4558510750440767,0,0.5269554058389474,49,1.2252760445677957
0,1.25,uniform,50,5.830884290171628,0.7293632770737496,0.9906122448979592,0.0344549222357501,3.8304616856292655,4,0.46621804615172047,53,1.177736090134093
0,1.5,fixed,50,5.660292730397091,0.9599108301705912,0.9012244897959184,0.012142120781502244,3.6487591556298162,0,0.5762571554381333,49,1.1432795949233425
0,1.5,uniform,50,5.410919705701071,0.8161245818684287,0.9910204081632653,0.032414413611823185,3.794769127388208,2,0.3986112731940714,51,1.0929106291756514
0,2.0,fixed,50,5.360878969440089,1.0105090212499743,0.8979591836734693,0.011190224915296264,3.7090752690878315,0,0.5935586610334742,49,1.0828032804205443
0,2.0,uniform,50,5.273610174892008,0.995698308601127,0.976734693877551,0.019021895981024505,3.773389008503796,1,0.3763679291687161,50,1.0651765185492765
1,0.5,fixed,50,131.23198627552134,1.0138656640626267,1.0,2.000000000000119,5.186624352265116,155,0.9348285994123413,204,27.129872222614946
1,0.5,uniform,50,9.093924590545663,0.9266873809085353,0.9448979591836734,0.021969741556457777,4.304054132512255,32,0.5548882206824419,81,1.8800066900276724
1,0.75,fixed,50,10.323588902680402,1.3684749566830836,0.9028571428571428,0.011329241578959136,3.6766898751365655,1,0.7009603601350507,50,2.134217851587664
1,0.75,uniform,50,4.8371767179253,0.9834271883670167,0.8673469387755101,0.008634175501963605,3.762434071554884,0,0.5168354762529517,49,1.0
1,1.0,fixed,50,10.097129280705097,1.610966030386302,0.9216326530612244,0.019965393761155407,3.3711908399045507,2,0.5574154966198648,51,2.0874013643718663
1,1.0,uniform,50,8.760950273945884,0.6958499738244894,0.9963265306122449,0.07766168752313343,4.0704661090841725,19,0.4063937007874021,68,1.8111701897266055
1,1.25,fixed,50,5.528197426482975,1.0600051949961893,0.903673469387755,0.014302104755932337,3.6871036823058985,0,0.5426802338168435,49,1.1428562049422206
1,1.25,uniform,50,6.464934763737108,0.7538826374565561,0.9971428571428572,0.053763075307994256,3.8339173578132226,6,0.403620011242271,55,1.3365099397298772
1,1.5,fixed,50,5.623061766395758,1.0418967351107158,0.9163265306122449,0.01679125049109687,3.621640082349215,0,0.5878777421740207,49,1.162467715011977
1,1.5,uniform,50,5.547935216919821,0.856487370421198,0.9914285714285715,0.03577626278785205,3.7774859901901214,2,0.4090129723632261,51,1.1469366410287714
1,2.0,fixed,50,5.1906236891407485,0.9014974663384319,0.9110204081632651,0.01668045848524808,3.757562129796918,0,0.5884414188462916,49,1.0730688564479498
1,2.0,uniform,50,4.927464836303078,1.1162187186657462,0.8408163265306122,0.006664946231991116,3.756148416824638,0,0.4914401244167961,49,1.0186654578988594
2,0.5,fixed,50,86.43415297265462,1.0323547779722058,1.0,2.0000000000000404,4.774440674591789,81,0.9552694063926941,130,20.43748391846983
2,0.5,uniform,50,7.471324700322126,0.7311986211394254,0.9481632653061225,0.02945670642120571,4.228043678794809,31,0.6117230769230766,80,1.766605828379071
2,0.75,fixed,50,13.37911216131375,1.4930159832538128,0.9081632653061223,0.011107169523355767,3.6163536039298365,0,0.7460403618649967,49,3.16351095297667
2,0.75,uniform,50,4.229197357045603,0.7815806951731293,0.8893877551020408,0.011336432775967359,3.6818419130387157,0,0.5377859049125238,49,1.0
2,1.0,fixed,50,8.620698928307801,1.6985970115736262,0.9204081632653061,0.0189693769328369,3.3523124830007527,0,0.5863569302445968,49,2.0383770726485975
2,1.0,uniform,50,6.734603582329515,0.5869059796378732,0.9934693877551021,0.06913793069630096,3.9691699757179384,16,0.42359339704604726,65,1.5924070252030322
2,1.25,fixed,50,4.69262317275162,0.8291785270367672,0.9077551020408162,0.015458650654014906,3.60067841404024,0,0.5699942256611614,49,1.109577722811629
2,1.25,uniform,50,5.444834259779306,0.6229489668494184,0.9942857142857142,0.05266504221529109,3.752220941732429,5,0.439246514387422,54,1.287439152185348
2,1.5,fixed,50,4.867924555879312,0.8927260521893071,0.913877551020408,0.01847393953589041,3.534996703625492,0,0.5636217061725424,49,1.151027995364091
2,1.5,uniform,50,4.728602705638715,0.6650739126020294,0.9685714285714284,0.021927878731853735,3.7151252838137956,2,0.516369215034518,51,1.118085136831255
2,2.0,fixed,50,4.502728348110791,0.7485825759725395,0.916734693877551,0.02055046926210684,3.639135254676268,0,0.5449125382262998,49,1.064676809326361
2,2.0,uniform,50,4.287211950082087,0.7937937988327938,0.8889795918367347,0.011269345204488081,3.6814216416852665,0,0.5500059630292191,49,1.0137176367378162
3,0.5,fixed,50,102.50925113953919,0.9808304225506536,1.0,2.000000000000042,5.000939244310425,116,0.945245283018868,165,22.432894768282416
3,0.5,uniform,50,7.1425265620909055,0.8365186928497873,0.9306122448979592,0.020310582304366366,4.125751452653395,20,0.65759009009009,69,1.563054504504573
3,0.75,fixed,50,10.516017473251265,1.3293256707430483,0.9289795918367345,0.018874969987482337,3.6176016403284468,0,0.7196115924708693,49,2.3013016945928424
3,0.75,uniform,50,4.569595328574167,0.8132922003340477,0.8979591836734694,0.014999371454843452,3.7732934920869696,0,0.5612644889357219,49,1.0
3,1.0,fixed,50,13.447707168021376,1.0061368362982204,0.9187755102040814,0.01787225765475077,3.4698230010979945,8,0.6150350810052301,57,2.942866096682879
3,1.0,uniform,50,7.251894434247723,0.6277819310144942,0.9938775510204081,0.07447710898915695,3.999394169911279,14,0.4261881103306493,63,1.5869883245242427
3,1.25,fixed,50,5.339596247177344,0.9333641120734325,0.9069387755102041,0.016520159125963954,3.6049238740623224,0,0.5593644690715818,49,1.1685052752457705
3,1.25,uniform,50,5.960203867894084,0.6896216328566546,0.9934693877551021,0.05008998305498743,3.8479849591138993,6,0.3986666666666665,55,1.3043176560130596
3,1.5,fixed,50,5.339596247177344,0.9333641120734325,0.9069387755102041,0.016520159125969373,3.6049238740623224,0,0.5593644690715818,49,1.1685052752457705
3,1.5,uniform,50,4.799064259006747,0.7623409854645403,0.9306122448979592,0.017053996648487748,3.7905187772297904,1,0.5928440826549777,50,1.050216466433622
3,2.0,fixed,50,4.976450178165053,0.9571004549382016,0.9069387755102041,0.014102865127273417,3.7283611984939653,0,0.5982833410244575,49,1.0890352034121664
3,2.0,uniform,50,4.623156340663677,0.8235543717314381,0.9016326530612245,0.015660930625379592,3.772317402910423,0,0.5769620806469238,49,1.011721171840882
4,0.5,fixed,50,106.84433230192788,1.0390469614941535,1.0,2.0000000000000457,5.050314751041098,123,0.9348717948717951,172,21.95595675512055
4,0.5,uniform,50,9.52416877510805,0.7605083286697792,0.9755102040816327,0.0421480071629873,4.260867019864786,31,0.5684036095159968,80,1.957167341022998
4,0.75,fixed,50,11.033262401018042,1.593171349073759,0.8967346938775509,0.010229451097475651,3.563151844275967,0,0.6775769543500989,49,2.2672782629226895
4,0.75,uniform,50,4.866302730215104,0.8757404777088265,0.8963265306122449,0.01267363821390891,3.760851495509949,0,0.5670161716520452,49,1.0
4,1.0,fixed,50,11.055513663107106,1.4192271165512362,0.9085714285714285,0.013240897001410554,3.3918128374044354,4,0.5942158005127012,53,2.271850782003943
4,1.0,uniform,50,8.081114561632253,0.6332473318263362,0.9979591836734695,0.10218452254004179,4.016827583554932,15,0.37230686115613176,64,1.6606271762453721
4,1.25,fixed,50,5.570213367882615,1.2481843952833076,0.8873469387755101,0.009711636800342548,3.6274991342080383,0,0.5705947550717465,49,1.1446499892612305
4,1.25,uniform,50,6.18901881031012,0.6919841974908212,0.9959183673469388,0.0456797257376926,3.8638128517372885,6,0.4588230075410318,55,1.2718113018087038
4,1.5,fixed,50,5.405853668741158,1.1000460473777536,0.8983673469387754,0.01143248467205904,3.6778930048278613,0,0.5704257130693908,49,1.1108749225928665
4,1.5,uniform,50,5.392209637092934,0.77273038166441,0.9746938775510204,0.02550515231096087,3.7897927884537004,2,0.4968982066178329,51,1.108071144775365
4,2.0,fixed,50,5.405853668741158,1.1000460473777536,0.8983673469387754,0.011432484672056974,3.6778930048278613,0,0.5704257130693908,49,1.1108749225928665
4,2.0,uniform,50,5.029889032549169,1.0390680310789706,0.8861224489795919,0.010057545153458228,3.751576830356309,0,0.5846054490413723,49,1.0336161376312145
5,0.5,fixed,50,130.82710223868762,0.9669568953581371,1.0,2.000000000000042,5.254975747805496,169,0.9120634920634918,218,26.515740228571456
5,0.5,uniform,50,8.507714963802558,0.8739172722652646,0.9461224489795919,0.01682476387291773,4.216677600006761,26,0.6213742651861527,75,1.724324364437454
5,0.75,fixed,50,9.109207791682014,1.4022190018165113,0.8848979591836735,0.009591953435106158,3.7027892742234445,1,0.6439676285805556,50,1.8462335659750855
5,0.75,uniform,50,4.933941165169424,1.029857325131593,0.8702040816326531,0.00864200130524315,3.7748645115908896,0,0.5494347191830782,49,1.0
5,1.0,fixed,50,11.475406450833521,1.3370907324151704,0.9159183673469389,0.014542750567430176,3.388047898318507,4,0.6093233458177281,53,2.325809341190122
5,1.0,uniform,50,8.365263702221972,0.6766724564086706,0.9983673469387756,0.08410493225297679,4.058766473617191,18,0.37632752613240394,67,1.695452665969259
5,1.25,fixed,50,5.76358250733517,1.0528614726684145,0.8824489795918368,0.009699087732379374,3.602450659600903,0,0.5690135396518377,49,1.1681498247329136
5,1.25,uniform,50,5.906168641088405,0.7456998739735896,0.9914285714285714,0.04878597063895388,3.8292072014567418,4,0.38830461850296816,53,1.1970488587870294
5,1.5,fixed,50,5.499177229667991,1.1193892730937323,0.8828571428571428,0.009375598309266955,3.6881551219845656,0,0.5595892635399753,49,1.1145607630039824
5,1.5,uniform,50,5.6944147348416605,0.8179925990811928,0.9946938775510203,0.0376235156551051,3.810021263540372,3,0.45566409821078735,52,1.154131057549026
5,2.0,fixed,50,5.413223046957436,1.1152832091260156,0.8795918367346939,0.009315026406204937,3.696693811859548,0,0.5381089832546953,49,1.0971397642864988
5,2.0,uniform,50,4.999180671545672,0.9715678341526458,0.890204081632653,0.01123462130157384,3.7668325925682358,0,0.5826498292102269,49,1.0132225951206713
6,0.5,fixed,50,141.8632389799614,0.8999065078382309,1.0,2.00000000000015,5.355065281923141,191,0.914822335025381,240,29.07359573021206
6,0.5,uniform,50,8.039713545090883,0.8696277176171379,0.9514285714285715,0.020459927166035098,4.159256228991019,24,0.6250999155643118,73,1.6476670283109727
6,0.75,fixed,50,8.787039352492759,1.3062800904021477,0.8889795918367347,0.00913170235769797,3.6265635681447197,1,0.6850482570682415,50,1.8008247354053772
6,0.75,uniform,50,4.879452830546966,1.004967640532521,0.8751020408163264,0.008579441326252126,3.730729256126309,0,0.5549908659115821,49,1.0
6,1.0,fixed,50,11.994099662087509,1.236644098804313,0.9040816326530612,0.011784207369597057,3.4666173611367994,6,0.5291415994130595,55,2.458082920076721
6,1.0,uniform,50,8.874972888589976,0.6344920756853694,0.999591836734694,0.1173008542639681,4.073728449126985,21,0.4371686068343976,70,1.8188459232620822
6,1.25,fixed,50,5.773093661008655,1.1691466878795225,0.8583673469387755,0.007305874117933667,3.477398218947337,0,0.5359063545150502,49,1.1831436559581447
6,1.25,uniform,50,5.833622783112444,0.7199185076297459,0.9873469387755103,0.029629524113031023,3.7914276543431633,4,0.5202390881289967,53,1.1955485554839393
6,1.5,fixed,50,5.322291187712154,1.044306143845253,0.9016326530612245,0.012127300266935575,3.652495083565996,0,0.5676822491010138,49,1.0907557409701505
6,1.5,uniform,50,5.132743685618578,0.8062715168079232,0.9710204081632651,0.022879951554081804,3.7475664095383348,1,0.4956229431123649,50,1.0519096841116957
6,2.0,fixed,50,5.285387664322978,1.043366665759955,0.9012244897959184,0.01212433349249008,3.6574296148135144,0,0.5624067649609716,49,1.0831926955487154
6,2.0,uniform,50,5.082040701272027,1.320201470897014,0.8367346938775511,0.006143275533005555,3.7155981496819015,0,0.4921172248803829,49,1.0415185631997086
7,0.5,fixed,50,156.44103468790124,0.9197783315254657,1.0,2.000000000000247,5.388801416704126,203,0.9070298047276468,252,32.821709741064296
7,0.5,uniform,50,8.456648982068335,0.8522824397558482,0.9444897959183673,0.020978475865672638,4.21840210018185,29,0.6674913364471895,78,1.774225533762592
7,0.75,fixed,50,8.95333221270272,1.1788653337183563,0.8955102040816327,0.009775452599567235,3.6991943659286415,1,0.6958488358488357,50,1.8784308841149358
7,0.75,uniform,50,4.766388951766666,0.9519470332560731,0.8816326530612245,0.009650991225685863,3.714643394984351,0,0.5770342801175319,49,1.0
7,1.0,fixed,50,10.178924870618225,1.2221994208894622,0.9391836734693878,0.03159242878075214,3.3373444339140286,3,0.6213857971468877,52,2.13556320594554
7,1.0,uniform,50,8.328991198381383,0.6421406987325706,0.9967346938775511,0.08007355484649797,3.980269401545266,17,0.42861106107007707,66,1.747442620118997
7,1.25,fixed,50,5.743556962317398,1.4760062345793428,0.8587755102040816,0.007285856773681432,3.4334245528723706,0,0.5350903614457831,49,1.205012226328811
7,1.25,uniform,50,6.567649181516342,0.6757255521358351,0.99265306122449,0.05950113620673942,3.843928979530821,8,0.43795323619112136,57,1.3779087791570255
7,1.5,fixed,50,5.308384388961818,0.9986243603323488,0.9032653061224489,0.012879983132153142,3.624113985179547,0,0.5913369223867202,49,1.1137119615457023
7,1.5,uniform,50,5.257557884008326,0.7782339919344454,0.9787755102040818,0.029412657384438896,3.7467288064274182,2,0.5385258910558168,51,1.1030484371317637
7,2.0,fixed,50,5.231423751222524,0.9860062045765929,0.9057142857142857,0.01300392497380453,3.6316667012606265,0,0.6001424632352943,49,1.0975654324818565
7,2.0,uniform,50,4.818714433687244,1.1745868818460996,0.8604081632653062,0.007506797789672621,3.7118319639067985,0,0.567914250571077,49,1.0109780134290516
8,0.5,fixed,50,67.20892790623199,0.9366577279157607,1.0,2.000000000000299,4.596649087848314,70,0.9590802524797113,119,15.073080837010274
8,0.5,uniform,50,9.810479258656468,0.9343457052057732,0.9461224489795919,0.017140814069978583,4.352741406395019,39,0.6541480026195157,88,2.2002158273057324
8,0.75,fixed,50,9.773236071697648,1.4345770931956348,0.8926530612244897,0.008881456123113094,3.7001612423989236,0,0.6829561304836893,49,2.191863223192758
8,0.75,uniform,50,4.458871323850924,1.2121507697642635,0.8138775510204082,0.005236514535388505,3.7495595021055914,0,0.45509229098805637,49,1.0
8,1.0,fixed,50,9.917213838927141,1.406243179251457,0.9081632653061225,0.014822651103520932,3.375689089375653,4,0.5517969451931719,53,2.2241534053425194
8,1.0,uniform,50,8.089998061787895,0.6480114217950812,0.9955102040816327,0.08055029619106051,4.01396023937635,18,0.4096776491540517,67,1.8143600642866125
8,1.25,fixed,50,5.4299909056255595,1.2685773328576695,0.8106122448979594,0.005130807171335772,3.4455581100820245,0,0.4463417890520698,49,1.2177949331213092
8,1.25,uniform,50,5.256491416447086,0.737793649210209,0.9848979591836735,0.032664312454992045,3.8167904097196454,4,0.46102902374670185,53,1.1788838552773695
8,1.5,fixed,50,4.985440738194291,1.1566264896595213,0.8710204081632652,0.008760271043747991,3.666984988266249,0,0.5172791612057668,49,1.1180947769285687
8,1.5,uniform,50,4.968402867286328,0.7810474603329667,0.9853061224489796,0.02606099819197083,3.7721434016016837,2,0.43907541442913844,51,1.1142736595043394
8,2.0,fixed,50,4.922722494481057,1.1007812546581592,0.8746938775510203,0.008669833039972317,3.638676546684231,0,0.5387055722207073,49,1.1040288308274224
8,2.0,uniform,50,4.495768971411229,1.1640554292632526,0.8244897959183674,0.005605621392282726,3.7456973239880518,0,0.4837868805499854,49,1.00827510930018
9,0.5,fixed,50,118.68957501828551,0.9062920008693319,1.0,2.000000000000035,5.133490923578531,152,0.9369140625000003,201,22.975937005190097
9,0.5,uniform,50,10.058028840921333,0.9228797762258945,0.9457142857142858,0.018259534363445407,4.326401558654456,36,0.6652337565347277,85,1.9470339919052806
9,0.75,fixed,50,8.717388024476778,1.2546536584938957,0.8942857142857144,0.009569841403144182,3.6751358699058003,1,0.6950603397773873,50,1.6875126401734941
9,0.75,uniform,50,5.165820875617582,1.085138741520995,0.8677551020408164,0.008038066114956652,3.7481369522673424,0,0.5594860775360373,49,1.0
9,1.0,fixed,50,9.840017682850652,1.3630498642109785,0.9159183673469387,0.01337666439634942,3.365852330497108,2,0.6267493043258283,51,1.9048313752602315
9,1.0,uniform,50,9.017724451655663,0.6824058633376555,0.9918367346938776,0.06975293778649402,4.115756198122791,21,0.41080014614541494,70,1.7456517887058134
9,1.25,fixed,50,6.001081068248686,1.1642046498313696,0.9016326530612245,0.013337890954785698,3.5865957120048577,0,0.5884903771276004,49,1.1616897319404724
9,1.25,uniform,50,6.6771704688914735,0.7184680118993887,0.9934693877551021,0.06055025686635373,3.8780450794860357,7,0.4514285714285713,56,1.292567169800135
9,1.5,fixed,50,6.001081068248686,1.1642046498313696,0.9016326530612245,0.013337890954783152,3.5865957120048577,0,0.5884903771276004,49,1.1616897319404724
9,1.5,uniform,50,5.597276217424114,0.8078469443652673,0.9861224489795917,0.026046385205332968,3.7880367788446065,2,0.49783770349198453,51,1.0835211580492425
9,2.0,fixed,50,5.858279105693898,1.121229303461224,0.9008163265306122,0.012272781047105628,3.6488541131048686,0,0.5741087646350802,49,1.1340461171127099
9,2.0,uniform,50,5.227154927872041,1.0638881581053479,0.8628571428571428,0.007747079638322291,3.7459566096951713,0,0.5573502466525719,49,1.0118730505240614
10,0.5,fixed,50,116.40348416258861,0.8913890670792499,1.0,3.00000000000006,5.164583809665386,145,0.9347235693501454,194,24.64844706235306
10,0.5,uniform,50,8.105655952203117,0.6788557508421175,0.9812244897959184,0.05178518711941665,4.167800929166995,24,0.5533237150586114,73,1.716373294844532
10,0.75,fixed,50,10.213344111696246,1.541995906842329,0.8934693877551021,0.009268590872754195,3.665773870865266,1,0.7109143827310209,50,2.162676430845607
10,0.75,uniform,50,4.7225483969892,1.2081088478106068,0.8375510204081631,0.0062324319993269685,3.7571640626756015,0,0.5023502653525398,49,1.0
10,1.0,fixed,50,11.644170871130727,1.3259369592347043,0.9257142857142857,0.020848470348490876,3.421564316184384,5,0.5622693920335429,54,2.4656541113595187
10,1.0,uniform,50,8.184248202347204,0.6161456650852559,0.9983673469387756,0.10636443637142079,4.040965871810083,18,0.41235250737463147,67,1.733015210085505
10,1.25,fixed,50,5.379874905956876,1.037325491807558,0.9069387755102041,0.01347777472916349,3.6438920595150566,0,0.5763118644067795,49,1.1391889407394418
10,1.25,uniform,50,6.006314550450129,0.6468692649540454,0.9922448979591837,0.051547861323985845,3.890448308766775,7,0.4753278688524589,56,1.2718375854611415
10,1.5,fixed,50,5.294481715879762,0.9649908399218382,0.9126530612244897,0.015287199199214398,3.6463812605375487,0,0.5905899211846195,49,1.1211069259248228
10,1.5,uniform,50,4.964689119973944,0.7560708907765528,0.9755102040816327,0.022727014621996375,3.7726335453661877,1,0.4911344387450791,50,1.0512733174188573
10,2.0,fixed,50,5.150506710937589,0.972964200059872,0.8991836734693878,0.012125488281078657,3.681806599773767,0,0.5845764002175096,49,1.090620207136729
10,2.0,uniform,50,4.790045429489263,1.2105168256542982,0.8440816326530611,0.006523420486806346,3.753838359836256,0,0.49147251408557935,49,1.0142925020192688
11,0.5,fixed,50,116.82508496752111,0.8879361759593631,1.0,2.00000000000007,5.212592825624023,165,0.9144015825914935,214,25.277441113844265
11,0.5,uniform,50,8.014781970612994,0.7702366028075427,0.9493877551020408,0.029761925587303572,4.212134168554804,27,0.6602154046997393,76,1.7341582020573252
11,0.75,fixed,50,9.16655719303143,1.2799357615255829,0.913061224489796,0.011911429105614628,3.7183471678835667,0,0.725683366733467,49,1.983367782081692
11,0.75,uniform,50,4.621713267627271,1.0515438655367397,0.8583673469387755,0.007391898866099262,3.7466003442852567,0,0.5374520571090646,49,1.0
11,1.0,fixed,50,11.845629031102451,1.121503949885149,0.9269387755102041,0.01446719925676487,3.460069902229115,6,0.586511388495689,55,2.5630384978823764
11,1.0,uniform,50,8.167290219785244,0.6526257074064579,0.9918367346938776,0.051902502391792074,4.030829895644645,18,0.4183027763226823,67,1.7671564086402587
11,1.25,fixed,50,5.32855253797559,1.1469143665895103,0.8906122448979593,0.010394737547334883,3.592105616401879,0,0.5491576330183991,49,1.152938797674742
11,1.25,uniform,50,5.738979408365307,0.6873022654035388,0.9881632653061224,0.04773428101751498,3.822746089016583,5,0.48394303797468363,54,1.2417428507657349
11,1.5,fixed,50,5.050467527421818,1.0112221459197237,0.9044897959183674,0.013133390476267636,3.668611849969808,0,0.5520485617412225,49,1.09276954994109
11,1.5,uniform,50,5.16908952870492,0.7716977297888503,0.9812244897959184,0.02802681213240814,3.7655228478695273,2,0.5149785463528798,51,1.118435789799367
11,2.0,fixed,50,4.9919724832518275,0.882988165196294,0.9069387755102041,0.012313231867735351,3.7014219623510827,0,0.6045877475817594,49,1.0801129784960983
11,2.0,uniform,50,4.709054306243412,1.0822054193534287,0.8697959183673469,0.008295903570822145,3.744305281232512,0,0.5334677489744262,49,1.0188979786409338
12,0.5,fixed,50,158.26000154492942,0.9714940471517184,1.0,4.000000000000048,5.406881920058675,198,0.9321063394683029,247,31.630381620674054
12,0.5,uniform,50,6.894453585187378,1.003637362579341,0.9167346938775509,0.013979660866909986,4.07587648373809,17,0.6171629894882753,66,1.3779489184675051
12,0.75,fixed,50,7.975606690798385,1.4338743609020819,0.8942857142857141,0.010715591715414318,3.6768251526741653,2,0.637577715877437,51,1.5940318515334737
12,0.75,uniform,50,5.003417392899506,1.0405605270553815,0.8938775510204081,0.011822383287643791,3.7664075254495644,0,0.5449206676282714,49,1.0
12,1.0,fixed,50,12.423031429048947,1.3399014299266077,0.9351020408163265,0.02380627080486277,3.4563948005659433,5,0.5981124321150739,54,2.4829092705075597
12,1.0,uniform,50,9.072526617723728,0.6640770092559404,0.9951020408163265,0.08906842206918633,4.064679602792414,19,0.4070152671755729,68,1.813265995077447
12,1.25,fixed,50,5.884636777308854,1.56400285715992,0.8571428571428571,0.007497620090101639,3.5967104505059764,0,0.5248272408612917,49,1.1761235002420372
12,1.25,uniform,50,6.340036591050411,0.7348169013804863,0.9857142857142859,0.050344934100731466,3.836835578567183,5,0.49910778349711404,54,1.2671412543050555
12,1.5,fixed,50,5.591149505402442,1.063342324616362,0.9191836734693877,0.01931486684965023,3.676056298973242,0,0.5800957781978577,49,1.1174661369121441
12,1.5,uniform,50,5.902700224856383,0.7451588109800069,0.983265306122449,0.04727952558685058,3.8318898705447437,4,0.41012812690665035,53,1.1797337222421371
12,2.0,fixed,50,5.372181893477437,1.0189814731450597,0.9077551020408162,0.014575012884671423,3.729570372406917,0,0.58472495657209,49,1.0737025260177686
12,2.0,uniform,50,5.10461794909672,1.0017880490956188,0.8991836734693878,0.012362931211084541,3.761874037485966,0,0.5848287819679234,49,1.0202262870055236
13,0.5,fixed,50,96.75262364252929,0.9335714318655444,1.0,2.0000000000000373,4.9898339691432145,120,0.937713214620431,169,18.79654131146774
13,0.5,uniform,50,8.232275444954796,0.8420889580850334,0.9812244897959184,0.03352270066948056,4.158151242206003,21,0.5543895789154802,70,1.5993189606948954
13,0.75,fixed,50,9.78653409109716,1.2790498686177056,0.930204081632653,0.017552430682469405,3.699232129454599,0,0.7599967642776246,49,1.901271360030959
13,0.75,uniform,50,5.14736312597577,0.9707344563259376,0.8914285714285713,0.011811716502695807,3.7916898557137473,0,0.5827068594278679,49,1.0
13,1.0,fixed,50,12.009558996526161,1.484551389981882,0.9171428571428573,0.014516252181989785,3.4805296114015816,5,0.6511500719612717,54,2.3331478084226953
13,1.0,uniform,50,8.595520421246258,0.6965659498021065,0.9938775510204081,0.05632828876500794,4.073205855262798,17,0.42044063647490826,66,1.669888098212778
13,1.25,fixed,50,5.8805285138953645,1.186821500746812,0.8861224489795919,0.009457800635916001,3.6556524611694963,0,0.6313365812327896,49,1.1424351400855581
13,1.25,uniform,50,6.935934808165368,0.740087771921112,0.9951020408163265,0.05177964248810231,3.9212627908886235,8,0.44058960887332144,57,1.3474733836367032
13,1.5,fixed,50,5.8805285138953645,1.186821500746812,0.8861224489795919,0.009457800635917297,3.6556524611694963,0,0.6313365812327896,49,1.1424351400855581
13,1.5,uniform,50,5.90587437476815,0.7746843542385298,0.9795918367346939,0.03221261902209077,3.8307319773175785,3,0.47201284796573884,52,1.1473591876517535
13,2.0,fixed,50,5.346314161226425,1.0253284422093831,0.9093877551020408,0.013456841385589287,3.773319991794672,0,0.6226119933633565,49,1.0386510588784117
13,2.0,uniform,50,5.201571228361035,1.2020901175609702,0.8546938775510204,0.00698937285924993,3.789936367361395,0,0.5535311973018551,49,1.010531237268206
14,0.5,fixed,50,89.70962818588079,0.9282552188427151,1.0,2.0000000000000564,4.9955115402376045,114,0.9313938260056125,163,18.771912456362372
14,0.5,uniform,50,7.12849568421613,1.0009583092132663,0.8971428571428572,0.010397693572841156,4.109394831331097,18,0.6432029258561454,67,1.491651449634735
14,0.75,fixed,50,9.62306500451607,1.4162036929579502,0.9228571428571428,0.013813784701034794,3.5152748850867335,0,0.7022641509433962,49,2.0136448838285466
14,0.75,uniform,50,4.778928539882226,0.9861622141314977,0.8518367346938776,0.007070686216867211,3.7862575058527947,0,0.5465011439708494,49,1.0
14,1.0,fixed,50,11.352542311449088,1.3429607531036536,0.900408163265306,0.010910510726960084,3.441132729116414,5,0.6048022722307191,54,2.3755413408481028
14,1.0,uniform,50,8.77673719781914,0.6158461181574955,0.9963265306122449,0.10067383569131627,4.089817970264686,19,0.4112180337185072,68,1.836549160460022
14,1.25,fixed,50,5.518004711913635,1.0722770118658824,0.8644897959183675,0.007495994007809357,3.621749063239906,0,0.5611352635747604,49,1.1546531122747492
14,1.25,uniform,50,6.043414792357998,0.685786862438976,0.9938775510204081,0.04624403592077999,3.861200553143889,5,0.45457676590776397,54,1.2645961834170751
14,1.5,fixed,50,5.2988738837426625,1.0139140089645025,0.8689795918367347,0.0076462510355965576,3.669854858640112,0,0.5838608058608059,49,1.1087995644884137
14,1.5,uniform,50,5.421007166689267,0.7465898265694991,0.989795918367347,0.03886974958807489,3.8361104191358826,3,0.4104027375625168,52,1.1343561891433651
14,2.0,fixed,50,5.045177888783415,0.8678738397944017,0.9008163265306124,0.01219357148084195,3.7573689625399176,0,0.5994327176781005,49,1.0557131889877036
14,2.0,uniform,50,4.848853602751595,0.9550331392670358,0.8722448979591837,0.008501694294875276,3.7828152089792884,0,0.5595295820517465,49,1.0146319540637225
15,0.5,fixed,50,109.48958109978646,1.0537688567017045,1.0,2.000000000000066,5.062823046836909,131,0.9393110047846889,180,23.41349463830794
15,0.5,uniform,50,7.318839466822387,0.8611567278926061,0.9265306122448981,0.016573070847380873,4.165673011834166,22,0.6466231811339691,71,1.5650768492657674
15,0.75,fixed,50,13.292031285564953,1.5156545047179684,0.9338775510204083,0.023384375530118146,3.6372455413874865,3,0.7074619695756603,52,2.8423974236705103
15,0.75,uniform,50,4.676345107434125,0.9325264263271467,0.8808163265306124,0.009608575666207006,3.761079240389206,0,0.5165000460278006,49,1.0
15,1.0,fixed,50,14.211951082261923,1.6839928689693788,0.9024489795918369,0.010353848091341638,3.3304365427602085,5,0.6214791360398053,54,3.0391151114293855
15,1.0,uniform,50,8.50923327964409,0.6600813180506314,0.9963265306122449,0.09409940951523947,4.04538273891606,19,0.39017070979335133,68,1.8196332999711051
15,1.25,fixed,50,5.628075710153548,1.0611661725587231,0.8848979591836736,0.009751594756652628,3.502234607069722,0,0.5520846500047878,49,1.203520181007691
15,1.25,uniform,50,6.105448102403098,0.71776381637744,0.9877551020408164,0.04794585085973331,3.8427746595982795,6,0.4095447783397794,55,1.3056025511669542
15,1.5,fixed,50,5.401222076847303,1.0139235437513847,0.8853061224489797,0.00975903055443405,3.5608496040251056,0,0.5552875552990961,49,1.15500929738073
15,1.5,uniform,50,5.03566949635436,0.8569213584191705,0.9387755102040817,0.018025427203109703,3.7685747147895716,1,0.5438034656722968,50,1.0768387235469439
15,2.0,fixed,50,4.916796117673302,1.0330668784140808,0.8759183673469388,0.008367195660633356,3.7337020231128255,0,0.5671720661002704,49,1.0514185768404742
15,2.0,uniform,50,4.759546425628487,0.9408823526696003,0.8865306122448982,0.009824466063294181,3.760559870552236,0,0.5525843133443484,49,1.0177919542469385
16,0.5,fixed,50,138.061005351769,1.051125632963894,1.0,3.0000000000000524,5.233760582934032,160,0.9354946131243878,209,27.653089191821607
16,0.5,uniform,50,8.917304489979802,0.9137654285999144,0.9493877551020408,0.025375360489471057,4.212379072512603,28,0.6342645564106286,77,1.7861018452223167
16,0.75,fixed,50,9.16665680394116,1.4721169569755537,0.886938775510204,0.008464913176817506,3.6430573193561324,3,0.6053691813804174,52,1.8360461561491543
16,0.75,uniform,50,4.992606952303922,0.9659368290625614,0.8746938775510205,0.009019282255360306,3.7380401988214578,0,0.5432511683313479,49,1.0
16,1.0,fixed,50,7.571834058664549,1.6382241880880264,0.9016326530612245,0.011894411689311282,3.4081630659272193,0,0.5788695555801839,49,1.516609284688513
16,1.0,uniform,50,8.849192765269565,0.6688357543506417,0.9979591836734695,0.07617282881559088,4.008149892677802,16,0.3918432708688244,65,1.7724593283246455
16,1.25,fixed,50,5.802193210049413,1.1899573067125386,0.86,0.007439959914937437,3.546677079759393,0,0.5494930634325101,49,1.162157018463449
16,1.25,uniform,50,5.904468318659159,0.7344566637396818,0.9902040816326532,0.0358892284847009,3.8082527137091557,4,0.44282343025705884,53,1.1826423299623943
16,1.5,fixed,50,5.512599808012253,1.0341667596461936,0.906530612244898,0.012830444357761364,3.6763561956661635,0,0.5977414839010735,49,1.104152572128349
16,1.5,uniform,50,5.677251347590737,0.7726813552138208,0.990204081632653,0.030418390446179437,3.7926529539791636,3,0.46522844656336915,52,1.1371316432131462
16,2.0,fixed,50,5.277045044484788,0.9475059342780271,0.9028571428571429,0.011543519986080157,3.7135130684322695,0,0.624626350885261,49,1.0569718575682403
16,2.0,uniform,50,5.303863775237075,0.9707180093721189,0.9657142857142857,0.016894431639893705,3.7484562048742625,1,0.47170300287947353,50,1.0623435463489708
17,0.5,fixed,50,152.69808048332908,0.9450828459992788,1.0,3.00000000000018,5.350890008303139,190,0.9105070993914806,239,31.83959415061692
17,0.5,uniform,50,8.522580207149469,0.9154674965566478,0.9444897959183675,0.021164799867186872,4.212633014460073,27,0.6515806111696523,76,1.7770720761702383
17,0.75,fixed,50,9.045770671932088,1.402353813037762,0.8734693877551021,0.007653370059507374,3.7038763482939467,2,0.6350246596961924,51,1.8861642927156186
17,0.75,uniform,50,4.795855115520385,1.1288825340690818,0.8489795918367348,0.006630896204206513,3.7537877312353998,0,0.5131602834620592,49,1.0
17,1.0,fixed,50,9.903158256937967,1.5221069183936466,0.9191836734693878,0.013774715686698424,3.4132482543366676,2,0.5949823143001516,51,2.064941083163519
17,1.0,uniform,50,8.679855628053454,0.6675829514877483,0.9967346938775511,0.07384342630020133,4.042117598354296,18,0.38973316840431127,67,1.8098661070814328
17,1.25,fixed,50,5.719769183165051,1.3782817812666435,0.8759183673469388,0.008942176187460038,3.556421092217943,0,0.5418201956802657,49,1.1926484527555237
17,1.25,uniform,50,5.957500606880292,0.7487111913696722,0.9926530612244899,0.03543562223213248,3.79832427243994,4,0.4031853496115432,53,1.2422186374230908
17,1.5,fixed,50,5.411151514006226,1.1382298222331573,0.8971428571428572,0.011358269572201977,3.622640323336259,0,0.5742106934886182,49,1.1282975368656603
17,1.5,uniform,50,5.2920975537379995,0.7881092350881769,0.9848979591836735,0.03207643912771695,3.77959558074122,2,0.4600204211869814,51,1.1034731922179364
17,2.0,fixed,50,5.411151514006226,1.1382298222331573,0.8971428571428572,0.01135826957219537,3.622640323336259,0,0.5742106934886182,49,1.1282975368656603
17,2.0,uniform,50,4.898856398093702,1.2167026565201289,0.8534693877551021,0.007112091650541314,3.741543562197553,0,0.5354823056973141,49,1.0214771464300463
18,0.5,fixed,50,124.3437300570985,0.9671045148897733,1.0,2.0000000000003078,5.2586260609828965,167,0.9240634291377599,216,28.02373570703317
18,0.5,uniform,50,7.983492678258604,0.8761439482212534,0.9224489795918367,0.014309370893942687,4.254987923068615,33,0.6442739529889034,82,1.7992647376093527
18,0.75,fixed,50,8.297797689104247,1.2553370628090808,0.8893877551020409,0.009773784526012097,3.597612029815535,2,0.6483358515001076,51,1.8701006418506831
18,0.75,uniform,50,4.437086167134089,0.9175116063488246,0.8648979591836735,0.0085564813781921,3.691412432970526,0,0.51657874387834,49,1.0
18,1.0,fixed,50,11.853564757839212,1.2579388298027359,0.8951020408163265,0.010587721696379664,3.4172662167437085,5,0.6388612742882964,54,2.6714749976323815
18,1.0,uniform,50,7.46098860791794,0.6424695293873155,0.9946938775510205,0.06718938913470578,3.9489485520602736,15,0.3624269149109911,64,1.6815063595523971
18,1.25,fixed,50,5.141764679513432,1.043758404996051,0.8853061224489797,0.011798240636564344,3.514706624686613,0,0.5652281515854598,49,1.1588156023651204
18,1.25,uniform,50,5.176684256077149,0.6820779670157194,0.9922448979591837,0.03968065202868392,3.7272762438053766,3,0.40787583028331276,52,1.1666855366527096
18,1.5,fixed,50,5.141764679513432,1.043758404996051,0.8853061224489797,0.011798240636558646,3.514706624686613,0,0.5652281515854598,49,1.1588156023651204
18,1.5,uniform,50,4.836559702979724,0.7012573997915684,0.9726530612244899,0.027115613141994458,3.7294286778976335,2,0.4522026992615229,51,1.0900306013447683
18,2.0,fixed,50,5.02873444818499,1.0278616258336355,0.8889795918367348,0.012856076564091592,3.537113757257303,0,0.5670169525131352,49,1.1333416252840198
18,2.0,uniform,50,4.553061928253994,0.9587332067405758,0.8742857142857144,0.009388937332120898,3.675738106416738,0,0.5217012485403751,49,1.0261378203513263
19,0.5,fixed,50,85.20018053839817,0.948585411866465,1.0,2.000000000000184,4.835535859269844,98,0.9409990749306201,147,18.805101788487917
19,0.5,uniform,50,9.278269809744895,0.9345668173001653,0.9526530612244898,0.019290995069337184,4.285527796276894,33,0.6506124041086987,82,2.0478689961774523
19,0.75,fixed,50,9.790119172728861,1.2602384599025778,0.9126530612244896,0.011896089337121213,3.67751302277803,0,0.7475502008032127,49,2.160842693069423
19,0.75,uniform,50,4.530694994193326,1.1385434563438583,0.8408163265306122,0.006488924784618836,3.7741223940903725,0,0.4970039622066442,49,1.0
19,1.0,fixed,50,11.808690452399881,1.3853479095853118,0.8869387755102041,0.009455041759606682,3.4182862749695424,6,0.5619436592260454,55,2.60637506332566
19,1.0,uniform,50,8.721131762557267,0.6492916822840965,0.9979591836734695,0.09757206284964469,4.091922267036108,20,0.3853214562354763,69,1.924899330838763
19,1.25,fixed,50,5.330888876154102,1.342897412879452,0.88,0.008986418657159767,3.5563577880076567,0,0.5575889180082363,49,1.1766161445399277
19,1.25,uniform,50,6.056774047824689,0.7182971534149029,0.9938775510204081,0.05048725801527667,3.883225747664093,7,0.4386230897261312,56,1.336831116547733
19,1.5,fixed,50,5.138694409310232,1.3231584375515442,0.8620408163265306,0.007323192775223853,3.6593589200863326,0,0.5346217077671529,49,1.1341956180886454
19,1.5,uniform,50,5.011452694746305,0.8305949635295642,0.9914285714285714,0.025491259932836647,3.7955992939542718,2,0.41631680911680924,51,1.106111248090885
19,2.0,fixed,50,5.076373471080168,1.320668103717737,0.8526530612244899,0.006859883968239502,3.659065614408839,0,0.5175466111866849,49,1.120440346919446
19,2.0,uniform,50,4.561854973388505,1.1184887502414076,0.8453061224489795,0.006462740457846582,3.7704376064329304,0,0.524591120574087,49,1.0068775274511117
20,0.5,fixed,50,124.23428645839506,0.9373626552466766,1.0,2.0000000000001266,5.227922995370522,156,0.9290310077519381,205,25.042647486039293
20,0.5,uniform,50,6.414450136919659,0.8574318096131708,0.9473469387755102,0.020092213115910404,4.026803469128848,13,0.5438934577144965,62,1.2929990437820935
20,0.75,fixed,50,9.734314956078682,1.384258529797728,0.9142857142857143,0.01200548144224684,3.6295716841464545,1,0.693308280419852,50,1.9622040333028024
20,0.75,uniform,50,4.96090864704512,0.9318312079710219,0.879591836734694,0.009801681370954976,3.7897735978195173,0,0.5297346111315882,49,1.0
20,1.0,fixed,50,11.89002719583941,1.2290266178054994,0.8889795918367348,0.009548626660287628,3.5004069449872266,6,0.5888565529446463,55,2.3967438309757028
20,1.0,uniform,50,8.489752358400343,0.6349499473168929,0.9979591836734695,0.10225407238028297,4.052796565278227,17,0.3830103550295858,66,1.7113301135785113
20,1.25,fixed,50,5.894920007532177,1.0501993320923544,0.8804081632653061,0.010047273909878722,3.5306700710629735,0,0.5308665191740412,49,1.1882742511381226
20,1.25,uniform,50,6.568463571223228,0.6780046145069042,0.9926530612244897,0.06262372979112399,3.9172207719083305,8,0.3961513790891593,57,1.3240444520452157
20,1.5,fixed,50,5.441781378716257,1.0865357142732694,0.8820408163265308,0.009248111865318737,3.7122773277802756,0,0.5801485971258189,49,1.096932389988185
20,1.5,uniform,50,5.627621049057309,0.7627249016137444,0.9861224489795919,0.024175478224703614,3.833911501460078,3,0.4833077016965701,52,1.134393202827733
20,2.0,fixed,50,5.441781378716257,1.0865357142732694,0.8820408163265308,0.009248111865315198,3.7122773277802756,0,0.5801485971258189,49,1.096932389988185
20,2.0,uniform,50,4.980924478319946,0.9549400141270378,0.8767346938775511,0.00911104995042193,3.790619447785822,0,0.5333980230343696,49,1.0040347107150922
21,0.5,fixed,50,133.30107016427715,0.9683370481910893,1.0,2.0000000000000075,5.269206698716649,166,0.9396435643564358,215,27.00211975026011
21,0.5,uniform,50,9.373872840406136,0.7503605621904385,0.9906122448979592,0.05260848901662171,4.264071344173582,29,0.5992556690323696,78,1.8988177412861353
21,0.75,fixed,50,9.210710051605151,1.2832493004698495,0.906938775510204,0.011752312407637631,3.6147033903138936,1,0.6514978396543449,50,1.8657666850826025
21,0.75,uniform,50,4.936689096899256,0.9913711700839429,0.8824489795918369,0.01058422714085773,3.786948356772588,0,0.528225272124941,49,1.0
21,1.0,fixed,50,9.946644123706221,1.3584001425314207,0.8955102040816327,0.011715912403353953,3.3781894342222305,2,0.5739010815919352,51,2.014841106755888
21,1.0,uniform,50,8.266106946036052,0.658988814909315,0.9963265306122449,0.07348129770082198,4.076645544834533,17,0.44908326029798395,66,1.6744232386900786
21,1.25,fixed,50,5.741023779857352,1.071671900211355,0.8946938775510204,0.012889427697859807,3.5710246504871304,0,0.576144375460381,49,1.162929985496413
21,1.25,uniform,50,6.039282592316111,0.7265796374929759,0.9946938775510205,0.04889313123727656,3.8688305578588182,5,0.44062622309197685,54,1.2233467560493927
21,1.5,fixed,50,5.386113723091047,0.9664900902483261,0.8951020408163265,0.012280954312779695,3.7134889948903607,0,0.5791763576229592,49,1.0910376605393433
21,1.5,uniform,50,5.476746918120988,0.8131215935061687,0.979591836734694,0.024392651338015457,3.8147190809757676,2,0.46830799411476187,51,1.109396765852835
21,2.0,fixed,50,5.28803625464978,0.9389317205113962,0.903265306122449,0.013956181662732041,3.73583456194829,0,0.5797671294223019,49,1.0711706066260493
21,2.0,uniform,50,5.0169233444583465,1.0613045816126503,0.8657142857142857,0.008574557648399232,3.781316283644318,0,0.5203719549463022,49,1.0162526434183359
22,0.5,fixed,50,101.65928723107963,1.063690708040795,1.0,2.0000000000000187,4.943104977126302,105,0.9611194029850745,154,19.611822995605348
22,0.5,uniform,50,8.643056718518157,0.7172858863607815,0.9759183673469387,0.04137277091959554,4.143325293332902,23,0.533712526332847,72,1.6673941272011366
22,0.75,fixed,50,13.605460367603461,1.581916382394325,0.9269387755102041,0.014573812741263488,3.6491007228632992,2,0.7705847762169225,51,2.6247270443342945
22,0.75,uniform,50,5.183571524883721,0.9700807093026382,0.8844897959183673,0.010107218522175842,3.7235174205791837,0,0.5540664464736742,49,1.0
22,1.0,fixed,50,9.628356638968022,1.3943799745014338,0.9073469387755102,0.011809155937765325,3.453761954443109,2,0.6036375661375664,51,1.8574754091357901
22,1.0,uniform,50,8.52127353618237,0.6203059753973661,0.9955102040816327,0.09305316024004456,4.075816325084577,19,0.3839559575304756,68,1.6439000591148438
22,1.25,fixed,50,5.697031424056253,0.9886709125730884,0.893061224489796,0.010872787885102988,3.65058239990219,0,0.575525076765609,49,1.0990552357014212
22,1.25,uniform,50,6.232573812093979,0.6805183606873412,0.9906122448979592,0.05286425683151929,3.822313715923889,5,0.44597547726214537,54,1.202370562878225
22,1.5,fixed,50,5.697031424056253,0.9886709125730884,0.893061224489796,0.01087278788510289,3.65058239990219,0,0.575525076765609,49,1.0990552357014212
22,1.5,uniform,50,5.903653618036095,0.7232077176399305,0.9885714285714284,0.038819678151539354,3.776706995437905,3,0.507552719200888,52,1.1389162066531968
22,2.0,fixed,50,5.51822615098787,0.9685306640338925,0.8991836734693877,0.01124077288439673,3.705306861861707,0,0.6084083424807902,49,1.0645606266832897
22,2.0,uniform,50,5.338254768300485,1.3000215865156943,0.8371428571428572,0.006213323085274398,3.7079549867411594,0,0.5206992790138771,49,1.0298410550860941
23,0.5,fixed,50,115.0523133773556,0.967063163048422,1.0,3.000000000000123,5.079629444198323,136,0.9495510983763136,185,23.858591291727254
23,0.5,uniform,50,9.056291593561543,1.0131309516884044,0.9220408163265307,0.014735258853272506,4.297207858256215,32,0.6517985245484605,81,1.8780183849133865
23,0.75,fixed,50,8.98812766402723,1.3509525725438292,0.8869387755102041,0.00929025750845178,3.7577615901194155,4,0.6738887037654122,53,1.8638831164615193
23,0.75,uniform,50,4.822259284740291,1.131618434418295,0.8412244897959184,0.006434347970907194,3.763517869219504,0,0.5036057729412673,49,1.0
23,1.0,fixed,50,8.764385026879646,1.3379642339975628,0.9220408163265306,0.02008667945915613,3.416403231473184,2,0.5557715736040607,51,1.8174852303388045
23,1.0,uniform,50,8.842346938157547,0.6340090864791078,0.9959183673469388,0.08684989811749802,4.118876803299529,22,0.39847898338220933,71,1.8336523227066095
23,1.25,fixed,50,5.709279317794293,1.261755063543096,0.9048979591836733,0.013987683090957678,3.5660478157595232,0,0.5617955001113835,49,1.1839428327425106
23,1.25,uniform,50,6.052540049385434,0.7077478473300424,0.9844897959183673,0.054681122080599144,3.8418186630187368,5,0.455664659564613,54,1.2551253866705763
23,1.5,fixed,50,5.663469226828916,1.2581650482511153,0.9048979591836733,0.013987683090961538,3.5636397071966672,0,0.5617955001113835,49,1.1744431173061507
23,1.5,uniform,50,5.493099858200871,0.7771426049061588,0.9906122448979592,0.037378952795514,3.813922123883581,3,0.3978004291845494,52,1.1391133354407983
23,2.0,fixed,50,5.136081991885345,0.9968851491017774,0.9093877551020408,0.015584252978776122,3.7158380696500135,0,0.5631326402376333,49,1.0650779413994027
23,2.0,uniform,50,5.1022028911668516,0.9318853560236143,0.9763265306122448,0.02561909421335088,3.7751917048932087,1,0.45134495084897197,50,1.058052375431662
24,0.5,fixed,50,127.08497430544335,1.0182273131978128,1.0,2.0000000000001026,5.14815254931519,147,0.9293100097181728,196,27.279282000900825
24,0.5,uniform,50,9.648043426661669,1.1213084820104995,0.9187755102040817,0.011486145611468754,4.367793496387864,39,0.6025674399076308,88,2.0709898934257254
24,0.75,fixed,50,10.508143300292005,1.5994669604824792,0.8808163265306121,0.00829971420765138,3.6296708954533052,2,0.6738128871020321,51,2.2556136629148624
24,0.75,uniform,50,4.6586627280456545,1.2642503630227124,0.8306122448979592,0.006035371137113655,3.740413879126942,0,0.4660859532737238,49,1.0
24,1.0,fixed,50,14.246397872352757,1.3577747165373935,0.9126530612244897,0.014845158455371163,3.3848815542919843,8,0.5491156938133521,57,3.0580444870129573
24,1.0,uniform,50,8.460712669471548,0.6991808792024271,0.9963265306122449,0.07734717489653083,3.995316094379879,18,0.3679366222542313,67,1.8161247472449853
24,1.25,fixed,50,5.461688449658554,1.338255716265425,0.8918367346938774,0.012624635930515517,3.5803283290563983,0,0.5327063034400474,49,1.1723725816807036
24,1.25,uniform,50,6.035058149886439,0.7786269805132345,0.9959183673469387,0.04469567068415212,3.7802763170750104,5,0.37715306402857895,54,1.2954486087938357
24,1.5,fixed,50,5.388210301240012,1.3097301307498745,0.8893877551020407,0.011325231707714026,3.6013884408644956,0,0.5352894995093227,49,1.1566002125035586
24,1.5,uniform,50,4.892237024258658,1.0185276617541512,0.9673469387755101,0.014611888674230609,3.755340229134151,1,0.34365005049114106,50,1.0501376274369167
24,2.0,fixed,50,5.272173121900912,1.113248754188599,0.9114285714285713,0.017687813308969926,3.652267432290411,0,0.5813241247916172,49,1.1316923824860423
24,2.0,uniform,50,4.933761506262318,1.0141704710193062,0.9591836734693877,0.013066637993351017,3.7526775605449822,1,0.3876993921532508,50,1.0590510183449295
25,0.5,fixed,50,76.3805717279122,1.0477852121695126,1.0,2.000000000000284,4.690599270245664,75,0.9570027247956403,124,15.466537825036276
25,0.5,uniform,50,9.330087590005606,0.8925857416491615,0.9677551020408163,0.02817755734354016,4.260276718165456,29,0.623408350147447,78,1.8892782465123832
25,0.75,fixed,50,11.309686319990828,1.5502879727953545,0.9261224489795918,0.015736316592382987,3.631233060562144,0,0.7551026252983293,49,2.290133306157367
25,0.75,uniform,50,4.938440172710925,1.0127763603706936,0.8853061224489795,0.0096081558638824,3.7795800714988124,0,0.5681942812377596,49,1.0
25,1.0,fixed,50,9.858803685280414,1.4557906968755305,0.9244897959183673,0.016602911412271455,3.4623131024910196,2,0.6447941217246635,51,1.9963396012689747
25,1.0,uniform,50,8.932056870600885,0.6631872829283662,0.9955102040816327,0.07869897134622098,4.05970325002638,19,0.40823089983022043,68,1.8086797770595833
25,1.25,fixed,50,5.60793943503935,1.0261611060773597,0.9151020408163265,0.015675040652970876,3.6661225026960604,0,0.6071412625573609,49,1.1355689729781435
25,1.25,uniform,50,6.189211915878964,0.6995260473172068,0.9893877551020408,0.04306667338071277,3.8559401358137158,5,0.4538528642047106,54,1.253272632536811
25,1.5,fixed,50,5.610616737245045,1.2446375848770854,0.8861224489795919,0.009663153487487799,3.622175618489868,0,0.6019125459746628,49,1.136111108169026
25,1.5,uniform,50,5.581245942033095,0.7928497516746889,0.9877551020408163,0.029214605916255795,3.8265445440196215,3,0.4764350303480738,52,1.1301637251523706
25,2.0,fixed,50,5.076201777884232,0.969456061721742,0.9057142857142856,0.012948913494153622,3.7733185645875977,0,0.6051219512195125,49,1.0278957728261156
25,2.0,uniform,50,5.003711895283157,1.0251737785011326,0.8869387755102041,0.009803268378254671,3.7773065111863486,0,0.5738002387584562,49,1.013217072656446
26,0.5,fixed,50,109.00033891588926,0.892405758325351,1.0,2.000000000000109,5.111993423064423,135,0.9530259365994236,184,23.92255355620103
26,0.5,uniform,50,9.035672120124099,0.8146380382433828,0.9559183673469388,0.019581206827677815,4.278706278324886,31,0.6631738623103849,80,1.9830796157133013
26,0.75,fixed,50,8.444348406249238,1.181486703452332,0.8832653061224488,0.00853522325200731,3.730692871806361,4,0.6301813784764208,53,1.853300448465584
26,0.75,uniform,50,4.556383943704663,1.008814156946819,0.8453061224489795,0.006482466197075705,3.7707891899827235,0,0.5304913594011309,49,1.0
26,1.0,fixed,50,12.58624908625206,1.1607780907204426,0.8893877551020409,0.009525113348262783,3.3787188364886607,7,0.58588583843571,56,2.7623328590738883
26,1.0,uniform,50,7.573755058576219,0.5967707435183014,0.9971428571428572,0.0860762867202238,4.031583296553815,16,0.3948698884758366,65,1.6622293362789395
26,1.25,fixed,50,5.25319224286152,1.2761919490715516,0.8599999999999999,0.007454364221984809,3.5872790891391197,0,0.5635330955901539,49,1.1529301103168892
26,1.25,uniform,50,5.647649527510439,0.6361858970151919,0.9906122448979592,0.045730562319914785,3.901138461765252,7,0.44318320146074264,56,1.2395025523065337
26,1.5,fixed,50,5.07500190759082,1.1737952123800814,0.853469387755102,0.0070433643626465255,3.6743039079000535,0,0.5494058493254004,49,1.113822270092648
26,1.5,uniform,50,5.0253156105049195,0.6996763084147357,0.9881632653061224,0.025701874537286066,3.797824682895692,2,0.4585630498533726,51,1.1029175048885327
26,2.0,fixed,50,5.125282951996876,1.1245994947557978,0.8697959183673468,0.008201035779654555,3.645343244448469,0,0.5909482355143687,49,1.1248575658507078
26,2.0,uniform,50,4.695883219299209,1.0407962796875445,0.8616326530612244,0.007967917113614888,3.758219275483814,0,0.5427271939703717,49,1.0306162249095108
27,0.5,fixed,50,132.37456672849385,0.9380567734700233,1.0,2.000000000000082,5.246307924391919,170,0.918968253968254,219,26.813761245420345
27,0.5,uniform,50,9.121425487823963,0.7744754278525817,0.9763265306122448,0.03494528351576677,4.27075353640706,30,0.5153905870936442,79,1.8476338113351298
27,0.75,fixed,50,9.341613280235876,1.3530794060206865,0.9146938775510204,0.013581860193374127,3.7237451622649194,1,0.6935003278688527,50,1.8922349990164364
27,0.75,uniform,50,4.936814552680585,0.9188720856653095,0.8942857142857144,0.012324554248042296,3.775491211640611,0,0.5708488911810214,49,1.0
27,1.0,fixed,50,10.640875796181042,1.3353536075609842,0.9240816326530612,0.017571918999204413,3.485205173102622,3,0.573682584631227,52,2.1554133100671717
27,1.0,uniform,50,9.170636397431073,0.6585696721481676,0.9975510204081632,0.0953933238302582,4.106521111861408,21,0.3948204446133379,70,1.8576019616640478
27,1.25,fixed,50,5.806733474138747,1.2949665838175626,0.8918367346938776,0.014023596925623246,3.5955817947906272,0,0.5454656153308712,49,1.1762105730679746
27,1.25,uniform,50,6.123072742005738,0.7262566497053248,0.9955102040816327,0.058205154799298046,3.838776011089079,5,0.4454682298451298,54,1.240288181106791
27,1.5,fixed,50,5.618098766902834,1.2776716854313674,0.889795918367347,0.013781138837512679,3.6581680377449284,0,0.5309593306090679,49,1.1380007709328126
27,1.5,uniform,50,5.448691880338939,0.8229968341990872,0.9767346938775511,0.022133769285589654,3.800913617021085,2,0.4800215028073114,51,1.1036857516514198
27,2.0,fixed,50,5.201841542578813,0.990402922976497,0.9020408163265305,0.012591756781138077,3.753958970644451,0,0.5607977576541612,49,1.0536838050265276
27,2.0,uniform,50,4.973647990077775,1.0411616835160997,0.8832653061224489,0.010252935985952845,3.7711669515586133,0,0.5392349726775951,49,1.00746097245585
28,0.5,fixed,50,104.62306756180193,1.0523874190237508,1.0,3.0000000000001945,4.9430719480035785,101,0.9645581395348839,150,20.398162675839554
28,0.5,uniform,50,8.39019991601005,0.7623129296747198,0.9608163265306123,0.02282380065908512,4.211954315134484,25,0.5902018006830179,74,1.635821494800766
28,0.75,fixed,50,12.167570517031868,1.5112653627002672,0.9310204081632653,0.020217447170302848,3.677415250240197,2,0.7120433436532507,51,2.372288335261755
28,0.75,uniform,50,5.129043690083025,0.93480823050914,0.8873469387755102,0.01053555368658617,3.7718555621185956,0,0.5556846554605326,49,1.0
28,1.0,fixed,50,9.821963523310759,1.157922643596943,0.9032653061224489,0.011922320899186021,3.452176498971627,2,0.6093336340060886,51,1.9149697520224807
28,1.0,uniform,50,8.323196957109365,0.6347115055063244,0.9983673469387756,0.11278018080872998,4.077945645601123,18,0.3895996935452979,67,1.6227580539433144
28,1.25,fixed,50,5.581646222524956,0.9422276256903558,0.8995918367346938,0.011917465870245062,3.7251520182325737,0,0.5856532527780776,49,1.0882430643585734
28,1.25,uniform,50,6.593897364950318,0.684139681855987,0.9906122448979592,0.047990283020839936,3.887651283455273,7,0.47384639847352505,56,1.285599765449372
28,1.5,fixed,50,5.5076207529704435,0.9364264460354718,0.8995918367346938,0.011917465870243841,3.7319085264340983,0,0.5856532527780776,49,1.0738104578090055
28,1.5,uniform,50,5.606697560521176,0.794293723649203,0.962857142857143,0.022539075656243194,3.833020734126009,3,0.5134985944288273,52,1.093127276603569
28,2.0,fixed,50,5.5076207529704435,0.9364264460354718,0.8995918367346938,0.011917465870253179,3.7319085264340983,0,0.5856532527780776,49,1.0738104578090055
28,2.0,uniform,50,5.2887400042263595,1.1038417811612171,0.8881632653061223,0.00995139770263973,3.7634021564867517,0,0.5990925064599482,49,1.0311356899634345
29,0.5,fixed,50,112.82860633102379,0.9203045233887088,1.0,2.0000000000000644,5.114061629031675,138,0.9411934552454284,187,23.74293400537145
29,0.5,uniform,50,9.097589679851785,1.0298635924276802,0.9126530612244897,0.010924825036645287,4.247937483278587,31,0.6367637231503578,80,1.914438885675362
29,0.75,fixed,50,9.754753972888842,1.3267902802068783,0.8983673469387756,0.009865141608909937,3.6853892793402148,1,0.7014540236757143,50,2.0527283580675704
29,0.75,uniform,50,4.7520919826293655,1.1353942857416657,0.8644897959183673,0.007889206859572511,3.7266461026006272,0,0.519972728822226,49,1.0
29,1.0,fixed,50,11.626614268367952,1.3402853309540859,0.8963265306122448,0.01037560919058441,3.4475908264885096,5,0.5779577750710514,54,2.446630728291346
29,1.0,uniform,50,7.506419835384572,0.7026786438725591,0.9946938775510203,0.06854409477207447,3.977002950017572,14,0.39386885245901593,63,1.5796032279727081
29,1.25,fixed,50,5.474413417414398,1.1204764789328414,0.8877551020408163,0.01026944557194709,3.609729343410585,0,0.5693168198162204,49,1.152000726716861
29,1.25,uniform,50,5.906731983400467,0.720427931141835,0.9893877551020408,0.04820088656863068,3.809519635310801,5,0.4186168660636127,54,1.2429750949669605
29,1.5,fixed,50,5.474413417414398,1.1204764789328414,0.8877551020408163,0.010269445571951861,3.609729343410585,0,0.5693168198162204,49,1.152000726716861
29,1.5,uniform,50,5.40878566855957,0.7987096203361674,0.98734693877551,0.03345342545652508,3.780789604378595,3,0.3958392259024932,52,1.1381904408270422
29,2.0,fixed,50,5.2238552852667866,1.1028197473507022,0.889795918367347,0.01040251994921872,3.665547570609339,0,0.5679341497691222,49,1.0992748676502662
29,2.0,uniform,50,4.994544388846245,0.9643639539339011,0.9873469387755103,0.020831897546553988,3.7417805994615927,1,0.3950626152800698,50,1.0510201416772091
