trial,k_commodities,method,n,cost,efficiency,robustness,algebraic_connectivity,network_entropy,cyclomatic_number,betweenness_gini,num_edges,steiner_ratio
0,0,MST,50,4.7512149083725035,0.898473551159808,0.873469387755102,0.009246531135780143,3.78261966814164,0,0.5593510877719428,49,1.0
0,0,kNN,50,11.413308815605827,0.7023991225224044,0.989795918367347,0.04345929479243111,4.42462100040332,44,0.5614630755864467,93,2.4021874479921976
0,1,Physarum-k1,50,7.299167388483088,1.4771956413876557,0.9008163265306122,0.011822742494283897,3.512274427869737,1,0.6242908762420956,50,1.536273885574115
0,1,Union-k1,50,10.000191178714193,1.4933258522184674,0.9028571428571428,0.012294321934308199,3.4123673067987204,3,0.6191003539216808,52,2.104765069896552
0,2,Physarum-k2,50,6.731596245345049,0.8606493484429495,0.9151020408163264,0.015643427350882932,3.7646500977767148,5,0.6137410162652883,54,1.4168157776830415
0,2,Union-k2,50,7.175204203246198,0.7883479283902345,0.9604081632653062,0.022834259287211403,3.828804209990512,8,0.5525312878482034,57,1.5101830461514558
0,3,Physarum-k3,50,6.9979553313305995,0.8475819106451852,0.9240816326530613,0.01962989945983732,3.7915251612716716,6,0.6002241531293291,55,1.4728770359343104
0,3,Union-k3,50,6.684689294398011,0.8323219163839348,0.9257142857142857,0.019837839887770888,3.8204145219366756,7,0.554658731163733,56,1.4069431552377003
0,5,Physarum-k5,50,13.479532635563478,0.774624614410279,0.976734693877551,0.07290867363529684,4.092363509599205,26,0.6686074697007174,75,2.837070706233493
0,5,Union-k5,50,17.207147629144934,0.6999401562694001,0.9799999999999999,0.06969698907622478,4.075274318652339,32,0.5432441760138054,81,3.621631090360239
0,10,Physarum-k10,50,17.361528934249417,0.6751378999428952,0.9873469387755103,0.06902303101200961,4.3586731197977455,44,0.5965127140633106,93,3.654124107005821
0,10,Union-k10,50,29.326553007151286,0.7078956204951355,0.989795918367347,0.05722066471096651,4.465242033477351,66,0.5286366880799427,115,6.172432435222531
1,0,MST,50,5.00534034503666,1.005438731108986,0.8681632653061225,0.00841029675738176,3.7564421057686426,0,0.5206363479163068,49,1.0
1,0,kNN,50,12.216651168882697,0.6796392228981111,0.9955102040816327,0.04674564168289386,4.443410467910958,46,0.629218810726778,95,2.440723372786595
1,1,Physarum-k1,50,13.799958839551804,1.6944993907335595,0.9016326530612245,0.010472678122513162,3.468549367469882,5,0.575321765868658,54,2.757047051403001
1,1,Union-k1,50,12.927505053040512,1.7756980202386665,0.8995918367346938,0.01043867415470274,3.4528482482737908,4,0.5756638981771114,53,2.5827424634289935
1,2,Physarum-k2,50,12.0342677366679,0.964144354316411,0.9359183673469387,0.02009482463131647,3.7322398112405026,11,0.6081266646936965,60,2.4042856043947514
1,2,Union-k2,50,11.615697772514412,0.9374609305054061,0.9183673469387756,0.015031070546237148,3.799347596717598,15,0.5533756230176707,64,2.3206609284886373
1,3,Physarum-k3,50,13.69116568709343,0.8615910766861926,0.959591836734694,0.024976919174558923,3.884396985319288,16,0.7016121916984162,65,2.735311635835056
1,3,Union-k3,50,16.698090045038608,0.7721154187567327,0.9726530612244899,0.032422997800162764,3.9529709148630583,26,0.5074395065633399,75,3.3360548721919745
1,5,Physarum-k5,50,17.376354446103452,0.7084951552551463,0.9767346938775511,0.06630631259395785,4.1909279089803135,34,0.6312586037364796,83,3.471563020351653
1,5,Union-k5,50,19.0699022715565,0.6859688010311532,0.9820408163265307,0.09178281993570336,4.2320287216258485,41,0.4962173221186632,90,3.8099112062312375
1,10,Physarum-k10,50,21.576033627255388,0.627503285843006,0.9946938775510203,0.14363865860484756,4.485487394097479,57,0.7089989956478071,106,4.3106027042996935
1,10,Union-k10,50,25.31572659362466,0.7177466200464585,0.9955102040816327,0.09496435022613106,4.397385225517255,57,0.5678690775921262,106,5.057743299859311
2,0,MST,50,4.8930236680977295,0.9780265766852938,0.88,0.009428612094678364,3.73526587213011,0,0.49630452451910045,49,1.0
2,0,kNN,50,12.274378095108528,0.691043015065317,0.9910204081632653,0.06665368994680193,4.433248585071842,47,0.6288359895097841,96,2.5085466426694114
2,1,Physarum-k1,50,12.371754494687105,1.6163882448165385,0.8914285714285713,0.009250442120462849,3.4910672690808906,4,0.5452223987291502,53,2.528447711248635
2,1,Union-k1,50,10.213119242249,1.5862054786805668,0.890204081632653,0.009454511997214829,3.477533089765454,3,0.5071802714586122,52,2.0872817985406504
2,2,Physarum-k2,50,9.74111010595327,1.0581019225602952,0.8783673469387756,0.008874995048973912,3.7431546749733156,10,0.5861483253588518,59,1.9908160611330827
2,2,Union-k2,50,9.303331769510878,0.8221457507572096,0.9624489795918367,0.024395303545667723,3.7976065189669947,12,0.48210499619578995,61,1.9013461615091172
2,3,Physarum-k3,50,6.993275297993205,0.7880400617300334,0.9216326530612245,0.01703683822030286,3.8197194712375326,7,0.6254798884906414,56,1.4292338996005705
2,3,Union-k3,50,9.810716926133479,0.7797552429615199,0.9371428571428573,0.01701307925094921,3.9071048363653813,16,0.5963598216627328,65,2.0050417883933127
2,5,Physarum-k5,50,12.22682320124748,0.7813355661971187,0.9604081632653062,0.0312033762927459,4.057302066521815,23,0.6458680818802125,72,2.4988277250661506
2,5,Union-k5,50,15.15757839965277,0.7687415778007034,0.9693877551020408,0.035417521282392096,4.062710065157344,31,0.5634328358208953,80,3.0977938035492096
2,10,Physarum-k10,50,19.432807010818532,0.6297228648156529,0.9893877551020408,0.1543298757243619,4.464743082412434,56,0.628381171067738,105,3.9715334175715244
2,10,Union-k10,50,32.77802124563285,0.6515969608076203,0.9946938775510205,0.1697587031290983,4.5755189973303745,79,0.538994271164863,128,6.698929633090458
3,0,MST,50,4.9397233105961265,1.1408763479011588,0.8685714285714284,0.008852192040830476,3.7749098387738202,0,0.5124143820992395,49,1.0
3,0,kNN,50,12.161834578236823,0.8803277591135321,0.9812244897959184,0.025971464465466533,4.463414479492203,47,0.6391761037255861,96,2.4620477329466315
3,1,Physarum-k1,50,11.758699900157003,1.4227450089171116,0.8889795918367347,0.01026662819933734,3.482783847997204,5,0.6073717409587891,54,2.3804369517890995
3,1,Union-k1,50,11.641358634470135,1.3253976932259421,0.8926530612244897,0.010667184548511444,3.486380897447672,5,0.6169534984789222,54,2.3566823286434753
3,2,Physarum-k2,50,11.416294046379866,1.0271409579015987,0.9579591836734693,0.04218737707674155,3.6921899680163093,9,0.6516982562547389,58,2.311120143488795
3,2,Union-k2,50,11.733511378650544,0.8714979798536097,0.9906122448979592,0.03652493921889617,3.8284651883598118,16,0.523646936036976,65,2.375337775191004
3,3,Physarum-k3,50,11.939777867849383,1.0684059589474788,0.9424489795918366,0.015476778170222501,3.707045356988958,11,0.6172789503707934,60,2.417094464023429
3,3,Union-k3,50,11.269188954788628,0.9052052334867005,0.9718367346938775,0.019109028150795664,3.8248315923217944,17,0.5117386261116124,66,2.281340116887774
3,5,Physarum-k5,50,18.694306901661356,0.9033594430702664,0.980408163265306,0.06467497708806111,4.246636259396032,36,0.6658195020746889,85,3.784484621144767
3,5,Union-k5,50,21.681408163223153,0.766394566204369,0.9922448979591836,0.12683538828415222,4.171452192293903,42,0.4575147670094073,91,4.389194859702909
3,10,Physarum-k10,50,24.31655914655665,0.6926370106143964,0.9934693877551021,0.2578394502261203,4.514911912796374,61,0.7154548551959117,110,4.922656112012501
3,10,Union-k10,50,40.78875112952776,0.6889471019897291,0.9959183673469388,0.16037709417508433,4.522664314101055,76,0.5016336194140281,125,8.257294703537832
4,0,MST,50,4.9287348010380265,1.4408807525669325,0.8138775510204082,0.005275590675957567,3.77911423264397,0,0.4652900041135337,49,1.0
4,0,kNN,50,11.17107851634867,1.2340112099291427,0.9444897959183673,0.01292753720737768,4.445734126255367,44,0.6274256280878803,93,2.266520510293222
4,1,Physarum-k1,50,8.919585159692012,1.3399659908971042,0.9118367346938776,0.014414025653422874,3.430890313322256,2,0.6020571707793794,51,1.8097109136027127
4,1,Union-k1,50,8.423760878240506,1.4198128080521952,0.9122448979591837,0.014400766994816589,3.4515690822884726,1,0.6087620206938529,50,1.7091122201313007
4,2,Physarum-k2,50,10.898554182616165,1.4406190532059848,0.8444897959183674,0.006326301622745391,3.7958376980397976,11,0.561637873754153,60,2.21122755079475
4,2,Union-k2,50,11.474427440827936,1.3371071585171117,0.8751020408163265,0.0071341810352611,3.905871962747151,18,0.5568665641551342,67,2.3280675272711653
4,3,Physarum-k3,50,10.064014425753054,1.1529686855510553,0.9146938775510205,0.010094526396807123,3.9060944949380527,14,0.5706496466833828,63,2.0419062562736183
4,3,Union-k3,50,12.385613942972853,0.9816326774770998,0.9812244897959185,0.02946758367976537,3.8622039211132746,17,0.5052199940137678,66,2.5129398198426816
4,5,Physarum-k5,50,15.100993379987838,0.8146662105720606,0.9787755102040818,0.07045929137964424,4.064094517593402,25,0.6601761252446181,74,3.0638681100893197
4,5,Union-k5,50,17.298235308849335,0.8638678197245253,0.989795918367347,0.07985586138600083,3.9647006898523998,27,0.4339505688505294,76,3.509670535571564
4,10,Physarum-k10,50,20.28340956522858,0.71398357512742,0.9926530612244899,0.23647048945209356,4.341821999062618,46,0.6485458612975392,95,4.115337989164431
4,10,Union-k10,50,33.627064121541416,0.7329337328533378,0.9975510204081632,0.2895913261214305,4.420948538879564,66,0.5420556023588881,115,6.822656417719882
5,0,MST,50,4.7301767511088,0.8555875163206825,0.8922448979591837,0.010885950376500657,3.7440500433458013,0,0.5745933703932466,49,1.0
5,0,kNN,50,11.349445168914107,0.7714549406221165,1.0,0.05269494720193389,4.376595024335729,42,0.5491682195493814,91,2.399370206674346
5,1,Physarum-k1,50,11.117702683790663,1.2435058008063296,0.8979591836734694,0.011064968470112279,3.4744257569301826,4,0.5966061392131434,53,2.350377854524054
5,1,Union-k1,50,11.57208838685994,1.2718999996661768,0.903265306122449,0.011579627889135274,3.481047977861994,4,0.6151315343795865,53,2.446438895575589
5,2,Physarum-k2,50,6.052270551716132,0.8100063220805759,0.9048979591836734,0.013018953867141823,3.7986169771094183,5,0.588179652943178,54,1.2795019869600899
5,2,Union-k2,50,6.921002322935453,0.8071658613329796,0.9167346938775509,0.01370365446661989,3.823208044348624,8,0.5858918980687924,57,1.4631593462787837
5,3,Physarum-k3,50,9.55491963017083,0.8749208306852029,0.9016326530612244,0.011730686867510982,3.9046186301406935,14,0.620937534549475,63,2.0199920918242773
5,3,Union-k3,50,9.259390163027955,0.8147430296213891,0.9261224489795917,0.013696795650929966,3.795703667125603,13,0.6173450070989115,62,1.9575146237098777
5,5,Physarum-k5,50,17.816332134489997,0.6534394427856086,0.9820408163265306,0.09783398649744963,4.260870087591685,38,0.6606679441554888,87,3.7665256653070465
5,5,Union-k5,50,14.570889912458885,0.6727239906995006,0.9873469387755103,0.07830899908917874,4.11303098736792,31,0.5164637456378438,80,3.080411299438932
5,10,Physarum-k10,50,17.137724313956433,0.6338664763179079,0.9914285714285714,0.13433666875062233,4.40337502041693,47,0.5925391498881432,96,3.623062142432454
5,10,Union-k10,50,31.542680271877227,0.653939867089003,0.990204081632653,0.10332829201195642,4.479104012437506,68,0.5952993660483683,117,6.668393578418251
6,0,MST,50,4.813625993749848,1.0160996400838573,0.8771428571428569,0.009144468328460964,3.789837931485751,0,0.5485457743219477,49,1.0
6,0,kNN,50,11.520737402237748,0.7108570426086267,1.0,0.057525372492605406,4.431170079240467,44,0.5650361964390529,93,2.393359479360592
6,1,Physarum-k1,50,5.604752950125501,1.2988523753112502,0.8579591836734692,0.0071032808560436474,3.696323806026067,0,0.5575956284153007,49,1.164351563125776
6,1,Union-k1,50,5.586795321428935,1.3354086234452625,0.8526530612244898,0.006901202269760021,3.727221267089728,0,0.5327652969528633,49,1.1606209806667558
6,2,Physarum-k2,50,9.522585235877225,1.0037798212750995,0.9159183673469385,0.012560313413048503,3.913788099095899,12,0.630835368832438,61,1.9782561520653301
6,2,Union-k2,50,7.987098046288222,0.8959597825131705,0.9297959183673467,0.013422759958683703,3.884244852230161,11,0.5663318930281445,60,1.6592685133117742
6,3,Physarum-k3,50,16.884652327425524,0.7247129070644759,0.9779591836734692,0.0773176169882414,4.138695996353663,29,0.7250709219858151,78,3.5076784838184456
6,3,Union-k3,50,12.917870711872755,0.8145175461294624,0.9853061224489795,0.07398810988526025,3.829030519253717,20,0.4934267322983723,69,2.683604984817203
6,5,Physarum-k5,50,14.407616959855797,0.753122061620341,0.9722448979591836,0.031007116357898268,4.1693659212646805,29,0.7069467028003615,78,2.9930902356275846
6,5,Union-k5,50,12.77130812742462,0.8349246195977185,0.9759183673469386,0.028629376781974126,4.059590779299774,26,0.5600086219284379,75,2.6531575456853647
6,10,Physarum-k10,50,21.180470084405936,0.6357225899742227,0.993469387755102,0.1577570173414112,4.51922196992994,58,0.6637551020408166,107,4.400107135848792
6,10,Union-k10,50,31.764019767233233,0.658060267105025,0.9951020408163265,0.18658976696825302,4.51312645577956,70,0.4613527769159167,119,6.598771863139463
7,0,MST,50,5.140322695501482,1.0606243182418233,0.866530612244898,0.007932247938940581,3.766968730835245,0,0.5484379744574439,49,1.0
7,0,kNN,50,13.079271663311689,0.8175029073764082,0.96,0.023788481470644152,4.491226484601999,51,0.6879155590304926,100,2.5444456385506546
7,1,Physarum-k1,50,7.350116452126576,1.3827701590888977,0.8779591836734693,0.008904085409575789,3.685365219689096,0,0.5814957594448729,49,1.4298939750531579
7,1,Union-k1,50,7.480506567375846,1.3752357314771761,0.8942857142857144,0.010874586517349452,3.6647594682986058,0,0.60710843373494,49,1.4552601092383481
7,2,Physarum-k2,50,9.147344938598524,1.0189218978888204,0.9146938775510204,0.014311473142310552,3.764397507261796,7,0.6529774614472124,56,1.7795273722024807
7,2,Union-k2,50,12.543868113290998,0.7759048898719578,0.9828571428571429,0.0448887453123845,3.9048423211822545,20,0.4776245987497889,69,2.44028806290093
7,3,Physarum-k3,50,6.786537082459523,1.0049234387717347,0.8906122448979592,0.009975364404145124,3.6968539271369654,3,0.5691440000000001,52,1.3202550665542292
7,3,Union-k3,50,6.4820981912589515,0.9610003471559254,0.9073469387755101,0.011039524712354979,3.752373073497881,4,0.5587976569725617,53,1.2610294285476893
7,5,Physarum-k5,50,24.246647912858773,0.8069368394312901,0.9885714285714287,0.11695884592128777,4.336828433578291,43,0.7569382022471907,92,4.7169505397157385
7,5,Union-k5,50,26.395077614387834,0.6958457123763274,0.9979591836734695,0.12244035315494146,4.239866251090674,48,0.5189999999999999,97,5.134906732117676
7,10,Physarum-k10,50,18.508440446074697,0.6879585073671357,0.990204081632653,0.14285382327396676,4.340341912571197,43,0.6215417789757411,92,3.6006378475561918
7,10,Union-k10,50,28.932093199668667,0.6458461292187612,0.9955102040816327,0.10842023077607643,4.481208688118955,64,0.4982971711068389,113,5.628458545022551
8,0,MST,50,4.641457276210677,1.186155794762882,0.8142857142857143,0.0052274751629270404,3.7718000978994604,0,0.4442899014122037,49,1.0
8,0,kNN,50,12.286334605245138,0.8218435463111419,0.970204081632653,0.024817873136079797,4.528911202043523,53,0.690270963604297,102,2.6470855755190317
8,1,Physarum-k1,50,8.479994392752058,1.5069991791482416,0.8783673469387755,0.008404938367673583,3.4565586565087707,2,0.522956709179091,51,1.8270111924148082
8,1,Union-k1,50,8.064832650345556,1.72058014073157,0.8710204081632653,0.007952089418391768,3.4449443425738,1,0.5311654526534861,50,1.7375647712370519
8,2,Physarum-k2,50,6.888476257564084,1.1817784349676372,0.8710204081632653,0.008094548943638608,3.685305889179652,4,0.5478634022946973,53,1.4841192857403376
8,2,Union-k2,50,10.009001282982084,1.0690498218562694,0.8975510204081634,0.008159608371935011,3.733162855684739,12,0.5262579397956366,61,2.15643507789724
8,3,Physarum-k3,50,11.574717296437953,0.9407364785795163,0.9261224489795918,0.017264814551562094,3.806018433976912,14,0.5516633266533069,63,2.4937679283967564
8,3,Union-k3,50,11.376768005893346,0.8031377769300599,0.9942857142857143,0.033339324915113606,3.822864992634567,17,0.4051799775028122,66,2.451119837772466
8,5,Physarum-k5,50,16.702075927464968,0.820450155205443,0.98,0.05970697860343727,4.086398563955364,27,0.7002595529920692,76,3.5984551690413653
8,5,Union-k5,50,18.938824732886527,0.757195235786572,0.9926530612244897,0.0921518842464366,4.026528119508971,33,0.39779044425817256,82,4.080361749736569
8,10,Physarum-k10,50,17.324999071313734,0.6572912483174534,0.9938775510204081,0.167442111915958,4.341926928419931,44,0.677966872361156,93,3.7326636959713655
8,10,Union-k10,50,21.051537642285556,0.7805145207717228,0.9967346938775511,0.06769170462945026,4.2188006470909,45,0.46799292661361624,94,4.53554484928324
9,0,MST,50,4.879258943729588,0.9720171969512925,0.873061224489796,0.009879606966348762,3.7452811271103275,0,0.4990032991838862,49,1.0
9,0,kNN,50,12.419693628135162,0.7581020269965054,0.9840816326530613,0.03619231681897538,4.44117505867689,48,0.6025420014609204,97,2.5454057206977927
9,1,Physarum-k1,50,12.595949411741183,1.6311941893446698,0.9289795918367346,0.01845686208951645,3.4601916554474244,4,0.6073434004474272,53,2.581529194700444
9,1,Union-k1,50,12.48865822777312,1.254125135213497,0.9220408163265307,0.016471519941807945,3.4526043943712184,5,0.5930857648099026,54,2.559539957153225
9,2,Physarum-k2,50,11.05545430621985,0.9911218030699948,0.9061224489795918,0.011758273331650502,3.7006873106751645,10,0.6681828513701225,59,2.2658060237666597
9,2,Union-k2,50,11.204447839982986,0.7607490323949564,0.9861224489795917,0.04818348055109852,3.84985737710228,17,0.5219119420989142,66,2.2963421226868883
9,3,Physarum-k3,50,8.059009807882497,0.983313521201668,0.9008163265306124,0.011665200477869453,3.788692717425959,8,0.5887321020958705,57,1.6516872543194816
9,3,Union-k3,50,8.199629169086077,0.782922803153721,0.9865306122448979,0.02575486702539887,3.8441159515161076,11,0.5276574776934346,60,1.680507073645589
9,5,Physarum-k5,50,11.89909334346014,0.7764132042073895,0.966938775510204,0.04045400680332567,4.057120656473436,22,0.5637362637362633,71,2.438709131998795
9,5,Union-k5,50,17.887289968119237,0.7035035673450402,0.9824489795918367,0.0412114081685129,4.222772973490406,40,0.4792157591525734,89,3.6659849732112444
9,10,Physarum-k10,50,18.509290185854503,0.6003954645515087,0.9910204081632653,0.10883938856956615,4.520876858243774,59,0.5729780186690756,108,3.793463392559045
9,10,Union-k10,50,27.66512239933233,0.6464492481863588,0.9934693877551021,0.11006596801993347,4.464476427235017,66,0.4625279215472624,115,5.669943472642544
10,0,MST,50,4.65027266566655,0.8511201418804537,0.889795918367347,0.010711593401956234,3.7501059230402274,0,0.5972726325658924,49,1.0
10,0,kNN,50,11.788314985563636,0.6187897629842739,1.0,0.09202976400861868,4.426853219983856,48,0.5563509808057372,97,2.5349728570967462
10,1,Physarum-k1,50,8.476984193768857,1.5876705032152454,0.9057142857142857,0.012156195564612744,3.409674541549403,1,0.6419966879583627,50,1.822900462666484
10,1,Union-k1,50,9.918001328494213,1.5975888205584883,0.9073469387755102,0.012443814847516804,3.3621538389249785,2,0.6492146596858639,51,2.1327784501153784
10,2,Physarum-k2,50,7.158658114418636,0.7879460598578686,0.9306122448979594,0.01853710670084646,3.7474476397996135,6,0.6674779224666962,55,1.5394061013393385
10,2,Union-k2,50,10.277871483176986,0.747964675155916,0.9391836734693879,0.018974903532554065,3.870526445542742,16,0.6210199745006375,65,2.2101653434345017
10,3,Physarum-k3,50,7.661679902710374,0.7064286606354486,0.9457142857142858,0.02128609582087406,3.8664224939349574,11,0.6648929266709931,60,1.6475764871331868
10,3,Union-k3,50,8.128358130907984,0.7150393344618479,0.9575510204081632,0.023532811384320725,3.8010403467712863,12,0.6165245999700912,61,1.7479315118273608
10,5,Physarum-k5,50,10.497143981509037,0.8210144631398106,0.9681632653061224,0.05179195214862189,3.908535884477553,16,0.7140516605166047,65,2.2573179544955613
10,5,Union-k5,50,21.21680576159916,0.6287529752968343,0.9906122448979593,0.08720200240652477,4.282395472636195,48,0.5366458826058913,97,4.562486393162504
10,10,Physarum-k10,50,16.408346792357733,0.6002418917857607,0.9893877551020409,0.09210540004363868,4.414619954030616,48,0.6497229219143579,97,3.5284698279097215
10,10,Union-k10,50,22.130041563089737,0.6277222455023667,0.9910204081632653,0.1140218051876379,4.227971489402115,47,0.5627988467509426,96,4.758869673702825
11,0,MST,50,4.729348828939166,1.2145185412927424,0.826530612244898,0.005776241124969336,3.7414748652008214,0,0.47977696237139345,49,1.0
11,0,kNN,50,12.131455080659137,0.712408496741155,1.0,0.08758068895909227,4.439761660098082,48,0.5349051490514909,97,2.565142796493683
11,1,Physarum-k1,50,7.365742439435561,1.4764661423317769,0.8914285714285716,0.012400504961904313,3.62624124149137,0,0.5588157894736845,49,1.5574538283926416
11,1,Union-k1,50,7.123909199450254,1.442342837615204,0.8951020408163265,0.013299552841853043,3.629414670465552,0,0.5561302798982188,49,1.506319253902066
11,2,Physarum-k2,50,8.497228436223423,0.9386913779267108,0.9114285714285715,0.013647651799527925,3.7549474603773425,9,0.5689835916134913,58,1.7967015636969679
11,2,Union-k2,50,10.405812941865992,0.8428942557760293,0.963265306122449,0.022140625550802442,3.7109360045742585,12,0.5021194652275236,61,2.2002633593428773
11,3,Physarum-k3,50,9.089765313326325,1.152689915882791,0.8751020408163265,0.007389527946468384,3.7929586652446328,10,0.5926281869017154,59,1.9219908791048592
11,3,Union-k3,50,8.10798574765082,0.8903314061243149,0.9914285714285714,0.025091868035005783,3.784974455015013,10,0.41055812300035543,59,1.7143979099273825
11,5,Physarum-k5,50,15.447316894371976,0.7086888248333322,0.9795918367346939,0.04787641067857039,4.129272011899395,30,0.679531996179561,79,3.266267186689408
11,5,Union-k5,50,19.076518962377232,0.7265952808545733,0.9914285714285714,0.08810901010899454,4.137810948858312,38,0.5100977995110025,87,4.03364599490883
11,10,Physarum-k10,50,15.855271321561522,0.7022379923295402,0.9820408163265306,0.046987420019913455,4.343380253341733,42,0.567718529340151,91,3.352527355254951
11,10,Union-k10,50,30.84114762900516,0.6855533679052768,0.9938775510204081,0.15408695732482852,4.452992484393879,66,0.4579244278871739,115,6.521224960249569
12,0,MST,50,4.863565641125281,1.1051252523241528,0.8608163265306122,0.007904127015694727,3.773663493321714,0,0.48607803209253064,49,1.0
12,0,kNN,50,11.325648165004782,0.7344908555438481,0.9865306122448979,0.04214564841015085,4.408137690499638,43,0.6037318435754186,92,2.3286718018643566
12,1,Physarum-k1,50,8.709523433062262,1.4749958324780439,0.9273469387755101,0.02085420831491017,3.4229260685165683,1,0.548991693290735,50,1.7907691754823614
12,1,Union-k1,50,7.686240573076683,1.5979814527322302,0.9212244897959182,0.02045578240388683,3.415840345586477,0,0.5360552570990023,49,1.5803715093476811
12,2,Physarum-k2,50,5.100215855715018,1.0917615485522387,0.8661224489795917,0.008278868113902773,3.7893885984984723,1,0.5169723832253665,50,1.0486577610033003
12,2,Union-k2,50,5.2154173395121175,1.091126952516638,0.8661224489795917,0.00828228331235374,3.8117462048688715,2,0.5165373795925323,51,1.0723443918206126
12,3,Physarum-k3,50,5.6844650466936795,0.9870811218616107,0.9053061224489796,0.011034169127749316,3.717764806483389,1,0.573125138427464,50,1.168785509673612
12,3,Union-k3,50,5.921301806978339,1.0001526964468708,0.9257142857142857,0.010694336118063441,3.7642319136412934,3,0.4833411949685533,52,1.2174816264242565
12,5,Physarum-k5,50,12.86657528687107,0.7876493218919557,0.9746938775510203,0.06834299952734232,3.9681476840616825,20,0.6446112237998647,69,2.6455025461307717
12,5,Union-k5,50,17.895595026542306,0.7511356592396594,0.9844897959183673,0.09324738810531223,3.994235896991334,29,0.5245621621621621,78,3.6795216405060813
12,10,Physarum-k10,50,24.9960595865316,0.6414886950712521,0.9963265306122449,0.2942346491100198,4.6032382796046045,67,0.6686464370951246,116,5.139451470577515
12,10,Union-k10,50,31.799469557613353,0.6703401502434131,0.9975510204081632,0.20926491489654256,4.457472827225315,65,0.44982241953385094,114,6.5383037680675615
13,0,MST,50,4.932265421244845,0.96999050192167,0.8885714285714286,0.011754429769598633,3.740589705521948,0,0.5379011616459928,49,1.0
13,0,kNN,50,12.87803305693336,0.7710690793193428,0.9938775510204081,0.038192874994446416,4.476628559323738,51,0.6609435364041605,100,2.610977300909953
13,1,Physarum-k1,50,10.347531242663834,1.4987915571465396,0.9081632653061225,0.012737968062044336,3.4406006969753267,2,0.5800228310502284,51,2.09792668458062
13,1,Union-k1,50,9.255049135889811,1.7204230858681022,0.9044897959183673,0.012380825825167465,3.485365414225642,1,0.5767525886759197,50,1.8764296617179914
13,2,Physarum-k2,50,8.164159318675843,1.0354546008172392,0.9159183673469389,0.014625690387902334,3.6934675464851665,6,0.6129388264669162,55,1.6552554701355275
13,2,Union-k2,50,7.554448639260648,0.7852446241787676,0.98,0.033112902661804965,3.766524420791636,8,0.5484271725826191,57,1.5316387083957852
13,3,Physarum-k3,50,13.111933977677761,1.081614368206331,0.9375510204081633,0.02030556337607802,3.8271765336916044,13,0.6494664800124434,62,2.65839991521958
13,3,Union-k3,50,14.660774416896333,0.9316619487864893,0.9334693877551021,0.019522935296968982,3.897735718698644,22,0.5586800000000005,71,2.972422034253811
13,5,Physarum-k5,50,11.556003158107721,0.7646886986140867,0.9714285714285714,0.0700260692865903,3.973445408027851,18,0.6130329812459583,67,2.3429402457402877
13,5,Union-k5,50,10.730546565232133,0.7804868400553323,0.9763265306122448,0.030176869178248168,3.9002596676504235,19,0.5656570018507094,68,2.175581735527094
13,10,Physarum-k10,50,24.22050469137315,0.7200230799128388,0.9955102040816327,0.21700237667912503,4.504347029545719,58,0.7192399565689469,107,4.9106247581583276
13,10,Union-k10,50,42.24871255139187,0.6726750952299039,0.9987755102040816,0.22974208720710723,4.596930335419742,84,0.5737081919534659,133,8.56578244338051
14,0,MST,50,4.8484505274440775,1.0193491463403794,0.8734693877551021,0.008881687431670606,3.770032131158417,0,0.5659071650503718,49,1.0
14,0,kNN,50,11.63883312824739,0.7072838166537938,0.9971428571428572,0.05873883783591167,4.472050570943748,48,0.48533682634730546,97,2.4005263253419127
14,1,Physarum-k1,50,8.644330690932142,1.5658478039071106,0.9293877551020409,0.022041072269589075,3.5200433085905627,0,0.6650269622528462,49,1.7829058256863581
14,1,Union-k1,50,7.290231119723125,1.2480542706753373,0.8783673469387755,0.008516755606325418,3.6434363585444447,0,0.6303051809794178,49,1.5036208121455792
14,2,Physarum-k2,50,9.502274702474395,0.9426216097630802,0.9448979591836735,0.024940417508432,3.750727142279652,9,0.6400000000000003,58,1.9598580306611153
14,2,Union-k2,50,12.520591090652221,0.7745065739432073,0.9775510204081634,0.03240496160794607,3.9351825903323503,21,0.5386655764513486,70,2.5823901924503314
14,3,Physarum-k3,50,8.319945631565433,0.9717788915064731,0.9465306122448979,0.027614559933530368,3.6950202010654056,8,0.5671171034691711,57,1.7160009335913342
14,3,Union-k3,50,11.164024799128835,0.8481546242641824,0.9746938775510204,0.028486459069349688,3.722720527589245,14,0.492808651246621,63,2.3025964142433137
14,5,Physarum-k5,50,13.62569823234171,0.7219515034911911,0.9759183673469388,0.06773713286764842,4.052513668964602,23,0.6595839675291726,72,2.8103201538749474
14,5,Union-k5,50,16.515182118951692,0.6884554574540267,0.9926530612244899,0.1005819836532257,4.07072573170781,32,0.4782251542881464,81,3.4062804241209577
14,10,Physarum-k10,50,24.18276903180686,0.6502911103055798,0.9926530612244899,0.18534189220021852,4.552769976132808,63,0.7097198879551823,112,4.987731419537679
14,10,Union-k10,50,34.764663589993894,0.6801201632255587,0.9955102040816327,0.19044823267815633,4.4834540829275005,72,0.5370909090909088,121,7.1702626216793695
15,0,MST,50,4.794228489908625,0.9520869816757952,0.8685714285714284,0.008180016313249622,3.747378358799578,0,0.5526106952836147,49,1.0
15,0,kNN,50,12.265834404829155,0.8391731668944985,0.9775510204081632,0.0251601840561851,4.460206472981778,49,0.6288142968142969,98,2.5584584528350116
15,1,Physarum-k1,50,6.1928865770300945,1.332494764213833,0.8685714285714284,0.007701673584716876,3.6276407942246753,0,0.5782629496733833,49,1.2917378865161528
15,1,Union-k1,50,6.133940785846429,1.3353255686395962,0.8681632653061223,0.0076977894078165176,3.6231940970811696,0,0.5735470868449981,49,1.2794427296816921
15,2,Physarum-k2,50,10.378446299410992,0.9758992189709563,0.9497959183673467,0.03855185918652314,3.7259383040471223,9,0.7025643153526968,58,2.164779238464873
15,2,Union-k2,50,10.959509507587418,0.7155126115289518,0.9751020408163267,0.04079650818428194,3.8657951105221793,17,0.5170648239552482,66,2.2859798048124107
15,3,Physarum-k3,50,9.798521084460884,0.7472453470348861,0.9465306122448979,0.02335588165677646,3.906756557196627,15,0.6629150066401064,64,2.043816039449475
15,3,Union-k3,50,9.696830923358977,0.689297284130629,0.986938775510204,0.04511883050607821,3.8627009700759753,15,0.5319178960872357,64,2.022605085212322
15,5,Physarum-k5,50,15.801451744323032,0.7051316516707341,0.9808163265306123,0.07396594013536786,4.156140145802457,28,0.6522236603675897,77,3.2959321353964497
15,5,Union-k5,50,17.448005728610493,0.6901703907559763,0.9885714285714287,0.06758361911150551,4.102572454192403,34,0.5286852295777247,83,3.6393771730606526
15,10,Physarum-k10,50,21.254697513878117,0.5867509029863295,0.9942857142857143,0.24278218619977937,4.530693991365786,59,0.6936372581174151,108,4.433392684269668
15,10,Union-k10,50,23.69816114166871,0.6216891510226078,0.9946938775510205,0.16897352870570467,4.372203239162435,54,0.5042604696199469,103,4.943060430171609
16,0,MST,50,4.82629011859079,1.2005437981723313,0.8265306122448979,0.005658895251507621,3.7967222594260153,0,0.48579806442293805,49,1.0
16,0,kNN,50,11.72930616195061,0.7598786722832475,0.9926530612244897,0.03717156490118616,4.406740898814018,42,0.5649394831534182,91,2.4302944650528815
16,1,Physarum-k1,50,9.092826058985347,1.7764955862666347,0.8987755102040815,0.010277878672556131,3.4778226922297186,0,0.6184929562083656,49,1.8840197823914338
16,1,Union-k1,50,11.100196943292367,1.7592945120939008,0.8995918367346938,0.010660767540551697,3.4466293664752423,2,0.6167987704468112,51,2.2999439881441424
16,2,Physarum-k2,50,9.971347732017433,0.987009586656802,0.9322448979591837,0.02234293404374655,3.787768769075585,9,0.6229159212880142,58,2.0660481419481944
16,2,Union-k2,50,12.786810729528728,0.836646267122839,0.9812244897959184,0.042807535527912784,3.9044244768311707,20,0.5079950837302198,69,2.64940780917296
16,3,Physarum-k3,50,11.398855646982746,0.8698724022417197,0.9567346938775511,0.02924244374046676,3.854288785343448,13,0.6226067582621615,62,2.361825619034907
16,3,Union-k3,50,11.523670313835742,0.9037312157552335,0.9726530612244899,0.024757434908021205,3.9021655942322453,18,0.48539316591189774,67,2.3876870288934255
16,5,Physarum-k5,50,9.847652324482294,0.8668063252672707,0.9318367346938775,0.016573402300761875,3.9394190831501836,15,0.5983886757507608,64,2.0404186409244853
16,5,Union-k5,50,9.80815277242435,0.8512424060078295,0.9497959183673469,0.019261327332768006,3.955696161019355,17,0.5701588572954213,66,2.0322343935859775
16,10,Physarum-k10,50,21.564698481684683,0.6720317025826337,0.9963265306122449,0.2842326486316951,4.45476214485665,53,0.6735699933020765,102,4.468172851569329
16,10,Union-k10,50,37.99670146344323,0.7052695722356539,0.9975510204081632,0.3083613357782836,4.4891379294157545,73,0.44203737825743605,122,7.872858972377264
17,0,MST,50,4.657074458897689,0.7465535627538646,0.9122448979591836,0.015740681011283716,3.7601720711323634,0,0.6276778792047017,49,1.0
17,0,kNN,50,11.960350469869915,0.6765543935682761,0.9595918367346938,0.026362923754093347,4.4685012650190865,50,0.7160714924039318,99,2.5682111324242993
17,1,Physarum-k1,50,7.14641682050685,0.9867287091416961,0.9204081632653062,0.01906053771082273,3.659524243055377,1,0.6657158263682934,50,1.5345292164811937
17,1,Union-k1,50,8.340673772859072,1.6295148080512638,0.9118367346938774,0.013827445823857639,3.5113688876291134,1,0.6485805894684917,50,1.7909685246546982
17,2,Physarum-k2,50,12.296135238537643,0.7919605219210498,0.9665306122448979,0.058080189080169285,3.7913897984634404,12,0.666645796064401,61,2.6403132153158846
17,2,Union-k2,50,10.767041328625682,0.708382900821139,0.9648979591836734,0.04256875164802682,3.7617890320867557,14,0.6094510812036897,63,2.3119753449624247
17,3,Physarum-k3,50,8.63622750856067,0.7265168666000896,0.956734693877551,0.03912013158995005,3.817524341324429,9,0.6168547641073079,58,1.854431915311234
17,3,Union-k3,50,12.840150826885539,0.6765128486592447,0.9571428571428571,0.03832068199953757,4.066054090134716,29,0.6027379400260753,78,2.7571280940877956
17,5,Physarum-k5,50,14.062141202050915,0.7586925945522988,0.9808163265306122,0.054452096512442844,4.08954988339795,26,0.6357915632754345,75,3.01952251916096
17,5,Union-k5,50,15.218810527569067,0.6350585315713608,0.9844897959183675,0.040370485376298,4.106141377644147,32,0.5988263377760095,81,3.2678907459794617
17,10,Physarum-k10,50,22.417058330960092,0.5608392915165027,0.9955102040816327,0.28356368670575,4.51814464982657,62,0.6962003454231431,111,4.813549478069998
17,10,Union-k10,50,39.949327258641354,0.557242052861863,0.9967346938775511,0.33463134350358165,4.686228359172999,92,0.5393598954931418,141,8.578202391055864
18,0,MST,50,4.837271940286815,1.0341724098468255,0.8702040816326532,0.008629296420638529,3.7658911979682603,0,0.5438050371444101,49,1.0
18,0,kNN,50,10.683794474186213,0.8128632212119181,0.9820408163265307,0.044005644587761995,4.374590661084019,39,0.5415037593984959,88,2.2086404498384975
18,1,Physarum-k1,50,5.957523049829895,1.1726625055460886,0.889795918367347,0.010471051783873387,3.716359452469148,0,0.611215152160034,49,1.2315873747376413
18,1,Union-k1,50,6.197902714840625,1.1741675363648136,0.896734693877551,0.011555792531463022,3.6941183957569415,0,0.6270927742080936,49,1.2812806043054785
18,2,Physarum-k2,50,9.199779441687781,1.0215635109519323,0.906530612244898,0.01078161077563154,3.7740020164527066,10,0.6072664049355017,59,1.9018528532721486
18,2,Union-k2,50,10.343222388539099,0.9771438075428913,0.9330612244897959,0.013110040783422225,3.7677558394337116,13,0.5660809087747769,62,2.138234632292726
18,3,Physarum-k3,50,12.979343078836916,0.8611672547493482,0.9522448979591838,0.034528171602598766,3.834105973572427,17,0.5555301047120418,66,2.683194833587821
18,3,Union-k3,50,12.923840691566102,0.8140352832457101,0.9653061224489796,0.04096721101279707,3.871667741894977,20,0.45325097732603603,69,2.6717209309509715
18,5,Physarum-k5,50,14.69069679691052,0.7851342543554053,0.9730612244897959,0.07023819374579071,4.048455136779356,24,0.6077762619372442,73,3.03697972292198
18,5,Union-k5,50,11.28856011808337,0.8005358129245007,0.9853061224489795,0.04803573367047236,3.95809384682974,20,0.5040739539409669,69,2.3336624976709577
18,10,Physarum-k10,50,23.655762256364067,0.6762491325104556,0.9897959183673471,0.0821659416489024,4.44217142109785,55,0.6388193202146686,104,4.890310602418076
18,10,Union-k10,50,24.3092741964138,0.7503733337329499,0.9861224489795919,0.07820650513820322,4.203865950456041,45,0.45227904986090284,94,5.0254098790593185
19,0,MST,50,4.768018066964326,1.1981875635452806,0.8277551020408164,0.0058393938070140095,3.778394626435607,0,0.4709854511574574,49,1.0
19,0,kNN,50,10.798118181121996,0.663794457189034,0.9971428571428572,0.0844004138283488,4.399552141907213,41,0.5051148545176107,90,2.264697412943504
19,1,Physarum-k1,50,7.2803588567599915,1.4746960097497304,0.8575510204081634,0.007012985439929088,3.5996549867576646,0,0.55478297800051,49,1.5269151153605438
19,1,Union-k1,50,7.979813874591127,1.460221082073313,0.8922448979591838,0.009426853983325153,3.477759364726529,1,0.5967849686847604,50,1.6736123400790022
19,2,Physarum-k2,50,8.341410419991591,1.096499002335735,0.8877551020408163,0.008839166262080929,3.679509622975766,5,0.6093720614355866,54,1.7494502543490469
19,2,Union-k2,50,9.211514088537115,0.8361524451553134,0.9877551020408164,0.02399535834060057,3.8034625166805243,12,0.42030731102850094,61,1.9319377483822848
19,3,Physarum-k3,50,9.985903221292485,0.8287554356351112,0.9555102040816327,0.059701314730181324,3.8871334310983685,14,0.6404321239298816,63,2.094350961142698
19,3,Union-k3,50,14.218969057254553,0.7783104975996419,0.9902040816326532,0.06307435891657356,3.990940390191444,25,0.41434613590421376,74,2.982155029103613
19,5,Physarum-k5,50,14.846981332579025,0.7174943183600365,0.9759183673469388,0.043138439092872925,4.1825199601962115,30,0.6673371104815862,79,3.113868513931977
19,5,Union-k5,50,16.439175019988138,0.6926370940375155,0.9963265306122449,0.06003524946759649,4.142018422842529,35,0.408495894251953,84,3.4478004884017848
19,10,Physarum-k10,50,19.1233405441693,0.6845190151774473,0.9926530612244897,0.14302068632645049,4.354435289393902,47,0.6647457627118645,96,4.01075253398623
19,10,Union-k10,50,28.62779608950158,0.66686132483887,0.9991836734693877,0.14633227748831498,4.483987811783229,67,0.5032479041916167,116,6.0041291134889
20,0,MST,50,5.07626085133719,1.033862592544872,0.88,0.00914388035358899,3.7758757284243565,0,0.5927512291052113,49,1.0
20,0,kNN,50,12.549896182394777,0.7913992705430372,0.9938775510204081,0.046810871369170365,4.454008135405554,46,0.6063926446727963,95,2.4722717271491046
20,1,Physarum-k1,50,12.562364352582286,1.2686200711883522,0.9191836734693878,0.015023566596122988,3.4336373101465782,6,0.596701996549174,55,2.474727899231795
20,1,Union-k1,50,12.120296178910706,1.2584683067913667,0.9208163265306122,0.014852985863563808,3.391682755968536,5,0.5998965007392802,54,2.38764250574672
20,2,Physarum-k2,50,11.132625290587145,1.120055493334526,0.9314285714285714,0.018859708946135638,3.5135649459120026,6,0.5825469949695528,55,2.1930758912152015
20,2,Union-k2,50,11.805437048606734,0.8885066485830998,0.9620408163265307,0.02562442125513084,3.6183372672391108,11,0.5031283385837555,60,2.325616707718427
20,3,Physarum-k3,50,14.053880253488943,0.9015660801327657,0.9616326530612247,0.024901043110722935,4.024521993902348,24,0.6784538268748794,73,2.7685496598912698
20,3,Union-k3,50,12.857643757136486,0.8732877376408262,0.9681632653061226,0.02692881721859589,3.8986396748597465,19,0.5750189925681253,68,2.532896581496501
20,5,Physarum-k5,50,16.98461280592366,0.7897421063810197,0.9738775510204082,0.03944794437156728,4.181480437314787,30,0.7168869936034115,79,3.345890470039492
20,5,Union-k5,50,15.934726144097084,0.7765669258850401,0.9861224489795919,0.08296741983235914,3.8393978009769807,21,0.5185936395759718,70,3.1390676347728577
20,10,Physarum-k10,50,22.600363544263043,0.6647845437136958,0.9955102040816327,0.24088955169005474,4.538574471707521,61,0.7165846492838781,110,4.452167492202386
20,10,Union-k10,50,33.22419866819868,0.7124973429603857,0.9963265306122449,0.21988637551794493,4.582400214655028,76,0.5195268243918694,125,6.545014064721823
21,0,MST,50,4.728055984975472,1.0406758716632745,0.866530612244898,0.010018865520939979,3.777571309010283,0,0.44768003905932097,49,1.0
21,0,kNN,50,10.732537282775018,0.8891215094325132,0.9420408163265306,0.0220168572215156,4.3694767795603955,40,0.637361295460579,89,2.2699683161282818
21,1,Physarum-k1,50,9.736192818770368,1.6348078760769194,0.9155102040816325,0.014892630166657962,3.356118740978796,2,0.5446820058997051,51,2.059238056763593
21,1,Union-k1,50,10.418771029068369,1.6197304379285677,0.9155102040816326,0.014973058555733276,3.384360283935189,3,0.5446950572136369,52,2.2036056811037144
21,2,Physarum-k2,50,11.820775437915215,0.9798858747310913,0.943265306122449,0.021905660260172932,3.7227394484340834,11,0.5550736716773332,60,2.500134405235165
21,2,Union-k2,50,12.16818838386129,0.9394240145706397,0.9493877551020408,0.020780313005858312,3.770787903057477,16,0.516776341057483,65,2.5736134306633884
21,3,Physarum-k3,50,16.122834068830414,1.0456861592766373,0.9281632653061223,0.015443529832541394,3.8877888219342522,18,0.7392610137375653,67,3.410034508911183
21,3,Union-k3,50,13.669560765851585,0.8111522539417408,0.9975510204081632,0.03410297787205837,3.78564818345584,18,0.4877331252438548,67,2.8911588207267176
21,5,Physarum-k5,50,25.232744121067626,0.8441540490808188,0.9848979591836735,0.10788907365626732,4.28201859862101,41,0.6770268656716418,90,5.336811620093057
21,5,Union-k5,50,27.749193147749764,0.7317764616868739,0.9971428571428572,0.16878496235160592,4.252691768524828,50,0.4974965557961031,99,5.86904918975779
21,10,Physarum-k10,50,16.274288563947547,0.6844307975772621,0.986938775510204,0.06732511462367423,4.434337134918069,50,0.6115310492505353,99,3.4420676522577116
21,10,Union-k10,50,21.562318309369473,0.7493579029030704,0.9987755102040816,0.0820023481151591,4.2735059140723415,48,0.4916162489196201,97,4.56050401642639
22,0,MST,50,4.866817084547378,1.102712525452898,0.8473469387755103,0.0067202491363882325,3.7598231561989484,0,0.508113488517909,49,1.0
22,0,kNN,50,12.306907237572169,0.7860840907951654,0.9963265306122449,0.060275260673481115,4.430543000967187,47,0.5794413770704776,96,2.5287383979660563
22,1,Physarum-k1,50,8.592555918570751,1.5225697129895626,0.8869387755102041,0.008451232082083428,3.4746437325385635,0,0.6094321990858307,49,1.7655391129970672
22,1,Union-k1,50,8.592555918570751,1.5225697129895626,0.8869387755102041,0.008451232082087435,3.4746437325385635,0,0.6094321990858307,49,1.7655391129970672
22,2,Physarum-k2,50,4.970193746814166,1.072512601929137,0.8628571428571428,0.007783773696843143,3.752245413849661,0,0.5467727628489432,49,1.0212411234017853
22,2,Union-k2,50,5.289101134786647,1.0269528933535415,0.8779591836734693,0.008000510978225664,3.7933517595561894,2,0.5358493547537528,51,1.0867680134476518
22,3,Physarum-k3,50,12.742910128147066,0.8717392369519767,0.9616326530612244,0.03413217593445146,3.9306185048744724,18,0.6555813055233677,67,2.6183252640842114
22,3,Union-k3,50,12.423751829647866,0.9495416492827852,0.9608163265306122,0.024720045709512212,3.9025158755919507,20,0.5387015530992021,69,2.552746818674262
22,5,Physarum-k5,50,12.603214626916117,0.8873770346477323,0.9591836734693877,0.03510795765034573,3.991641675314745,21,0.6709286998202517,70,2.5896215962035147
22,5,Union-k5,50,9.97459948911128,0.9055608029500654,0.9820408163265307,0.03535037801274239,3.906231960563371,18,0.5749156626506027,67,2.0495118916183666
22,10,Physarum-k10,50,25.436761553176193,0.6645877793547965,0.9951020408163265,0.1573426947525702,4.52211401963251,63,0.7002542911633822,112,5.226570284291228
22,10,Union-k10,50,30.899631748461278,0.7576304807423943,0.9975510204081632,0.14298330766916267,4.347892951870652,62,0.5328997289972901,111,6.349043165515845
23,0,MST,50,4.73344645912508,0.9534544012677293,0.8746938775510203,0.010008900318916901,3.7207356166450536,0,0.4848603786634391,49,1.0
23,0,kNN,50,12.183980077956251,0.7742657533915549,0.9934693877551021,0.051211075239104606,4.4398227538215185,50,0.6298365266303392,99,2.574018779586727
23,1,Physarum-k1,50,6.708690266865379,1.2858318929778632,0.9106122448979592,0.01614274791151972,3.4366544733290247,0,0.6065931102120876,49,1.4172950565295712
23,1,Union-k1,50,6.454558964163195,1.0849178510963164,0.9012244897959182,0.01272059036882377,3.644694855290934,1,0.6110157114405841,50,1.3636066278346035
23,2,Physarum-k2,50,5.304711618033271,0.8800816601064507,0.8959183673469387,0.011512516559865914,3.732312749085289,2,0.5670514690560537,51,1.1206869379090394
23,2,Union-k2,50,5.41914958308656,0.8543793156077059,0.9248979591836737,0.012180198372770425,3.755852547503932,3,0.556853275582025,52,1.1448633949665978
23,3,Physarum-k3,50,8.207548358543066,0.9086538099702276,0.9224489795918367,0.013707098576441477,3.8112162288040614,10,0.5281725417439707,59,1.7339476488047425
23,3,Union-k3,50,10.573837961200953,0.907528822463019,0.9306122448979592,0.014181091127271027,3.8314838243681684,18,0.47583866837387956,67,2.2338560396762994
23,5,Physarum-k5,50,17.52505751131656,0.7930651054797274,0.9791836734693878,0.07539607445717685,3.957090067244562,26,0.6778301423662243,75,3.7023884526108817
23,5,Union-k5,50,21.67465533420778,0.7723205160129869,0.9926530612244897,0.05511131196678325,4.087070521217119,40,0.5296518871381457,89,4.57904309711239
23,10,Physarum-k10,50,19.185732314986698,0.61801526503269,0.9955102040816327,0.28425496358904473,4.361660769412016,50,0.678147776663323,99,4.0532268571456385
23,10,Union-k10,50,28.634243133110175,0.6941698207846437,0.9910204081632652,0.08068113282710593,4.363633995034513,61,0.562312579415502,110,6.0493434076790775
24,0,MST,50,5.018971126704826,0.8957460008942429,0.8893877551020407,0.010926673551760161,3.777468433642127,0,0.576696284329564,49,1.0
24,0,kNN,50,13.218364832043152,0.6300898144425757,0.9987755102040816,0.09072762227087522,4.482878612826795,50,0.5700557911180544,99,2.6336801902906317
24,1,Physarum-k1,50,10.918096375895555,1.393897827336394,0.9216326530612247,0.013541331084177172,3.445165961886067,3,0.5666043076923077,52,2.1753654484686713
24,1,Union-k1,50,8.85361740907494,1.421842202783812,0.92,0.013531667719828918,3.5534882842091875,2,0.5717063156623596,51,1.7640303531468466
24,2,Physarum-k2,50,6.532889348364568,0.9855311305240876,0.8836734693877549,0.010151829824164602,3.7128238275298657,3,0.5620653945728251,52,1.3016391573971249
24,2,Union-k2,50,6.717313587247747,0.8635216326303562,0.9681632653061223,0.0244101665886524,3.735938532810669,4,0.5284864350309377,53,1.3383845847421636
24,3,Physarum-k3,50,10.88414294065119,0.8502128403788339,0.9559183673469386,0.029985382058503703,3.880487302037705,14,0.6377412731006162,63,2.1686004294264802
24,3,Union-k3,50,11.43074157021103,0.8009123753192882,0.9436734693877551,0.023023901370836587,4.002666930843126,21,0.6409442622950818,70,2.277506939498138
24,5,Physarum-k5,50,21.158959937373467,0.8213691137895385,0.9873469387755103,0.11842395781658989,4.214935538762703,35,0.7737327741162372,84,4.215796306296994
24,5,Union-k5,50,23.697481979984133,0.7343665590561144,0.990204081632653,0.09820429080966454,4.231623593814599,45,0.5562030627228862,94,4.721581651246232
24,10,Physarum-k10,50,18.09233734914498,0.6421121132470324,0.9918367346938776,0.16552106972827457,4.3952542210770345,48,0.6180588067370825,97,3.6047900839436373
24,10,Union-k10,50,19.13540874190191,0.6642439263924481,0.993061224489796,0.13841490562998343,4.3485847283038765,48,0.5742031776600869,97,3.8126158248025512
25,0,MST,50,4.802571695397368,0.9930398116873191,0.8620408163265306,0.008443111946844373,3.755752618844533,0,0.4686329782974299,49,1.0
25,0,kNN,50,11.912684302957675,0.7083843335628649,0.989795918367347,0.040578845911202636,4.442911382419167,46,0.6339789923446679,95,2.4804802631836633
25,1,Physarum-k1,50,6.7422131480805385,1.3984695049174387,0.8726530612244897,0.008713052513087292,3.6029693389856283,0,0.5180673219100635,49,1.403875584937558
25,1,Union-k1,50,6.703645362143056,1.3838022737774611,0.8681632653061224,0.008560858557319624,3.606973998934868,0,0.5002084033613443,49,1.3958449321157698
25,2,Physarum-k2,50,10.774753085084978,0.924175076056305,0.957142857142857,0.0408645407340096,3.7038048419895686,9,0.6277792477792474,58,2.243538205876481
25,2,Union-k2,50,10.655171519117992,0.8492070273911504,0.9742857142857143,0.03179140896721515,3.823524823099753,16,0.5535067162046294,65,2.2186387200277657
25,3,Physarum-k3,50,14.15481011877142,0.7799321831764864,0.956326530612245,0.02628180895217331,3.9681491287829003,21,0.6016686491079011,70,2.947339678934297
25,3,Union-k3,50,12.246428192417358,0.7554435362433276,0.962857142857143,0.022366646465300576,3.91797826585874,20,0.5560125097732602,69,2.5499730080352463
25,5,Physarum-k5,50,17.05339731519987,0.7209282263005552,0.9771428571428572,0.05662196441681057,4.149494621708555,33,0.6438666022232957,82,3.550888648168086
25,5,Union-k5,50,14.159570672078717,0.7938634950727241,0.9857142857142857,0.048866207140377385,3.9373313532662686,24,0.4718561770129073,73,2.9483309297909703
25,10,Physarum-k10,50,26.302381239057073,0.637435773685392,0.9959183673469388,0.28155831534797704,4.599133659788997,70,0.7043173431734318,119,5.476728492000325
25,10,Union-k10,50,29.505983517048033,0.6734292426886738,0.9951020408163265,0.11473438405917309,4.304433211970361,54,0.5481319587628863,103,6.143788242729543
26,0,MST,50,4.348592400817904,0.8980232653154864,0.893061224489796,0.012185356533990518,3.673268008664668,0,0.5574788545806584,49,1.0
26,0,kNN,50,10.39491863066412,0.9019384162104332,0.9628571428571427,0.0336256590069886,4.4194572067994535,49,0.6668488943488946,98,2.3904099700650248
26,1,Physarum-k1,50,7.978377283667527,1.5489757535086137,0.9159183673469387,0.015507588109296182,3.4431463074103577,0,0.644715530497181,49,1.8347034047538957
26,1,Union-k1,50,8.280284693865397,1.5499591757365458,0.9167346938775509,0.015543400669595073,3.462774245554657,0,0.6539107883817425,49,1.9041298725325466
26,2,Physarum-k2,50,8.656853686456765,0.8906739273364602,0.9338775510204081,0.018741141895179,3.7356717306777725,10,0.6009272649936201,59,1.9907254781635875
26,2,Union-k2,50,12.191177688615294,0.6809194899846347,0.9828571428571428,0.06069668627834743,3.7553740590546876,18,0.5443092608326252,67,2.803476749470086
26,3,Physarum-k3,50,8.5808966551629,0.8488672373140667,0.9453061224489795,0.022100346584526143,3.933323441435772,15,0.6095358383328071,64,1.9732584395697703
26,3,Union-k3,50,9.183067811603836,0.7926226261582543,0.9542857142857143,0.02282397206697461,3.7614146927567345,14,0.5556663895816014,63,2.1117333990365803
26,5,Physarum-k5,50,18.74220337492178,0.6477125335306371,0.9836734693877551,0.09545143252571,4.177859505740198,37,0.719006400487656,86,4.3099471386181545
26,5,Union-k5,50,8.98962733256307,0.7528348722331077,0.9657142857142857,0.030342554225376416,3.980231294785599,21,0.5632909823365357,70,2.0672499291661035
26,10,Physarum-k10,50,18.621597230876596,0.5674287138685382,0.9955102040816327,0.26836966938990936,4.4937899573606375,62,0.6464378238341963,111,4.282212613758456
26,10,Union-k10,50,28.14413546315501,0.6111165998386996,0.9934693877551021,0.17266037300804246,4.476683542450426,68,0.5608476753146674,117,6.472010450522226
27,0,MST,50,4.8259985507531455,1.0710788570329421,0.8706122448979593,0.010728791740523203,3.770012838408296,0,0.45807438361888875,49,1.0
27,0,kNN,50,11.39161254354313,0.8389433878930389,0.9702040816326531,0.028428140179297515,4.426227310001823,44,0.6630605670103096,93,2.3604674605145406
27,1,Physarum-k1,50,9.303255577498089,1.424241570425265,0.9093877551020408,0.011488135304455662,3.5013299635417594,2,0.5365819146584123,51,1.9277369190353821
27,1,Union-k1,50,7.738387001576007,1.6410154511365027,0.8836734693877552,0.009271627378926338,3.5475498930455878,0,0.5540318994683424,49,1.6034789319131384
27,2,Physarum-k2,50,7.726880082294472,1.0218593613480544,0.9048979591836734,0.011027279511688876,3.7264532579397356,6,0.49953699875981816,55,1.601094571627796
27,2,Union-k2,50,7.500294777847757,0.9564418607576538,0.9208163265306123,0.011485086209495536,3.7803789210804384,8,0.4738047001620749,57,1.554143603436694
27,3,Physarum-k3,50,15.774694398559134,0.8321770486501322,0.9726530612244898,0.060815986968699595,4.002444229783831,24,0.6534117647058824,73,3.2686902477617474
27,3,Union-k3,50,14.747382741067694,0.8172527248893572,0.9832653061224491,0.03586086818931775,3.9784802147380605,27,0.5665894736842105,76,3.0558199688572674
27,5,Physarum-k5,50,7.171724942224211,0.8590851552747621,0.9289795918367346,0.01837449653822711,3.7849911226681354,6,0.5883333333333332,55,1.48606031825372
27,5,Union-k5,50,6.8073211399428155,0.8362192493912775,0.9710204081632654,0.021121466263951505,3.786939811181012,6,0.5278656440095213,55,1.4105518408994269
27,10,Physarum-k10,50,21.81621031584666,0.61497366576145,0.9951020408163265,0.23082081707677823,4.55987125600438,65,0.6456922086284616,114,4.520558820400396
27,10,Union-k10,50,30.258062084640926,0.6501464801582506,0.9991836734693877,0.28902607592380025,4.47597833212683,67,0.40402200825309476,116,6.269803392278029
28,0,MST,50,4.865349840103751,0.9213206772124103,0.8975510204081633,0.013206943325413799,3.772136201136796,0,0.561604457996004,49,1.0
28,0,kNN,50,11.604302229476753,0.7606237179113272,0.9612244897959183,0.030930276763304492,4.428008398789351,44,0.6844096542726683,93,2.3850910234297347
28,1,Physarum-k1,50,7.0286908074786565,1.4037380176246224,0.8824489795918368,0.009133099468450439,3.6339924300545348,0,0.5991833910034603,49,1.4446424282881112
28,1,Union-k1,50,7.279134246437829,1.396096341698133,0.8853061224489797,0.009356299885062137,3.631726792644792,0,0.6105181873602923,49,1.4961173370181753
28,2,Physarum-k2,50,11.226319141948414,0.958179140673571,0.9342857142857143,0.017335199637427388,3.6589419651865502,9,0.6604508758568164,58,2.3074022446264664
28,2,Union-k2,50,10.359058804788843,0.8581308172887144,0.9346938775510205,0.01583625480282197,3.711480579147547,12,0.5863659401926005,61,2.129149834078106
28,3,Physarum-k3,50,12.890379532980003,0.8046184977378434,0.970204081632653,0.054968431947771505,4.0017871100179105,21,0.6620975498053581,70,2.649425006754524
28,3,Union-k3,50,13.218163549968018,0.8085362621296709,0.9726530612244898,0.03999170315466265,3.9101569040618593,22,0.5655842088506842,71,2.7167961162862952
28,5,Physarum-k5,50,15.731549957345317,0.7275609313140992,0.9787755102040816,0.060913087055312364,4.151979068317596,31,0.6584961662132081,80,3.2333851571524095
28,5,Union-k5,50,20.4309368772544,0.7257463899152328,0.976734693877551,0.05138463515273987,4.137898347762657,40,0.5481574239713773,89,4.19927395741366
28,10,Physarum-k10,50,24.517595934533023,0.6482996803582196,0.9926530612244897,0.1178459531425268,4.59579032755093,67,0.6214241099312932,116,5.039225696051941
28,10,Union-k10,50,23.263485775480532,0.6619283861260786,0.9963265306122449,0.13031006867345685,4.273102891035477,48,0.4830984737612378,97,4.781462081868392
29,0,MST,50,4.609923919198045,1.0343368967296687,0.8595918367346936,0.0075301607950378335,3.799400390441587,0,0.5461999149298176,49,1.0
29,0,kNN,50,10.876399707960887,0.8426942174160807,0.9604081632653062,0.022451110689081084,4.4418167748167345,44,0.6877183271832721,93,2.359344730759239
29,1,Physarum-k1,50,6.9850136802854506,1.4017092206467823,0.9073469387755101,0.014126268234498694,3.5287444624046564,1,0.624152087707021,50,1.5152123555003447
29,1,Union-k1,50,6.126739070695717,1.191884868904616,0.8620408163265306,0.007332151749112382,3.6702365335342253,0,0.5674958511660408,49,1.329032577995678
29,2,Physarum-k2,50,5.782067640274686,1.021875145131029,0.8983673469387753,0.011877071209573625,3.7934254004979286,3,0.5717847685626523,52,1.2542653071117387
29,2,Union-k2,50,8.455536014719382,0.9937941821992606,0.9199999999999998,0.013603343235097145,3.8298311869283643,11,0.5533348576654853,60,1.8342029419414647
29,3,Physarum-k3,50,13.23285680423725,0.8186591022026783,0.9444897959183675,0.016364497188678273,3.862606061821301,17,0.6937556270096463,66,2.870515226754387
29,3,Union-k3,50,14.933647695770297,0.8016181894307627,0.9510204081632654,0.016645347111619656,3.9526485642046576,25,0.6379711884753898,74,3.239456433018139
29,5,Physarum-k5,50,12.288187579383962,0.821395009303012,0.9771428571428572,0.06072520652140627,3.982890483836745,20,0.7302282008167189,69,2.6655944425047364
29,5,Union-k5,50,19.745751784950933,0.7223428501548157,0.9857142857142857,0.06043694443442983,4.089282129450823,36,0.6514013808546373,85,4.283314026663147
29,10,Physarum-k10,50,16.165279028604843,0.67685075903868,0.9795918367346939,0.030690529288169982,4.294162033150812,40,0.6352706318172461,89,3.506625990351919
29,10,Union-k10,50,20.902103773977515,0.6788028584811845,0.9975510204081632,0.08179221922516718,4.272593712193327,46,0.4556704361873991,95,4.534153738835174
