n,trial,method,cost,avg_shortest_path,robustness
10,0,MST,1.4822582257578383,0.53825751385656,0.8333333333333334
10,0,kNN,4.486582084791255,0.4386412232729882,0.9666666666666666
10,0,RGG,3.2457625931253196,0.4391260996438267,0.9222222222222222
10,0,Physarum,5.319244775901654,0.5937104725386195,0.9444444444444444
10,1,MST,2.306854296131624,0.7446701864556311,0.8333333333333334
10,1,kNN,5.393697416299862,0.9702023446379688,0.9222222222222222
10,1,RGG,3.3669770808042525,0.6858297851459293,0.888888888888889
10,1,Physarum,5.364783183546055,0.805917240145102,0.8666666666666666
10,2,MST,1.823703497984796,0.6113069839354512,0.8333333333333334
10,2,kNN,4.417068692984444,0.5166411212583684,0.9222222222222222
10,2,RGG,3.0268841772903103,0.5241175691439376,0.9222222222222222
10,2,Physarum,6.520272724739323,0.7770190306170455,0.9222222222222222
10,3,MST,1.614097995987461,0.5277829636075198,0.8444444444444444
10,3,kNN,6.089529946673481,0.5008580737975118,1.0
10,3,RGG,2.964070918929707,0.5194563408292576,0.9222222222222222
10,3,Physarum,6.41014525667811,0.8028609484650711,0.9555555555555555
10,4,MST,2.2251153092379674,0.7503445771272687,0.8222222222222222
10,4,kNN,6.753322303254345,0.5574815168103284,1.0
10,4,RGG,2.7896021252192225,0.6648537592879725,0.888888888888889
10,4,Physarum,6.465793419900756,0.8096973307719563,0.9111111111111111
10,5,MST,2.0442124314436376,0.629868567291455,0.8444444444444444
10,5,kNN,6.045535818034198,0.5452095128185352,0.9666666666666666
10,5,RGG,3.031264512995171,0.5938888209820257,0.888888888888889
10,5,Physarum,7.494547569513127,0.737493969564471,0.9666666666666666
10,6,MST,2.210347966529088,0.733742384578429,0.8444444444444443
10,6,kNN,5.98689486996314,0.600378651563793,1.0
10,6,RGG,2.4845969081649755,0.7334567407454055,0.8666666666666666
10,6,Physarum,5.044732185063536,0.8880028648976895,0.9222222222222222
10,7,MST,2.2874107099977574,0.7660131164541428,0.8444444444444444
10,7,kNN,6.640235180335668,0.6549650048601054,1.0
10,7,RGG,2.58478122214223,0.7639513398892219,0.8444444444444444
10,7,Physarum,7.265163256026118,0.8272746050544193,0.9666666666666666
10,8,MST,1.7798031551147162,0.5903548864093173,0.8111111111111112
10,8,kNN,6.34038457380597,0.4623191602759128,1.0
10,8,RGG,3.3456122658709404,0.49822975125772123,0.9333333333333332
10,8,Physarum,6.266874827674555,0.6551835379226995,0.9333333333333333
10,9,MST,2.2426842993776104,0.7866339329288893,0.7999999999999999
10,9,kNN,6.018542289204403,0.6702492515167354,0.9555555555555555
10,9,RGG,3.1595764805412863,0.7405112131517312,0.8555555555555555
10,9,Physarum,7.3958767444253155,0.7980564812791298,0.9555555555555555
10,10,MST,2.3886288216195832,0.7932464991940893,0.8222222222222222
10,10,kNN,6.696197567142536,0.5955302825091056,1.0
10,10,RGG,3.1749995601339016,0.720768740516311,0.888888888888889
10,10,Physarum,10.192237564618729,0.9257097470457045,0.9666666666666666
10,11,MST,2.0756574182764376,0.8278583512125368,0.7777777777777779
10,11,kNN,5.731817608204854,0.6277413157604375,1.0
10,11,RGG,2.3207506878447433,0.8165159647369904,0.8111111111111111
10,11,Physarum,5.215221435960243,0.808852776372314,0.9111111111111111
10,12,MST,1.9217762065360158,0.7407652187169891,0.8111111111111111
10,12,kNN,4.763420006203055,0.6478298080234736,0.9222222222222222
10,12,RGG,2.3619266530765506,0.7336614448528505,0.8444444444444444
10,12,Physarum,5.570745221097554,0.779732245110344,0.9222222222222223
10,13,MST,2.303299623010564,0.6979622840497298,0.8444444444444444
10,13,kNN,6.82225057733744,0.5597123457413731,1.0
10,13,RGG,2.8450642631229806,0.6819671765105991,0.888888888888889
10,13,Physarum,5.243712816620795,0.839593175129332,0.9111111111111111
10,14,MST,1.694456888797208,0.7108171268435535,0.7777777777777778
10,14,kNN,4.279694209515567,0.46484686566770955,1.0
10,14,RGG,3.247091615187082,0.47180596263871677,1.0
10,14,Physarum,5.125317667286812,0.6804642195101372,0.9444444444444444
10,15,MST,1.7746694080139491,0.7840150200038648,0.7777777777777778
10,15,kNN,4.372255716929871,0.6958288529713507,0.9111111111111111
10,15,RGG,2.375229515484256,0.7723612952156352,0.8111111111111111
10,15,Physarum,6.666085130339326,0.7371893566813046,0.9333333333333332
10,16,MST,1.7023828647366006,0.568174473686053,0.8
10,16,kNN,5.298300576328076,0.4310688418087671,1.0
10,16,RGG,3.396157441752695,0.4910556781100981,0.9555555555555555
10,16,Physarum,4.793287548414167,0.7104599525960589,0.9111111111111111
10,17,MST,1.4969717141803793,0.5614615107320104,0.8
10,17,kNN,3.8172526295434817,0.4084614326091782,1.0
10,17,RGG,3.1060710493118466,0.48438884482267025,0.9444444444444444
10,17,Physarum,6.700878733356311,0.6431670382853465,0.9777777777777779
10,18,MST,2.511890360840196,0.7448264160475465,0.8666666666666666
10,18,kNN,7.495945334623282,0.6113634756284834,1.0
10,18,RGG,2.511890360840196,0.7448264160475465,0.8666666666666666
10,18,Physarum,7.152782890592176,0.9435153870773821,0.9444444444444444
10,19,MST,2.3343084991143206,0.7389707946542431,0.8555555555555555
10,19,kNN,7.5464526295518555,0.5612449255563162,1.0
10,19,RGG,2.827427707381087,0.7232951831810317,0.888888888888889
10,19,Physarum,6.4261740314175775,0.9166971984749787,0.9333333333333333
20,0,MST,3.3390661478409167,1.0002194775775641,0.85
20,0,kNN,8.315686142730787,0.9296883288744389,0.9815789473684211
20,0,RGG,6.945476697708539,0.9662726286475248,0.9131578947368423
20,0,Physarum,10.299851883621146,1.1298983398325786,0.9289473684210525
20,1,MST,3.4094946949059515,0.8668665043837519,0.8526315789473683
20,1,kNN,9.23723578600373,0.7170800156238982,0.9631578947368421
20,1,RGG,7.6905973990407155,0.711069692424173,0.9552631578947368
20,1,Physarum,10.81443514732789,1.397460965041547,0.9105263157894739
20,2,MST,3.051319248576534,1.017222351141018,0.7947368421052632
20,2,kNN,7.517109514102001,0.6801834123021929,0.9921052631578947
20,2,RGG,5.876577249006287,0.6895525660932279,0.9763157894736842
20,2,Physarum,9.343943903870676,1.1635513046043622,0.9236842105263158
20,3,MST,3.595590684478395,0.8723518430595316,0.8552631578947368
20,3,kNN,9.012796739675464,0.8042001755536989,0.9736842105263157
20,3,RGG,6.528952769866852,0.8169940878287791,0.9289473684210527
20,3,Physarum,9.729433400927777,1.2460362384322936,0.9131578947368422
20,4,MST,3.0980460000518097,0.82253599959529,0.8605263157894736
20,4,kNN,7.60032340746939,0.7264743805354773,0.9710526315789474
20,4,RGG,7.107787121727458,0.7661823923426269,0.9263157894736841
20,4,Physarum,9.713562746374585,1.2684681575378691,0.8947368421052632
20,5,MST,3.0050914320122892,0.7495712066223273,0.8710526315789474
20,5,kNN,9.059692914483149,0.6061780544868156,1.0
20,5,RGG,9.16915207324419,0.6167547596881489,0.9736842105263157
20,5,Physarum,5.114255105467873,1.1011259564390006,0.9026315789473683
20,6,MST,3.075912828532654,0.8988183256939613,0.8342105263157894
20,6,kNN,9.343250238177085,0.8246906898111954,0.9315789473684211
20,6,RGG,7.002326458113385,0.8375608562730007,0.9342105263157894
20,6,Physarum,11.573892389982886,1.1010427220223116,0.9105263157894736
20,7,MST,3.1149281864525364,1.0077322620917828,0.8236842105263158
20,7,kNN,7.377741323505304,0.694647696952266,0.9763157894736842
20,7,RGG,7.271607226092721,0.6863706091294938,0.9763157894736842
20,7,Physarum,9.318433314318334,1.094189964594379,0.9210526315789472
20,8,MST,2.772244508010397,0.688550488510559,0.876315789473684
20,8,kNN,6.897936880740127,0.5609611813767011,1.0
20,8,RGG,9.821799347933585,0.5846999234365652,0.9789473684210528
20,8,Physarum,8.095988981461234,0.8215436190945858,0.9368421052631579
20,9,MST,3.300858393971349,0.8201468711347999,0.8684210526315788
20,9,kNN,8.873368614442379,0.6136349980535709,0.9921052631578947
20,9,RGG,8.365842700172898,0.6561204103384143,0.976315789473684
20,9,Physarum,9.043931183955296,1.3106359817165831,0.9236842105263158
20,10,MST,3.0086402100848137,0.768893994311674,0.8447368421052632
20,10,kNN,7.995505717184911,0.6300746442931491,0.9763157894736842
20,10,RGG,10.253571056157483,0.6248550688809238,0.9657894736842104
20,10,Physarum,10.67087488964581,1.122179618770008,0.8894736842105264
20,11,MST,2.645837178263538,0.8107386298110061,0.8315789473684211
20,11,kNN,6.192641101914139,0.7210139275352134,0.968421052631579
20,11,RGG,9.046860796707959,0.6207671808771144,0.9736842105263157
20,11,Physarum,7.614149410626421,0.8926970853654865,0.8894736842105264
20,12,MST,2.945227303487957,0.7482428182915936,0.8763157894736843
20,12,kNN,7.369115952206411,0.6510486919038918,0.9763157894736842
20,12,RGG,6.6224439269405355,0.6970147248748289,0.9236842105263159
20,12,Physarum,9.051062272938209,0.9548042258852344,0.913157894736842
20,13,MST,2.967368558146317,0.7809555968838139,0.868421052631579
20,13,kNN,8.136257909921708,0.6672613730911445,0.9921052631578947
20,13,RGG,7.577710428741901,0.7373748374944247,0.9421052631578947
20,13,Physarum,7.6335471764594605,1.1464190190571446,0.9000000000000001
20,14,MST,3.140778071792788,0.9497535488565723,0.8263157894736842
20,14,kNN,7.290903137038722,0.7371417544759162,0.9289473684210525
20,14,RGG,6.7346861910713836,0.6026535330135707,0.9921052631578947
20,14,Physarum,7.914366141442195,1.138821921066106,0.8973684210526315
20,15,MST,2.82880662014546,0.746621208467581,0.8526315789473685
20,15,kNN,7.665121661970646,0.6989315048778358,0.9263157894736841
20,15,RGG,8.123482203052701,0.6671394047351495,0.9815789473684211
20,15,Physarum,8.595009107880747,0.9883146151001408,0.9157894736842106
20,16,MST,3.4239971497779247,1.145994724838439,0.8263157894736842
20,16,kNN,8.500987939644876,0.8356194759262857,0.9421052631578947
20,16,RGG,5.361569592550074,1.1357451265769387,0.8631578947368423
20,16,Physarum,13.031044536648093,1.1904485141140049,0.9078947368421053
20,17,MST,3.0160370981889515,0.8357785840089119,0.8578947368421052
20,17,kNN,8.23088631953119,0.6822709749411252,0.9815789473684211
20,17,RGG,8.62440293842776,0.5771820444612877,0.9842105263157894
20,17,Physarum,8.239663677361659,1.0314736427816216,0.9026315789473683
20,18,MST,2.9713518342303185,0.672262703512477,0.8868421052631581
20,18,kNN,7.5492180463647145,0.5738739938967679,0.9815789473684211
20,18,RGG,8.981758577036612,0.5419322935454333,0.9868421052631579
20,18,Physarum,10.020333191197363,1.1104925374935202,0.9421052631578949
20,19,MST,2.962792163199304,0.7061528148208331,0.8710526315789473
20,19,kNN,7.548654661390807,0.6016332407239668,0.9921052631578947
20,19,RGG,8.483889462066358,0.5116052669974706,0.9947368421052631
20,19,Physarum,11.261609632788643,1.2417363974471534,0.9394736842105263
30,0,MST,3.489057441356507,0.8183278712268424,0.8666666666666667
30,0,kNN,8.870804790532983,0.7286221494282796,0.9471264367816092
30,0,RGG,19.798778153044424,0.5110552973304424,1.0
30,0,Physarum,10.410976668729727,1.2586700787880434,0.9034482758620688
30,1,MST,3.8038465945303597,0.9853376548068301,0.8275862068965517
30,1,kNN,8.88943221952874,0.6647203043543982,1.0
30,1,RGG,16.49698857708948,0.5898489560643992,1.0
30,1,Physarum,10.436871527289716,1.4004944876791392,0.9080459770114943
30,2,MST,3.6054480613755575,0.7332809439758161,0.906896551724138
30,2,kNN,9.002642083423124,0.9409942702341326,0.9586206896551723
30,2,RGG,19.443822436358495,0.5869919858028521,1.0
30,2,Physarum,5.215361734757384,1.3736964638252915,0.8942528735632183
30,3,MST,3.7403974644826277,0.7916777345269189,0.8770114942528734
30,3,kNN,11.016085798938617,0.6440604691495875,0.9965517241379309
30,3,RGG,18.449771070860738,0.604572534412031,0.9896551724137931
30,3,Physarum,6.602477629082439,1.411927423128513,0.9
30,4,MST,3.874073234489329,0.8955664656922142,0.850574712643678
30,4,kNN,9.347744317061235,0.6191550990210217,1.0
30,4,RGG,16.11416484198763,0.5901716510467854,1.0
30,4,Physarum,8.825046168757217,1.4271390876818517,0.9091954022988505
30,5,MST,3.409058199886937,0.7585033309927854,0.850574712643678
30,5,kNN,8.803469833823746,0.6537361502399802,0.960919540229885
30,5,RGG,20.16509257361014,0.5651575052358517,0.9977011494252873
30,5,Physarum,8.80153203046038,1.3978158308503814,0.9080459770114941
30,6,MST,4.002372770854049,1.0234332481712816,0.8459770114942529
30,6,kNN,9.971254824252563,0.6923950314368932,1.0
30,6,RGG,17.092747702283276,0.6539519623399851,1.0
30,6,Physarum,9.61725436779219,1.575771011732922,0.8977011494252873
30,7,MST,3.9365332724042625,0.9945790551199758,0.8264367816091955
30,7,kNN,10.132426879833272,0.6880723511536956,1.0
30,7,RGG,15.410211143684304,0.6358635237321261,0.9908045977011495
30,7,Physarum,9.340773830163178,1.2046914404544504,0.92183908045977
30,8,MST,4.041371159364734,1.1918502753695468,0.8149425287356321
30,8,kNN,8.964527699817543,0.7785911514029437,1.0
30,8,RGG,16.113553536646197,0.6406804342431461,1.0
30,8,Physarum,8.159945879542304,1.1332376034184197,0.9264367816091954
30,9,MST,3.9609804559545547,0.848929917842925,0.871264367816092
30,9,kNN,10.053716868822129,0.9509247715820304,0.9413793103448277
30,9,RGG,18.57196149142648,0.613256823296855,0.9954022988505746
30,9,Physarum,4.726066406804005,0.9828426620510724,0.8770114942528735
30,10,MST,3.7583104848439954,0.8031567774593396,0.8275862068965516
30,10,kNN,10.878214134681548,0.6213456321402895,0.9862068965517241
30,10,RGG,21.823007614471308,0.5804684388496623,0.9896551724137931
30,10,Physarum,8.865894578218077,1.1450504250197138,0.8954022988505748
30,11,MST,3.391633702053114,0.8625836890832603,0.8551724137931033
30,11,kNN,8.07035006937073,0.6334611452950913,0.9850574712643678
30,11,RGG,24.06534337523791,0.5111735580061262,1.0
30,11,Physarum,8.33434475579491,1.3739528517063524,0.9275862068965517
30,12,MST,3.7472983376350553,0.8281246622066999,0.8770114942528735
30,12,kNN,9.165620034063897,0.8590606672228389,0.9482758620689654
30,12,RGG,16.878398727330644,0.5256295299099121,0.9988505747126436
30,12,Physarum,8.840409033956425,1.3545445862589207,0.932183908045977
30,13,MST,3.544457829324616,0.9208584603232263,0.82183908045977
30,13,kNN,8.993395052315002,0.7491275345486104,0.9551724137931035
30,13,RGG,19.504393456128714,0.6161701988263193,0.9931034482758619
30,13,Physarum,4.923013325549497,1.2097273138466058,0.8275862068965516
30,14,MST,3.9381126733190914,0.8051818625196836,0.8655172413793103
30,14,kNN,10.284217480749508,0.5963989042637363,1.0
30,14,RGG,21.956051969529987,0.5083526813426382,0.9977011494252873
30,14,Physarum,9.797576755351091,1.3934143149011966,0.9045977011494253
30,15,MST,3.6306076834189778,0.9136823509170656,0.854022988505747
30,15,kNN,9.017416680687848,0.8797768962322196,0.9344827586206896
30,15,RGG,16.53866745287867,0.5592373636749334,1.0
30,15,Physarum,7.54526405915615,1.4559926475782765,0.8999999999999999
30,16,MST,3.841390035920497,0.8522688018075918,0.8482758620689653
30,16,kNN,9.551230079166881,0.7571403243615497,1.0
30,16,RGG,18.830043792643355,0.555114944890988,1.0
30,16,Physarum,8.670405817388986,1.2864369741040784,0.9091954022988505
30,17,MST,4.020094176101588,0.8786095424334687,0.8735632183908045
30,17,kNN,9.981642784628983,0.7848584172543127,0.9724137931034483
30,17,RGG,16.52686888957967,0.7164066637429528,0.9758620689655172
30,17,Physarum,9.225828813568052,1.3477052970378405,0.9183908045977011
30,18,MST,3.2271370565749558,0.6782537724077236,0.8712643678160918
30,18,kNN,8.94751747641846,0.5916777643081298,0.9597701149425287
30,18,RGG,25.968737848572072,0.5319106607507126,0.9942528735632183
30,18,Physarum,6.962845211443353,1.200320945491989,0.896551724137931
30,19,MST,3.5720136793201664,0.8072203728188948,0.8655172413793103
30,19,kNN,9.240029060028801,0.6804417184955976,0.9517241379310344
30,19,RGG,18.01274541179195,0.5802448828299184,0.993103448275862
30,19,Physarum,6.2460958593029545,1.2595815011886105,0.8770114942528735
50,0,MST,4.950926051274988,1.0246064700775634,0.8673469387755103
50,0,kNN,11.481709084314497,0.9981127550495176,0.9628571428571427
50,0,RGG,46.448414118626644,0.55343133628191,1.0
50,0,Physarum,6.025324718516974,1.0602392451320601,0.8742857142857143
50,1,MST,4.8371767179253,0.9834271883670167,0.8673469387755101
50,1,kNN,11.74265161307676,0.794185877039893,0.9987755102040816
50,1,RGG,42.80334929511527,0.6847918467944007,0.9963265306122449
50,1,Physarum,5.865390329628272,1.1388235696275784,0.8771428571428569
50,2,MST,4.229197357045603,0.7815806951731293,0.8893877551020408
50,2,kNN,10.309417658191393,0.9044516177736869,0.9477551020408161
50,2,RGG,58.977332651148664,0.49498877403199837,0.999591836734694
50,2,Physarum,5.571726620066077,1.0687922457951506,0.8885714285714285
50,3,MST,4.569595328574167,0.8132922003340477,0.8979591836734694
50,3,kNN,11.351591846489516,0.7569312418504915,0.9538775510204082
50,3,RGG,52.57372651398783,0.5291297141818448,0.9991836734693877
50,3,Physarum,5.418835830923401,0.9464230734839518,0.8955102040816327
50,4,MST,4.866302730215104,0.8757404777088265,0.8963265306122449
50,4,kNN,11.507846790967486,0.7404609396417684,0.9844897959183673
50,4,RGG,50.93318564012321,0.5346227282059647,1.0
50,4,Physarum,6.717399125569605,1.0858953395634696,0.8983673469387754
50,5,MST,4.933941165169424,1.029857325131593,0.8702040816326531
50,5,kNN,11.757319973200046,0.8532360141615869,0.9775510204081632
50,5,RGG,43.78962799437376,0.5890336432998826,1.0
50,5,Physarum,5.551390052886789,1.1113811425579985,0.8689795918367347
50,6,MST,4.879452830546966,1.004967640532521,0.8751020408163264
50,6,kNN,11.563561493861554,0.992279187002307,0.9559183673469387
50,6,RGG,44.40586379970731,0.5465590474429726,1.0
50,6,Physarum,5.7849570444056395,1.3907676599869212,0.8444897959183674
50,7,MST,4.766388951766666,0.9519470332560731,0.8816326530612245
50,7,kNN,12.545246745111681,0.827593808881355,0.9640816326530611
50,7,RGG,49.524101294064664,0.5679322306780595,0.999591836734694
50,7,Physarum,5.551823293537766,1.0896035611849804,0.8746938775510206
50,8,MST,4.458871323850924,1.2121507697642637,0.8138775510204082
50,8,kNN,11.595492565647685,0.952431183397778,0.9465306122448979
50,8,RGG,51.893373175995045,0.5527374631205312,0.999591836734694
50,8,Physarum,6.370853319642603,1.413157300908623,0.8273469387755102
50,9,MST,5.165820875617582,1.085138741520995,0.8677551020408164
50,9,kNN,12.049937546314142,0.7368051559716716,0.9918367346938776
50,9,RGG,51.537963900504856,0.5543047764071005,1.0
50,9,Physarum,6.086735210705043,1.1766637369552833,0.8722448979591837
50,10,MST,4.7225483969892,1.2081088478106068,0.8375510204081631
50,10,kNN,11.3407953518327,0.9448480625138539,0.9685714285714286
50,10,RGG,51.72091593841986,0.5204678447678103,1.0
50,10,Physarum,5.6481481397688205,1.5149166786372061,0.8448979591836734
50,11,MST,4.621713267627271,1.0515438655367397,0.8583673469387755
50,11,kNN,11.164983437155067,1.2181453583344304,0.9444897959183673
50,11,RGG,47.569201709043874,0.5362163930482096,1.0
50,11,Physarum,5.855796835392565,1.0989655267617282,0.8910204081632653
50,12,MST,5.003417392899506,1.0405605270553815,0.8938775510204081
50,12,kNN,11.483742525502247,0.796063260430394,0.963265306122449
50,12,RGG,41.33376258367569,0.5680299891085692,1.0
50,12,Physarum,5.450244656278068,1.1719018500908998,0.8885714285714286
50,13,MST,5.14736312597577,0.9707344563259376,0.8914285714285713
50,13,kNN,12.508920277436397,1.0051502363523106,0.9689795918367348
50,13,RGG,47.260259111524825,0.5602286606113231,1.0
50,13,Physarum,6.110954923651423,1.0850530915703496,0.8951020408163265
50,14,MST,4.778928539882226,0.9861622141314977,0.8518367346938776
50,14,kNN,11.188776304039557,0.7777253080596621,0.9755102040816327
50,14,RGG,54.62053168613118,0.5122620833705933,1.0
50,14,Physarum,5.8483079041751544,0.9997944824959675,0.8706122448979592
50,15,MST,4.676345107434125,0.9325264263271467,0.8808163265306124
50,15,kNN,10.423915047265718,0.7871251796880699,0.9640816326530611
50,15,RGG,45.68329365706864,0.6031933289982928,0.9983673469387756
50,15,Physarum,5.204402841879823,1.0051181337870299,0.8816326530612247
50,16,MST,4.992606952303922,0.9659368290625614,0.8746938775510205
50,16,kNN,11.588015286740303,0.75303206632952,0.9959183673469388
50,16,RGG,47.917131710387274,0.5508591994976254,1.0
50,16,Physarum,5.804170819469218,1.0225553694580498,0.8759183673469387
50,17,MST,4.795855115520385,1.1288825340690818,0.8489795918367348
50,17,kNN,11.650595169580496,0.8477865263915944,0.9959183673469388
50,17,RGG,45.80526846352674,0.5837285327718456,1.0
50,17,Physarum,5.472914750984204,1.2385559536891875,0.8473469387755103
50,18,MST,4.437086167134089,0.9175116063488246,0.8648979591836735
50,18,kNN,11.134261795342022,0.7467202611658007,0.9955102040816327
50,18,RGG,52.621967445383156,0.5180198163396745,0.999591836734694
50,18,Physarum,6.2608124899067565,1.0614904410361468,0.8706122448979593
50,19,MST,4.530694994193326,1.1385434563438583,0.8408163265306122
50,19,kNN,11.454498720863963,0.9699639328239504,0.970204081632653
50,19,RGG,47.97426561920115,0.5842643364341787,1.0
50,19,Physarum,5.714686099230629,1.28223700588791,0.8563265306122448
