graph,n,trial,demand,cost,efficiency,robustness,algebraic_connectivity,network_entropy,cyclomatic_number,betweenness_gini,num_edges,steiner_ratio
Grid,20,0,Fixed,9.161645169978325,1.1790892017281547,0.9315789473684211,0.11336451838767515,3.000525434553582,5,0.5475999999999999,24,2.1668658329642407
Grid,20,0,Uniform,8.369026452986962,0.6744216523477958,1.0,0.53753503925972,3.454909804522744,14,0.41450704225352064,33,1.9793996754618104
Grid,20,1,Fixed,6.242458053735294,1.1284283663578487,0.8894736842105264,0.0655956955240416,2.758107594232576,1,0.6289022298456259,20,1.4887665507043015
Grid,20,1,Uniform,7.274371437554642,0.7420048184180638,1.0,0.36558186820969535,3.3383626554815997,10,0.4223514211886301,29,1.7348680248079318
Grid,20,2,Fixed,9.654716183908294,1.1645586580996725,0.9026315789473683,0.07803889383626755,2.994787763675313,6,0.5132404181184667,25,2.340486690765584
Grid,20,2,Uniform,7.254052030769719,0.6922187046161464,0.9947368421052631,0.3032204611621197,3.4249437595813035,12,0.44335106382978706,31,1.7585200754461507
Grid,20,3,Fixed,9.797260448200419,1.0822383279724266,0.9105263157894734,0.0825966124979374,3.010217361034193,6,0.6537698412698407,25,2.2672611947754087
Grid,20,3,Uniform,8.523540500366353,0.7040561756540713,1.0,0.5286053263460044,3.424382296884349,13,0.4146376811594201,32,1.9724996309684588
Grid,20,4,Fixed,7.7538534748978565,1.202688935984996,0.8894736842105262,0.06563097623278324,2.858806831856243,3,0.5477124183006539,22,1.8363217938336989
Grid,20,4,Uniform,8.025724407267372,0.7292014992944011,1.0,0.36941132412715383,3.403632780449483,12,0.40220994475138094,31,1.900708168922713
Grid,20,5,Fixed,7.669907087287655,1.0499443689823975,0.9105263157894739,0.08546724809907628,2.863763682708945,3,0.6049132947976874,22,1.7942127712059468
Grid,20,5,Uniform,8.44830945421812,0.6826910628529157,1.0,0.5388183157141846,3.465307710956855,14,0.4165714285714288,33,1.9763035647435083
Grid,20,6,Fixed,9.663431662688549,0.9670649451888709,0.9105263157894736,0.09127246893066492,2.9922238097039453,6,0.5955078125,25,2.287922973270009
Grid,20,6,Uniform,7.733462824544786,0.7034592125525496,1.0,0.3239529101433912,3.4080882085237802,12,0.41748633879781405,31,1.830981775089503
Grid,20,7,Fixed,7.706268791136282,1.1490637642590529,0.8947368421052632,0.06716772896952872,2.866468236534195,3,0.584295415959253,22,1.802898035772041
Grid,20,7,Uniform,7.959839892126166,0.7163581384727069,1.0,0.4299052224907418,3.4083468355953825,12,0.3843661971830985,31,1.8622215361966619
Grid,20,8,Fixed,9.673221190670137,1.0583861391720237,0.8999999999999998,0.07130743208141622,2.9986624480424067,6,0.5957657657657658,25,2.299372469966418
Grid,20,8,Uniform,7.519171341978784,0.7127133954062361,0.9973684210526315,0.3579325437438723,3.4178069619492573,12,0.3814814814814813,31,1.78734417831592
Grid,20,9,Fixed,7.687894241717978,1.305426853945815,0.8947368421052632,0.06400815701263021,2.8718123845936856,3,0.559731543624161,22,1.8059256497313403
Grid,20,9,Uniform,8.156676444633753,0.7111704287334442,1.0,0.44209401475614774,3.442659245336087,13,0.4304034582132563,32,1.9160449851130894
Grid,20,10,Fixed,9.67939892571687,1.0594891990598103,0.9078947368421051,0.08101405277102418,2.9969440372155125,6,0.5769598470363286,25,2.3222023574851702
Grid,20,10,Uniform,7.633880424759422,0.7472388515479531,1.0,0.39556080551665584,3.3704176924932767,11,0.42766233766233785,30,1.8314582604955818
Grid,20,11,Fixed,7.645895630960769,1.02649189762706,0.9105263157894736,0.08583249199932592,2.8639837558288543,3,0.6178362573099414,22,1.8340397755096511
Grid,20,11,Uniform,8.224508847210178,0.7136494247568688,1.0,0.45299344689980187,3.433708293529065,13,0.4494609164420489,32,1.9728331496880576
Grid,20,12,Fixed,8.43412397987714,1.4047010816595467,0.8763157894736843,0.04803951098599046,2.8548518017857556,3,0.548433048433048,22,2.0315510670601293
Grid,20,12,Uniform,7.559149702336712,0.7066186920461933,1.0,0.3955918692485823,3.41468199791618,12,0.43895027624309413,31,1.8207935620212579
Grid,20,13,Fixed,6.3188344558312295,1.170094403793389,0.8631578947368421,0.04823617140291683,2.75364109766862,1,0.5125170998632009,20,1.4973491229336848
Grid,20,13,Uniform,7.596095373102411,0.7071501505382723,1.0,0.39915835678902317,3.415181003773756,12,0.3671270718232045,31,1.800016573331686
Grid,20,14,Fixed,7.586886757153105,1.3693857467162083,0.8526315789473685,0.04260606125655149,2.8667866385636454,3,0.5217678100263852,22,1.8086629481543441
Grid,20,14,Uniform,7.411195456447427,0.7428861673662559,1.0,0.3332163823472602,3.3829799271373764,11,0.4110126582278477,30,1.7667793197214028
Grid,20,15,Fixed,7.559756126924579,1.1532848054031721,0.9026315789473685,0.08322312539117403,2.8925925678917355,3,0.5450354609929078,22,1.7706337045133462
Grid,20,15,Uniform,8.055954495517168,0.7290328560120026,1.0,0.36719610883549814,3.447406079323626,13,0.42507002801120475,32,1.8868524741143171
Grid,20,16,Fixed,7.700664481998403,1.0737943068446392,0.8973684210526317,0.07658849099662825,2.867006042403667,3,0.5884057971014491,22,1.8186409648537576
Grid,20,16,Uniform,8.045877863757493,0.7405934038668168,1.0,0.4299769549565089,3.4040559439181215,12,0.4057103064066854,31,1.9001688900283207
Grid,20,17,Fixed,6.2898834027462325,1.430152002991838,0.8657894736842104,0.05357587132195926,2.7511900321417606,1,0.5069832402234635,20,1.501566977483609
Grid,20,17,Uniform,7.495784451155759,0.7157831520029487,1.0,0.3926542059596685,3.379760477434829,11,0.4872928176795579,30,1.789448497133722
Grid,20,18,Fixed,9.76559647746071,1.2455418072422886,0.8921052631578948,0.06499529233104077,2.998400438311266,6,0.483653846153846,25,2.303032992564175
Grid,20,18,Uniform,7.941493677876053,0.7396490758524864,1.0,0.36626664514077234,3.4074724909293703,12,0.4290190735694823,31,1.8728525177751434
Grid,20,19,Fixed,7.635808583566278,1.429719518609068,0.8631578947368421,0.047124444620324696,2.866539978070846,3,0.5295804195804192,22,1.8153343734846106
Grid,20,19,Uniform,8.429467252238956,0.7190116024502714,1.0,0.43920650540204836,3.432072725168556,13,0.3939226519337016,32,2.004018498589099
Grid,20,20,Fixed,9.584413250706392,1.0968189518536247,0.8894736842105264,0.06561176653090361,3.001224400758338,6,0.5928327645051195,25,2.2954508722060813
Grid,20,20,Uniform,8.521536420012458,0.691810885016929,1.0,0.4792183991843706,3.467974836070619,14,0.47844311377245496,33,2.0408936568351552
Grid,20,21,Fixed,7.605216436600407,0.9286837937552289,0.913157894736842,0.11181912982239955,2.8606711600117607,3,0.6269874476987449,22,1.830788926707113
Grid,20,21,Uniform,7.956110855588433,0.6839472208607137,1.0,0.4090331644567804,3.4454600105512476,13,0.4505797101449276,32,1.9152590561349834
Grid,20,22,Fixed,8.123754670490088,1.2083621129620454,0.9,0.07172596191540839,2.882270559709901,3,0.5815236427320492,22,1.8654668820248934
Grid,20,22,Uniform,9.789649162803263,0.6778627381402086,1.0,0.604093570771178,3.551876255746497,17,0.424763406940063,36,2.248008099775678
Grid,20,23,Fixed,9.674410758771074,1.1983731996281985,0.8789473684210526,0.05454149327804504,2.990983021105923,6,0.5900943396226412,25,2.342107108819243
Grid,20,23,Uniform,7.610673457245088,0.7038610405145564,1.0,0.4620203843004739,3.401842601056267,12,0.48839779005524875,31,1.8424907574815366
Grid,20,24,Fixed,8.097362526418236,1.1776815983738733,0.9105263157894736,0.08601302884048022,2.9405864005839555,4,0.5029837251356237,23,1.9947645252245854
Grid,20,24,Uniform,8.18543310718582,0.6718903676610961,1.0,0.43982598902125314,3.474628758748031,14,0.4254545454545453,33,2.016460487293461
Grid,20,25,Fixed,7.93074562835067,1.250153488202327,0.8710526315789474,0.04886108958884841,2.8643226042372794,3,0.518695652173913,22,1.825336892361547
Grid,20,25,Uniform,8.71524751104772,0.7105987717228401,1.0,0.4609626028654904,3.4653257084067564,14,0.39651162790697647,33,2.0058974973436308
Grid,20,26,Fixed,9.736509606484523,1.0913752422753353,0.8947368421052632,0.0571965945389217,3.0022209642711646,6,0.5646010186757215,25,2.295747332991264
Grid,20,26,Uniform,7.540086644935319,0.7331311650782831,1.0,0.42065698151774267,3.3678618071761264,11,0.4563660477453575,30,1.7778582372172407
Grid,20,27,Fixed,6.313818392948567,1.0566828196856033,0.8868421052631579,0.05931686380725298,2.7546592516017956,1,0.6388135593220339,20,1.4987790349960746
Grid,20,27,Uniform,8.368593142040071,0.71224021911739,1.0,0.4656315018594682,3.435413278783768,13,0.45395480225988694,32,1.9865430351480429
Grid,20,28,Fixed,9.830364428459617,0.9805375329805116,0.9157894736842105,0.08298742631740905,3.0036458456321466,6,0.6307933194154491,25,2.278432384899242
Grid,20,28,Uniform,8.632383171799514,0.6892956607353821,1.0,0.48546744656243124,3.461399200015587,14,0.44624277456647365,33,2.0007703194142112
Grid,20,29,Fixed,8.964590091774891,1.2919080336989222,0.9289473684210524,0.09574290964277715,2.952088393239317,4,0.5221014492753624,23,2.0773169048845888
Grid,20,29,Uniform,7.618831616617696,0.6989774597805257,1.0,0.42629408814692693,3.415238502236802,12,0.3674033149171272,31,1.7654714326749097
Grid,50,0,Fixed,12.832686661802644,1.5297380383606547,0.9383673469387754,0.02602471516494844,3.6056518666274058,4,0.6445720613826926,53,2.075737428006654
Grid,50,0,Uniform,9.378856716223089,0.7234219853731458,1.0,0.10581153727616993,4.1648355569478,17,0.3781290704558913,66,1.5170668801353802
Grid,50,1,Fixed,13.44785966853341,1.3705691395290094,0.94,0.023984039955367263,3.5601698261546764,5,0.614854672827545,54,2.2471769280910037
Grid,50,1,Uniform,10.07668531931455,0.711348375997135,0.9959183673469388,0.0915234839391631,4.224296021029888,22,0.3326403730328342,71,1.6838437728631128
Grid,50,2,Fixed,13.882922777963604,1.5017099469223536,0.9383673469387754,0.024119089697142874,3.603329155234003,5,0.6186169078446309,54,2.2742735297286907
Grid,50,2,Uniform,9.705092457977058,0.7146965413047262,0.9946938775510205,0.07210129698756251,4.164576052372901,18,0.4496000000000002,67,1.5898694557158939
Grid,50,3,Fixed,11.93482252947647,1.4469513177001039,0.9318367346938775,0.0190376822550247,3.5667133600109624,3,0.6388621633299727,52,1.962339626188747
Grid,50,3,Uniform,9.555999684240858,0.7494420040462176,0.9946938775510205,0.0624587089272767,4.187767710497579,19,0.4003284605666848,68,1.5712103637837305
Grid,50,4,Fixed,13.388624498745099,1.4150382278211704,0.937142857142857,0.02995028379690047,3.6048879280578756,5,0.5750163934426231,54,2.2304517367580057
Grid,50,4,Uniform,9.226573001969069,0.6799037873933068,0.9979591836734695,0.10286095662167156,4.2166514357217775,20,0.35470343185875786,69,1.5370829003752644
Grid,50,5,Fixed,12.743498667383193,1.4289506128560707,0.9244897959183674,0.016097503636730702,3.5793507949639736,4,0.6158622597151153,53,2.0983582081404033
Grid,50,5,Uniform,10.623048575625731,0.6670438315847657,0.999591836734694,0.15397633681890438,4.259489720365946,25,0.3903538331929235,74,1.7492026135014143
Grid,50,6,Fixed,14.54496515003592,1.416552005670216,0.9395918367346939,0.023756010318576458,3.6163593433632664,5,0.634120634920635,54,2.3730473765834597
Grid,50,6,Uniform,9.843396221370622,0.7051125328370682,0.9987755102040816,0.1226249217300087,4.199154415568332,20,0.40146514375738485,69,1.6059746681302571
Grid,50,7,Fixed,10.165754104817971,1.6254774033288482,0.9297959183673471,0.021640433065907027,3.6096718947942534,2,0.6033552366903576,51,1.6807297669105175
Grid,50,7,Uniform,9.165141462481168,0.7854202246892588,0.9951020408163265,0.06758413924311311,4.146062660593346,16,0.34666902404526145,65,1.5152959549392642
Grid,50,8,Fixed,12.534674989111892,1.7425764265689718,0.8930612244897957,0.010045022990039112,3.564941607950035,4,0.5430178217821782,53,2.0142595388073037
Grid,50,8,Uniform,10.563061991780014,0.6946840665424602,0.999591836734694,0.14019017424531102,4.253119072871877,24,0.36804208788941617,73,1.6974311974133818
Grid,50,9,Fixed,13.687866354437066,1.5772489620045227,0.9257142857142859,0.016766698643542948,3.6091736849609237,5,0.6567913549459687,54,2.1949327976192308
Grid,50,9,Uniform,10.494271745106047,0.6733934842757306,0.9991836734693877,0.1362243960963295,4.260300096845696,24,0.3513634444913467,73,1.6828204370212365
Grid,50,10,Fixed,12.939975681588884,1.4454081918681823,0.923265306122449,0.013242315338036027,3.637114435519337,6,0.602102676839519,55,2.113132505071801
Grid,50,10,Uniform,9.442931247126596,0.7307231344148013,1.0,0.10170683813538926,4.2013135395544845,19,0.2940572703607287,68,1.542055831669945
Grid,50,11,Fixed,13.37092798905466,1.6605095116680466,0.942857142857143,0.027518103969120373,3.5857931223576025,4,0.6293722429589415,53,2.2107026827403162
Grid,50,11,Uniform,10.133761638983406,0.700030737512729,0.999591836734694,0.12333832280962986,4.201256717153719,21,0.3452538275584205,70,1.6754808686345652
Grid,50,12,Fixed,11.412693229547022,1.4541726705331173,0.9146938775510204,0.014547467205615998,3.5697012599149205,3,0.6207393436439079,52,1.8516816287121536
Grid,50,12,Uniform,10.234897062974081,0.6897346609526815,0.9991836734693877,0.13530507622406693,4.2691555702271895,24,0.3693894389438941,73,1.660587074591971
Grid,50,13,Fixed,12.868762860020972,1.709160230798943,0.9061224489795918,0.011023838183751447,3.573740957276783,4,0.5813709947527075,53,2.0765753826616034
Grid,50,13,Uniform,10.162812636617863,0.6733863370850443,0.9991836734693877,0.1409621996916825,4.254983200415381,23,0.3687914438502671,72,1.6399281554379754
Grid,50,14,Fixed,11.484396317611717,1.4020120062875598,0.9277551020408165,0.017939569086827787,3.56181331241552,3,0.6063988054839147,52,1.8862296120435436
Grid,50,14,Uniform,9.778026827488418,0.7177750236848601,0.9971428571428572,0.08163649723438901,4.205434722671582,20,0.4532359081419626,69,1.6059706787618377
Grid,50,15,Fixed,13.743718918035702,1.4348839352398013,0.909795918367347,0.012556600825028257,3.564118214191087,5,0.5973080848168726,54,2.2277755280748894
Grid,50,15,Uniform,9.779782835413743,0.736398277522671,0.9951020408163265,0.06957202207595127,4.207521802299275,20,0.41581679389312964,69,1.5852449399289288
Grid,50,16,Fixed,11.653501229407325,1.6367621500856444,0.923265306122449,0.01886515405103,3.5740945061559173,3,0.5530227848101266,52,1.9016731788206245
Grid,50,16,Uniform,9.820135483756259,0.6742267951638475,0.9991836734693877,0.129515885661481,4.2252088469843825,21,0.3768368617683686,70,1.6024959275517006
Grid,50,17,Fixed,14.426345792345236,1.8395992394020182,0.8746938775510205,0.008225019567829499,3.6152324411251726,7,0.569816234185982,56,2.360404319391218
Grid,50,17,Uniform,9.062458958087191,0.7130377204714695,0.9987755102040816,0.09268041908073683,4.1740041549758695,17,0.3525668140742164,66,1.482777938147369
Grid,50,18,Fixed,15.005249870936046,1.2862927470307022,0.9453061224489797,0.03117255510600992,3.6274378862742824,7,0.6063963963963963,56,2.488341606531013
Grid,50,18,Uniform,9.846503894448311,0.6792159739097912,0.9987755102040816,0.13184835485620092,4.230291154855553,22,0.3630964052287582,71,1.632859534507502
Grid,50,19,Fixed,12.884331530375011,1.551540988753016,0.9338775510204081,0.022192523997610725,3.5912871942299502,4,0.6348857589984351,53,2.128896420815433
Grid,50,19,Uniform,10.000180358174376,0.707363277188001,0.9983673469387756,0.09929584498848919,4.23124036539705,22,0.3799462365591397,71,1.6523440212506373
Grid,50,20,Fixed,10.752370459382584,1.550385686635471,0.9097959183673469,0.01281472704832856,3.5951505647947544,2,0.617491984324902,51,1.7621146006033823
Grid,50,20,Uniform,9.508506172566932,0.7278060314112984,0.9975510204081632,0.08134041526544551,4.185872039827816,19,0.4205400406879969,68,1.5582682553489393
Grid,50,21,Fixed,10.206236865887458,1.5343024492319366,0.92,0.015668396409383886,3.6042512763503196,2,0.5723381250767907,51,1.661650708303948
Grid,50,21,Uniform,10.356321743250266,0.7052773301502172,0.9967346938775511,0.08430813316447301,4.2446933539457685,23,0.43568177158088983,72,1.686085634325424
Grid,50,22,Fixed,10.458600823001529,1.4500286845122645,0.9326530612244898,0.021167162883998225,3.612289438613543,2,0.6763939440281386,51,1.7257145391929887
Grid,50,22,Uniform,10.36017649358817,0.6783985189612403,0.9991836734693877,0.1519565584674634,4.235324209044019,23,0.3674878444084282,72,1.7094740975551934
Grid,50,23,Fixed,14.054484777234078,1.2839559582329685,0.9412244897959182,0.024018715113953464,3.627583755662993,7,0.6305430295331849,56,2.300837584327336
Grid,50,23,Uniform,10.495980443509174,0.6649620872677325,0.999591836734694,0.1523398424585727,4.279246732494135,25,0.378270893371758,74,1.7182804401274705
Grid,50,24,Fixed,13.26715891492095,1.660674999739736,0.9216326530612247,0.016110247575101478,3.61204445178181,5,0.6224754316069057,54,2.1664356427728064
Grid,50,24,Uniform,9.627414098902754,0.7770309562520094,0.9951020408163265,0.0829075452746047,4.160420225489518,18,0.425131386861314,67,1.5720903914205238
Grid,50,25,Fixed,12.700222028898253,1.3149428612717489,0.9424489795918367,0.03198979131142749,3.6251566229823293,6,0.5736086175942545,55,2.1102730676847585
Grid,50,25,Uniform,10.250038283247935,0.6701255739669641,0.999591836734694,0.14108974589156173,4.243441378615442,23,0.38009989594172744,72,1.7031497309777563
Grid,50,26,Fixed,14.97075720516344,1.3742645603896135,0.9248979591836733,0.020331125531642295,3.6292526844675184,7,0.6313975198550925,56,2.442658744264401
Grid,50,26,Uniform,9.641457269642656,0.6758489900530622,0.999591836734694,0.13080701064234576,4.230298462001683,21,0.3648791387365429,70,1.573119487838698
Grid,50,27,Fixed,13.015971342778238,1.4841569187131038,0.9293877551020409,0.016097627200990797,3.5394695359829313,4,0.61112605946455,53,2.1449974610323608
Grid,50,27,Uniform,9.60649772362446,0.6697607827387869,0.9979591836734695,0.10702186471190268,4.223174262097761,21,0.4027102991367195,70,1.5831252761647001
Grid,50,28,Fixed,14.143527651776246,1.5162049891891034,0.9248979591836735,0.016144685798219156,3.580771353239886,5,0.5954922279792747,54,2.2976424025703484
Grid,50,28,Uniform,9.936029474380922,0.70943680288309,0.9914285714285714,0.08341477814193506,4.193448842978265,20,0.43085135939670605,69,1.61412648920436
Grid,50,29,Fixed,12.073523614347133,1.3561881518596048,0.9342857142857143,0.018459191070915565,3.5709455306415636,4,0.6402911082288516,53,1.9521823514208934
Grid,50,29,Uniform,10.441661331923356,0.6747808742906307,1.0,0.14052793348646525,4.26269418016398,24,0.3857613516367475,73,1.68832460371984
Grid,100,0,Fixed,10.326347207494509,1.3916396556125015,0.911919191919192,0.003137608126359278,4.492431819973885,0,0.65450125,99,1.1544492502106247
Grid,100,0,Uniform,11.25999311947107,0.9463730845272895,0.9825252525252525,0.011248317377489808,4.742553174410099,17,0.4478522939541665,116,1.258827575032135
Grid,100,1,Fixed,10.480447229279344,1.3798609672971949,0.9221212121212122,0.004411317386615898,4.493278242935274,0,0.6417220637266698,99,1.162945065524457
Grid,100,1,Uniform,10.936369125078796,1.2320070194305155,0.9439393939393937,0.004115146932046324,4.717750185112717,14,0.5722177487566396,113,1.2135356660384569
Grid,100,2,Fixed,10.215288891084136,1.6616511674010337,0.904040404040404,0.0032442101714149456,4.506478067241226,0,0.6169844388005667,99,1.1223107162214572
Grid,100,2,Uniform,11.325619044605475,1.0023838510463454,0.9737373737373736,0.011040056766600453,4.744744606509117,17,0.46844227795911375,116,1.2442980083212858
Grid,100,3,Fixed,9.956831408352839,1.348598353419767,0.9214141414141414,0.004811649517292391,4.534434247281085,0,0.6281124715215287,99,1.0913057266781647
Grid,100,3,Uniform,10.908570776733168,0.9452382193140644,0.9690909090909091,0.010150650992263099,4.710440218121319,13,0.551925097364369,112,1.1956198985689523
Grid,100,4,Fixed,10.348741627308138,1.4482833878987529,0.924040404040404,0.005412499408046814,4.516760539899732,0,0.612840800442827,99,1.1371022096812489
Grid,100,4,Uniform,10.687069658057194,1.1951939575201818,0.9520202020202018,0.006124116884839121,4.683538434657647,10,0.5533752491393371,109,1.1742771209136136
Grid,100,5,Fixed,10.574171029457176,1.7111738391342821,0.8952525252525251,0.002582794464063741,4.48661658241207,0,0.6422582824330791,99,1.1668321781770772
Grid,100,5,Uniform,10.405669170112903,1.1786423140745579,0.9575757575757575,0.006375317856286197,4.672077458076333,9,0.5474898567376392,108,1.1482384377299208
Grid,100,6,Fixed,10.54457756767581,1.6229567078770553,0.9116161616161615,0.0033636704082656383,4.50006142777353,0,0.6389581165654654,99,1.1528576607301435
Grid,100,6,Uniform,11.237059529774255,0.897868612026829,0.9773737373737373,0.01595234004457668,4.736557271397516,16,0.5289561085529539,115,1.2285679611000613
Grid,100,7,Fixed,9.897718546411962,1.4826327005165258,0.9119191919191918,0.003504695456395284,4.531249903706324,0,0.6455527903938283,99,1.0977993990886172
Grid,100,7,Uniform,11.002442116309192,1.1361825542242712,0.961111111111111,0.0065307007449341495,4.725143399622802,15,0.5353911452616174,114,1.220329138190145
Grid,100,8,Fixed,10.430160355350122,1.3622419870379274,0.9246464646464646,0.005592049793627669,4.507039666756843,0,0.6352093566447976,99,1.1517578665803148
Grid,100,8,Uniform,10.97296047528534,0.8561596782776345,0.978989898989899,0.016871882548153805,4.71690945760792,14,0.5334167420359768,113,1.2116969554166093
Grid,100,9,Fixed,10.479392638084981,1.3165061461797636,0.9260606060606059,0.0048321863801653936,4.505232748377087,0,0.6551769211848619,99,1.1518166131891014
Grid,100,9,Uniform,10.462289802228478,1.1212228097900387,0.9549494949494951,0.005833628984338373,4.673059979304128,9,0.5743484499490235,108,1.1499367971394028
Grid,100,10,Fixed,10.120760537154045,1.3990784588954033,0.9160606060606061,0.003785077015541252,4.511763101753717,0,0.6118569698475296,99,1.120449664002166
Grid,100,10,Uniform,10.713450674015302,1.081336767480706,0.9627272727272725,0.007885678261788083,4.6984192866626495,12,0.5688176610420483,111,1.1860652333327228
Grid,100,11,Fixed,10.21044016114386,1.3484492108288877,0.9196969696969697,0.003823490410192016,4.511958894890512,0,0.6411218962747014,99,1.1271649105311987
Grid,100,11,Uniform,10.77197655201788,0.9985297940915686,0.9749494949494949,0.008297128828324785,4.698294690832173,12,0.5343052974485665,111,1.18915480575513
Grid,100,12,Fixed,10.794876316859783,2.0520692921172006,0.8665656565656564,0.001987065171324614,4.473797088660764,0,0.5522759073021424,99,1.191048852249355
Grid,100,12,Uniform,10.718188126294427,1.4833139453726125,0.9110101010101009,0.003059228787200813,4.688809382795948,11,0.5967775083708577,110,1.1825874879249403
Grid,100,13,Fixed,11.089517558532291,1.4099161218853045,0.9221212121212122,0.004379832500459239,4.465993893655881,0,0.6282915299857013,99,1.218676230267847
Grid,100,13,Uniform,11.144446935967155,1.04043223407727,0.9671717171717171,0.006920572208043482,4.735662584181847,16,0.5389700915564597,115,1.224712662986399
Grid,100,14,Fixed,10.68583614631522,1.4964367726309409,0.9187878787878787,0.00376156594211182,4.482927627510403,0,0.6577046629523666,99,1.1846814711339981
Grid,100,14,Uniform,11.516712049020287,1.009531972295994,0.9743434343434343,0.010479793546544009,4.759855674885579,19,0.492389878163074,118,1.2767962362556633
Grid,100,15,Fixed,10.304621510586843,1.406922921937042,0.9319191919191919,0.005663640629990209,4.494132978307135,0,0.6498662384281124,99,1.1574118326551908
Grid,100,15,Uniform,11.086225505467539,1.0761543482187141,0.9641414141414141,0.008562539666859105,4.7326047868848695,16,0.5552289108910893,115,1.2452013464375329
Grid,100,16,Fixed,10.549634288745835,1.8082021630850038,0.8873737373737373,0.0023874625956359884,4.494017371839412,0,0.6320246978802087,99,1.1748047111199682
Grid,100,16,Uniform,11.10833874478157,0.9850020673822387,0.9767676767676767,0.010839577629783548,4.734089433467652,16,0.47620749329410783,115,1.2370219035940906
Grid,100,17,Fixed,10.05435816838098,1.4509203592186841,0.9225252525252523,0.0042632369105713485,4.530941469777997,0,0.6343724300640381,99,1.1056852620219246
Grid,100,17,Uniform,10.927645707220286,1.036582228636683,0.9676767676767676,0.009911780959317273,4.70817216919378,13,0.5833110161833566,112,1.2017213435928582
Grid,100,18,Fixed,9.991134524809315,1.348412847198541,0.9174747474747474,0.003948180024316459,4.531207117623446,0,0.6432138644259515,99,1.1092059117741213
Grid,100,18,Uniform,11.53371199776611,0.9792545534857432,0.9767676767676767,0.011039543672146513,4.760764232235812,19,0.45975909993381925,118,1.280461343089207
Grid,100,19,Fixed,10.469958421589807,1.3853157605657322,0.9131313131313129,0.0033942710879678673,4.50650112292662,0,0.6740754222003609,99,1.1498754326306582
Grid,100,19,Uniform,11.325474274025485,1.0341503695168062,0.9738383838383836,0.00694772977937253,4.743935881884824,17,0.5268885915021746,116,1.2438334620067182
Grid,100,20,Fixed,10.371723803366656,1.79833741315034,0.8997979797979799,0.0028462854945896943,4.493396761829483,0,0.6219652944227183,99,1.152984864609247
Grid,100,20,Uniform,11.190668385296195,0.9987457500003233,0.9720202020202021,0.010155809410302467,4.7348204379845615,16,0.48662174840085304,115,1.2440238014166474
Grid,100,21,Fixed,10.42926258325339,1.332227224481222,0.9254545454545453,0.0048199186661067785,4.494632324930147,0,0.6374392780403957,99,1.151867923690465
Grid,100,21,Uniform,11.117545841182821,0.8872774798214909,0.9824242424242425,0.017215311697921936,4.725089057094786,15,0.535589958158996,114,1.2278858972426052
Grid,100,22,Fixed,10.280057420700276,1.590748443306851,0.8984848484848484,0.0028152570555966695,4.504339603664641,0,0.6240428004260676,99,1.1380764641303667
Grid,100,22,Uniform,10.799589972201332,0.9000391995758549,0.9886868686868686,0.016823532688291388,4.697648435636568,12,0.4457913427392264,111,1.1955924628272565
Grid,100,23,Fixed,11.103486832212567,1.5646815270381664,0.9105050505050505,0.003288791493554739,4.445824793753733,0,0.6499962479480967,99,1.2375307760970722
Grid,100,23,Uniform,10.753768018849222,0.9167730276851849,0.9792929292929293,0.015284132592796219,4.708730838524858,13,0.5128978544776119,112,1.198553128709612
Grid,100,24,Fixed,10.371992294959606,1.5986030628360792,0.9097979797979798,0.003179392886971092,4.515047837797215,0,0.6442288433813386,99,1.1410734515800567
Grid,100,24,Uniform,10.955117949457243,1.1684192898121428,0.9684848484848484,0.006238881153078735,4.709396838546545,13,0.5139652603655653,112,1.205225948454341
Grid,100,25,Fixed,10.746829613019596,1.6067170432169486,0.9090909090909092,0.0032687608015766825,4.476717390585193,0,0.6514346901769523,99,1.1935999847483945
Grid,100,25,Uniform,11.574301475600373,0.8934859177618301,0.976060606060606,0.015530592005397536,4.776124726478264,21,0.47255296661061763,120,1.2855034053962473
Grid,100,26,Fixed,10.598291516577438,1.715479535637809,0.8985858585858586,0.0026771484221849544,4.494094686580105,0,0.635650642498155,99,1.1609531032731346
Grid,100,26,Uniform,10.725387602430468,1.3016356694351732,0.9376767676767677,0.004372434343752996,4.699360823560073,12,0.5694112748238311,111,1.1748754033961446
Grid,100,27,Fixed,10.228033478125768,1.3754018269722215,0.9109090909090909,0.003743492667738264,4.527918884248399,0,0.6351058417085431,99,1.1264439718288268
Grid,100,27,Uniform,11.112865153363312,1.0324464435329468,0.9634343434343435,0.006529285352601961,4.736359257634229,16,0.5913690353019079,115,1.2238931353250317
Grid,100,28,Fixed,11.054093728561687,1.802029145466625,0.9018181818181816,0.002852844588881613,4.469245413186046,0,0.6245431534135855,99,1.2137969596151394
Grid,100,28,Uniform,10.66689845438665,1.0350322446700246,0.9739393939393939,0.009559474291688406,4.691749726979811,11,0.5659627941357643,110,1.171280905553043
Grid,100,29,Fixed,10.548185749302963,1.4905756732951205,0.912121212121212,0.0036616514491037413,4.504187426825266,0,0.6091555122536161,99,1.1518056655697577
Grid,100,29,Uniform,11.442881948312225,0.9023527016637892,0.9792929292929293,0.01191918312568269,4.754319860448593,18,0.5291377901667709,117,1.2495017220741376
Clustered,20,0,Fixed,6.036827770459104,0.7853337615140068,0.8552631578947368,0.042917400619081815,2.692719356991652,5,0.5252747252747252,24,2.8912483121004238
Clustered,20,0,Uniform,5.086187282516722,0.5040200963482043,1.0,0.2779793351320764,3.181644012289828,12,0.43083140877598125,31,2.435953277905882
Clustered,20,1,Fixed,5.5856025502502105,0.6181514752092172,0.9315789473684211,0.0866843784174805,2.8134464946152793,5,0.622151898734177,24,3.2672313277918863
Clustered,20,1,Uniform,4.083935793195704,0.38278948627142434,0.9973684210526315,0.276877995576164,3.223393030393449,12,0.4303108808290155,31,2.388849339740776
Clustered,20,2,Fixed,4.4400754620396095,0.7022926192905279,0.894736842105263,0.06203472648030241,2.606209242750657,3,0.6354545454545453,22,2.346240252413112
Clustered,20,2,Uniform,4.406604009685099,0.46493272648173517,1.0,0.3097529187723326,3.0950909543724023,11,0.44557739557739584,30,2.3285531501347183
Clustered,20,3,Fixed,5.187599978685705,0.6320439752641608,0.913157894736842,0.0809026359432329,2.7993751594188034,5,0.5558394160583944,24,3.5784502174393458
Clustered,20,3,Uniform,3.2780981204485786,0.3156135384248198,1.0,0.3280700138525071,3.1669969487140284,11,0.4817073170731707,30,2.261259730916779
Clustered,20,4,Fixed,5.401506478637445,0.60189860153266,0.881578947368421,0.05318756564131399,2.724133836551015,6,0.4752173913043476,25,3.7738622038891974
Clustered,20,4,Uniform,4.134557975664866,0.35149758056776176,0.9973684210526315,0.36409919781533306,3.3049014186537784,16,0.47756598240469184,35,2.8886852465807396
Clustered,20,5,Fixed,8.884986814649832,0.6867637979402472,0.9368421052631579,0.09384093587505693,2.93081929344661,9,0.6069072164948455,28,5.385865433745039
Clustered,20,5,Uniform,3.7251192561893514,0.4180276648116584,0.9947368421052631,0.1985646423578772,3.0926174273782947,11,0.44976851851851873,30,2.2580777503696234
Clustered,20,6,Fixed,7.118865206471645,0.5634989497541782,0.9236842105263158,0.0723993520429454,2.917082739558527,8,0.5876447876447877,27,3.973706204133542
Clustered,20,6,Uniform,4.608809654883872,0.37170767603746124,0.9973684210526315,0.3881409859028362,3.187363241793231,13,0.45501319261213724,32,2.572608834148679
Clustered,20,7,Fixed,3.2962512712924656,0.48406729687409683,0.8684210526315791,0.047316283960703295,2.572379863447872,2,0.5711815561959652,21,1.8478019121074876
Clustered,20,7,Uniform,4.408433536431295,0.36249320337183116,1.0,0.4317970133779152,3.2573424152771446,14,0.4557742782152232,33,2.4712654611499003
Clustered,20,8,Fixed,6.420280370705466,0.6367344829878955,0.894736842105263,0.06369037970325225,2.999728599583491,8,0.6679190751445085,27,3.9814419961665806
Clustered,20,8,Uniform,3.6027175122556847,0.29919570447588834,0.9947368421052631,0.4399076671275898,3.2940047613560597,13,0.39102564102564075,32,2.2341720260486753
Clustered,20,9,Fixed,6.809719551386516,0.529845439887684,0.9263157894736842,0.0849423541903655,2.8937329604782156,8,0.5778225806451611,27,4.817132506389011
Clustered,20,9,Uniform,2.94345787570696,0.33637446250235803,0.9921052631578948,0.18217520746087798,3.101284873916309,10,0.46658986175115147,29,2.0821748248601177
Clustered,20,10,Fixed,4.160935162872776,0.7259331094754349,0.9026315789473685,0.08591803453230677,2.4753098602814836,2,0.6313829787234042,21,1.8261099959399671
Clustered,20,10,Uniform,5.775622637522426,0.5106965956516535,1.0,0.4250576967027909,3.109957734207573,13,0.4737597911227154,32,2.5347480357937364
Clustered,20,11,Fixed,4.526171257424794,0.5152105264328147,0.9263157894736841,0.09059297950326567,2.7489749724338752,5,0.6096673596673596,24,3.7606160095400245
Clustered,20,11,Uniform,2.668159943714322,0.29798611889719784,1.0,0.15833987013730275,3.2159672813647435,11,0.45020876826722334,30,2.216868171721452
Clustered,20,12,Fixed,7.95531610339581,0.8465776532702174,0.8894736842105264,0.04714344921121501,2.8287396486741745,7,0.5333836858006045,26,3.8852739404873193
Clustered,20,12,Uniform,5.05402200753535,0.5028797129956696,0.9973684210526315,0.2883700672628047,3.11739353326939,11,0.36679389312977073,30,2.4683192654210884
Clustered,20,13,Fixed,6.477080262927746,0.6127355617720951,0.9394736842105262,0.13205264715255816,2.84391284832293,6,0.640617283950617,25,4.244660329231994
Clustered,20,13,Uniform,4.0035017752341036,0.3391253720199772,0.9973684210526315,0.2472076832375601,3.2999179721507006,14,0.405181347150259,33,2.6236366500829376
Clustered,20,14,Fixed,6.8495690899201875,0.6619195657065123,0.9236842105263158,0.09011403700677412,2.8262721134448903,6,0.661764705882353,25,4.02918700104699
Clustered,20,14,Uniform,3.7137548310597457,0.3911353043960181,0.9973684210526315,0.19633689326029596,3.0304299968721358,9,0.47304439746300186,28,2.1845772330994544
Clustered,20,15,Fixed,6.92469621226808,0.7680181075430446,0.9342105263157894,0.10084564799399924,2.8690719896859282,5,0.6086580086580085,24,2.9238493080473162
Clustered,20,15,Uniform,4.928458711698023,0.447803087077122,1.0,0.3134547081455128,3.268974908737881,12,0.42391304347826053,31,2.0809679085139576
Clustered,20,16,Fixed,5.915497206656005,0.9165700991134058,0.8710526315789474,0.05037338021143354,2.809558530672594,6,0.5301459854014596,25,2.834843131682075
Clustered,20,16,Uniform,5.627375875860417,0.4620576373926027,1.0,0.32412707239559513,3.184723079864233,13,0.44784946236559153,32,2.6967687235363065
Clustered,20,17,Fixed,8.644725932981903,0.7326282804290573,0.9421052631578949,0.1431471428948191,3.0309959900061827,9,0.6610552763819098,28,5.326417189285177
Clustered,20,17,Uniform,3.6684814361855707,0.34931839723200436,0.9973684210526315,0.25110372671514775,3.2780507297146966,12,0.4271208226221077,31,2.2603218114437476
Clustered,20,18,Fixed,6.666684446780151,0.6590617665461301,0.9026315789473683,0.05837760514265349,2.965522642936732,8,0.636466165413534,27,4.478528324160848
Clustered,20,18,Uniform,3.2721128056545075,0.3019555812307208,1.0,0.26249800298641135,3.2740278689028175,12,0.429277108433735,31,2.1981316195415226
Clustered,20,19,Fixed,5.370369660496551,0.8095104044564431,0.8578947368421052,0.04458517467515144,2.66785985743938,4,0.5394085281980738,23,2.7082223472017777
Clustered,20,19,Uniform,4.488744927326036,0.4344101546212589,1.0,0.25093347059473137,3.2276168656381814,11,0.3415865384615384,30,2.26362803523454
Clustered,20,20,Fixed,5.439652401513902,0.9145567654638974,0.9315789473684211,0.15877995009149376,2.6873020865196233,2,0.6934567901234567,21,3.602896390554434
Clustered,20,20,Uniform,3.064119993091933,0.3248762919754376,0.9842105263157894,0.1757456265851195,3.2115225807647048,11,0.5034441805225651,30,2.029487557010841
Clustered,20,21,Fixed,4.5799794650752315,0.6484196659716895,0.8605263157894736,0.04321087654277561,2.698139253760764,5,0.5123066104078762,24,2.411137396417277
Clustered,20,21,Uniform,4.2312950320443585,0.4187288748255056,0.9973684210526315,0.2071093965240382,3.108266659326608,10,0.4419708029197078,29,2.2275719279604256
Clustered,20,22,Fixed,4.771753806884096,0.6346584336286984,0.9026315789473685,0.058638749726827644,2.7501643569047256,4,0.5602649006622513,23,2.587767955713068
Clustered,20,22,Uniform,4.448427792498916,0.36949996254152045,1.0,0.38661339377328185,3.342682375797119,14,0.46436781609195377,33,2.412425150292697
Clustered,20,23,Fixed,4.8858765611145065,0.6666856988604046,0.8921052631578945,0.05486849549148996,2.762197412911164,4,0.5943333333333336,23,2.5644342273214242
Clustered,20,23,Uniform,5.079904477836868,0.4059234685051947,1.0,0.38723253889123,3.2980065955961892,15,0.3264705882352943,34,2.666273032390457
Clustered,20,24,Fixed,8.692718348465647,0.8177126560005068,0.9342105263157894,0.09429598730077779,2.8280465914593997,6,0.6340336134453783,25,4.175760156175091
Clustered,20,24,Uniform,4.756286051570671,0.4673583450925109,0.994736842105263,0.24044382711630125,3.0899941386027554,9,0.44166666666666665,28,2.2847984933304364
Clustered,20,25,Fixed,4.969501202571888,0.6412452532267612,0.9105263157894736,0.07551228014476019,2.7844301010294075,4,0.516161616161616,23,2.7830768654411004
Clustered,20,25,Uniform,3.473186177985751,0.3678347216123866,1.0,0.30435737362324017,3.159744152508517,10,0.41388888888888875,29,1.9450934223175913
Clustered,20,26,Fixed,6.677764787581905,0.7374227026943682,0.8815789473684209,0.053052235184236775,2.7781694511178214,6,0.6477739726027398,25,3.6861702041413102
Clustered,20,26,Uniform,4.088169223362584,0.4062663974590389,0.9921052631578947,0.2637849453782589,3.2271004141206845,13,0.42194805194805163,32,2.2566963737133343
Clustered,20,27,Fixed,3.6142420655534395,0.4016772976870444,0.9052631578947368,0.06137394013763442,2.800558587143724,5,0.5811733800350263,24,2.8594868837138248
Clustered,20,27,Uniform,2.3065693678997476,0.26042523102259857,0.9973684210526315,0.24712754610693255,3.0618700376596992,7,0.3852320675105483,26,1.8248929469187194
Clustered,20,28,Fixed,7.571314690963602,0.7129879483360158,0.9000000000000001,0.05732501188745291,2.926105810746444,8,0.5486463620981383,27,3.9583423965234075
Clustered,20,28,Uniform,4.490960287546821,0.41022648008017565,0.9921052631578947,0.3567584778165535,3.2526097921882102,12,0.4411688311688311,31,2.3479090795837845
Clustered,20,29,Fixed,8.865758099130236,0.8426148693718112,0.9499999999999998,0.19806226419522738,2.863473131247625,6,0.6746951219512198,25,5.058001286335305
Clustered,20,29,Uniform,3.661568718478845,0.40894758106338325,0.9973684210526315,0.15706107802623032,3.3061931160484654,12,0.5128635346756152,31,2.088960592088342
Clustered,50,0,Fixed,3.469258591976959,0.7111371979903383,0.8853061224489797,0.009294449504758802,3.6882816666470113,0,0.610033036339974,49,1.310079966990203
Clustered,50,0,Uniform,5.5210459244248655,0.4933690694240452,0.9942857142857143,0.053827408211996074,3.8272674202566814,17,0.41603406717017477,66,2.08488686290179
Clustered,50,1,Fixed,4.583793084684138,1.0361605996802963,0.8522448979591837,0.00677978236437728,3.4603411980030265,0,0.5417082438460268,49,1.5424975534760632
Clustered,50,1,Uniform,5.512588120716135,0.4937724401054174,0.9967346938775511,0.0595966779574362,3.934789881492727,17,0.3936995708154509,66,1.8550474535898005
Clustered,50,2,Fixed,7.855201142771715,0.7086112706411075,0.8742857142857143,0.00806844810675894,3.3198450591840727,6,0.5972797826930538,55,3.198243685702857
Clustered,50,2,Uniform,4.870553432566051,0.35617183636395794,0.9971428571428572,0.09409992183490333,4.079571826012039,25,0.4777373507674818,74,1.983044925070666
Clustered,50,3,Fixed,3.4568606345704778,0.6788783759255744,0.8787755102040817,0.009599823229148268,3.6427750336335194,1,0.5608725801791388,50,1.234109762107661
Clustered,50,3,Uniform,4.8890011882235775,0.45534973898695474,0.9959183673469388,0.059011523736012185,3.9573569199746648,15,0.45845296167247374,64,1.7453882962488463
Clustered,50,4,Fixed,7.319457774665453,0.9692811871138094,0.86,0.007471953856739491,3.0783292099126722,5,0.554371423617132,54,2.6213718658898593
Clustered,50,4,Uniform,4.76081545854017,0.5056659362715046,0.9714285714285715,0.030009923654306634,3.849094879277131,13,0.5027192058956234,62,1.705026258216394
Clustered,50,5,Fixed,3.9225626280537846,0.7429032421147207,0.8832653061224488,0.008856329088538737,3.587268336898388,0,0.607115865240428,49,1.3851987804453054
Clustered,50,5,Uniform,5.136550972864737,0.4257072475711583,0.9955102040816327,0.09609906046774708,3.858308859370612,15,0.44538900785153457,64,1.8139019865280326
Clustered,50,6,Fixed,3.1166813323061224,0.6078836666425674,0.879591836734694,0.010658248003520152,3.571485810901445,0,0.5517953454008129,49,1.3318948798125982
Clustered,50,6,Uniform,3.831503469771114,0.45303432841385455,0.9816326530612244,0.026368788789731208,3.9276238707999807,16,0.41692307692307695,65,1.63736978833071
Clustered,50,7,Fixed,5.277705867107878,0.7433511854760059,0.929795918367347,0.023221590585876247,3.439887713454838,1,0.6490438825922695,50,1.6654347510060135
Clustered,50,7,Uniform,6.01008027149284,0.47210460417294126,0.9967346938775511,0.06989921648755085,3.9415987107376327,19,0.40604381676625034,68,1.896543079988818
Clustered,50,8,Fixed,6.366278043268819,1.0050673956955551,0.8599999999999999,0.0074631468891502625,3.1433618818350357,3,0.5712994548971337,52,2.1319437256693066
Clustered,50,8,Uniform,4.512835097148224,0.5456224640517301,0.9718367346938777,0.03266822735876789,3.9116668053900248,11,0.4853123647381332,60,1.5112614317117308
Clustered,50,9,Fixed,5.355447427135348,0.7437012786519055,0.9097959183673471,0.011901679589948696,3.3676580368240265,2,0.6733625580195977,51,2.051944945790358
Clustered,50,9,Uniform,4.7749915735467745,0.3868951069408454,0.9946938775510205,0.08459516328490865,3.867862671084057,15,0.3405156411137844,64,1.829542714934624
Clustered,50,10,Fixed,2.9134739609007188,0.6720264348669701,0.843265306122449,0.006310814816660039,3.6331484892591264,0,0.5027086662101496,49,1.2666150357235029
Clustered,50,10,Uniform,4.160993481361901,0.4500386192895507,0.983265306122449,0.031056681773454664,3.8468804095931644,16,0.49361014645930856,65,1.8089665388363714
Clustered,50,11,Fixed,2.942277058419809,0.6989661062884731,0.8848979591836735,0.009402529060140871,3.533499591652921,0,0.6233633260937015,49,1.298308433817191
Clustered,50,11,Uniform,4.9789452668841925,0.44040540497673164,0.9967346938775511,0.09204582621713883,3.6853280126520627,19,0.4356435643564356,68,2.197008134570993
Clustered,50,12,Fixed,5.821473293668625,0.9476261161014966,0.8889795918367348,0.010326511096615457,3.2122774603345303,3,0.5626782608695651,52,1.9177384630039556
Clustered,50,12,Uniform,5.472282715223178,0.5163515978953931,0.9934693877551021,0.05995761373907206,3.786689616154206,15,0.4081010594947023,64,1.8027063792990035
Clustered,50,13,Fixed,5.650323506530808,0.9855426290612286,0.9322448979591837,0.024948486136973695,3.384391673510673,1,0.628822652757079,50,1.985776500932567
Clustered,50,13,Uniform,5.000488155430011,0.41691037421093796,0.993061224489796,0.06958754069647051,3.96833128817514,17,0.4127553763440863,66,1.7573952820165681
Clustered,50,14,Fixed,4.836113225826561,0.8156278916702842,0.8914285714285713,0.010918139448989006,3.529471914994771,0,0.6281629116117855,49,1.5582641060154214
Clustered,50,14,Uniform,5.226803704912224,0.42192265654868516,0.9967346938775511,0.08686404224057523,3.8648059368799523,16,0.44139033715676046,65,1.6841501061342679
Clustered,50,15,Fixed,7.374678655903739,1.0849047246974683,0.9355102040816327,0.025201144821989162,3.2912182818848903,2,0.6347361848267246,51,2.368587723446699
Clustered,50,15,Uniform,5.4134577364247525,0.49412569770159603,0.9885714285714287,0.05428712192569095,3.8864959711130096,15,0.44892570452604663,64,1.738685864722862
Clustered,50,16,Fixed,4.0269423211341175,0.6607086137968305,0.9053061224489796,0.01444277751973666,3.6607150743889534,1,0.6092649572649569,50,1.3797200963569969
Clustered,50,16,Uniform,4.359863850319723,0.45696112959691276,0.9906122448979592,0.05183444737667039,3.822207594588881,11,0.4388535433070866,60,1.4937864245277757
Clustered,50,17,Fixed,3.2602650760888405,0.5469539924646942,0.8877551020408163,0.010620498113813256,3.6077864192285323,0,0.549511603068259,49,1.2719325181877745
Clustered,50,17,Uniform,4.627143497961536,0.3932189517586989,0.9881632653061225,0.05090862707997797,3.7361414105155437,13,0.4055914327437937,62,1.8051950206572804
Clustered,50,18,Fixed,3.1667651909753762,0.6563233174867994,0.8938775510204082,0.011205095194177894,3.5651884098904856,0,0.605012279765083,49,1.247266656178065
Clustered,50,18,Uniform,4.733577716496164,0.4292576728305245,0.9971428571428572,0.06013702179458698,3.8075039107139537,14,0.39476851851851835,63,1.8643736728692237
Clustered,50,19,Fixed,4.315188479646031,0.8020837957992899,0.8828571428571429,0.008893531189747683,3.5843567171283506,0,0.6224851829143676,49,1.5421283125765375
Clustered,50,19,Uniform,5.702804137900731,0.4623504828983856,0.9951020408163265,0.08850796101880708,3.835142937908767,18,0.39022293561619437,67,2.0380235448850534
Clustered,50,20,Fixed,5.822424936317319,0.9108578833518717,0.9236734693877551,0.017179293334786745,3.364825917658831,2,0.6562375426621161,51,2.2249158972098453
Clustered,50,20,Uniform,4.3515189744393465,0.3706444479980446,0.9938775510204081,0.08237744406534217,3.955019664572599,15,0.4287662121715996,64,1.6628404572209214
Clustered,50,21,Fixed,3.568088931229651,0.663257316345214,0.8759183673469387,0.008470480502001056,3.6572779326468936,1,0.6101861779900575,50,1.4649481415308607
Clustered,50,21,Uniform,4.360811028030392,0.41905247564882736,0.9889795918367347,0.052196552759472284,3.903127541073396,15,0.4580491086444667,64,1.7904155793781797
Clustered,50,22,Fixed,8.734150398965577,0.7366226806819609,0.840408163265306,0.006197239787276777,3.2966862499461675,8,0.5502889426957225,57,3.5991253516429222
Clustered,50,22,Uniform,3.9404055006800855,0.3392005484862255,0.9889795918367347,0.04051593106637836,4.028104361305662,18,0.44422372881355954,67,1.623742743762525
Clustered,50,23,Fixed,3.404562582126486,0.6365548716378505,0.8959183673469389,0.011360529457836084,3.6475726157473014,0,0.6275610557441682,49,1.2724858644748713
Clustered,50,23,Uniform,3.9891620218351695,0.4308022209389093,0.986938775510204,0.0484213417203463,3.839111466594026,9,0.4601244260109614,58,1.490985159307805
Clustered,50,24,Fixed,3.3002235754942597,0.706988624925927,0.8665306122448979,0.007526988866491968,3.6920312306470477,0,0.5952276064610864,49,1.2959596848328765
Clustered,50,24,Uniform,4.717652143671602,0.3814016407994535,0.9975510204081632,0.06668437507058782,4.019049365343073,19,0.4098077595246419,68,1.8525675141109625
Clustered,50,25,Fixed,3.613680183012275,0.7422139824904197,0.8477551020408164,0.00651149789455254,3.713773518099424,1,0.5211546909319107,50,1.381200642959547
Clustered,50,25,Uniform,4.89152400190347,0.44626656741709975,0.9938775510204081,0.08156503846473163,3.947564763166213,16,0.42291771469637096,65,1.869610965641499
Clustered,50,26,Fixed,7.128257372151619,0.7383854617829626,0.9073469387755102,0.013092651446809432,3.233828639602984,3,0.6524746177370033,52,2.884666093920055
Clustered,50,26,Uniform,3.6139880392825465,0.34838852024797407,0.990204081632653,0.04203380522932943,3.843073810961483,12,0.4567099806469448,61,1.462510150303989
Clustered,50,27,Fixed,8.154973334994462,0.8053289491939387,0.8963265306122449,0.010516320532737402,3.234000389299504,5,0.5888637334472449,54,2.784021429226695
Clustered,50,27,Uniform,5.214150690959897,0.4446746752725301,0.9963265306122449,0.08419386438743799,3.853835533780755,14,0.4349483691198164,63,1.7800557601528184
Clustered,50,28,Fixed,4.916945121805776,0.8055440743202689,0.9277551020408165,0.0183419528165811,3.3959135208820883,0,0.679218984680084,49,1.882565285104989
Clustered,50,28,Uniform,4.300117730436934,0.3795239437373263,0.9942857142857143,0.06937565844450792,3.9460798537150095,16,0.3999360592293453,65,1.64639876196381
Clustered,50,29,Fixed,6.129086358268497,0.7713652856651928,0.8922448979591837,0.009899774232540346,3.316822169603552,3,0.6070636164211842,52,2.6573388092443913
Clustered,50,29,Uniform,4.018989567347658,0.3525723564418274,0.9914285714285714,0.07155148442267933,3.961410401329423,14,0.3885532366466218,63,1.7424810692793646
Clustered,100,0,Fixed,8.729425990687506,1.0697283803526851,0.9159595959595959,0.0035407693201354,3.6035528981914573,2,0.6467785989717223,101,2.4052330995452738
Clustered,100,0,Uniform,5.464472728328481,0.5569180606299355,0.9871717171717171,0.013439442843618758,4.2823620621862375,9,0.5172742309631875,108,1.5056351576563396
Clustered,100,1,Fixed,4.283625141792004,0.7296285725254434,0.8829292929292929,0.002262708590488294,4.353758999177303,0,0.5704971041897089,99,1.1408713444343994
Clustered,100,1,Uniform,4.685439695779891,0.5243972844423704,0.968989898989899,0.007663208944365778,4.513862191755353,10,0.5538925580051985,109,1.2478878772185207
Clustered,100,2,Fixed,4.56073982441095,0.541533655648045,0.8792929292929291,0.0021735600073719483,4.207505613051913,0,0.6149980832725339,99,1.4911749851941811
Clustered,100,2,Uniform,3.7898154620087445,0.38075171001523944,0.9662626262626263,0.006092496983511847,4.5046781924845165,9,0.5788273522517198,108,1.239114317638031
Clustered,100,3,Fixed,3.7544189392978438,0.5364811061542801,0.9060606060606059,0.0033676833182579103,4.314536206919579,0,0.5954521205654841,99,1.1681956148264354
Clustered,100,3,Uniform,3.714113880373249,0.4581608979270643,0.9403030303030302,0.005664929804699091,4.428645609474893,5,0.6123763610240789,104,1.155654608121457
Clustered,100,4,Fixed,4.449836539886446,0.6069311434101329,0.9105050505050504,0.0038358879698227686,4.253012587658757,0,0.6232453261660456,99,1.2544369313314172
Clustered,100,4,Uniform,4.227618926097513,0.508485483934053,0.9471717171717172,0.0048990929631053445,4.380062763879541,6,0.6158295499231403,105,1.191792387193557
Clustered,100,5,Fixed,4.704694948545949,0.699814561740142,0.893232323232323,0.0028455889874056213,4.399319289468744,0,0.5966263320192045,99,1.2542289941475426
Clustered,100,5,Uniform,5.24785735515698,0.45418665640259565,0.9913131313131314,0.014576503990490253,4.488492003725869,11,0.48610745371802233,110,1.3990311643951718
Clustered,100,6,Fixed,4.674030903576024,0.708642313395619,0.8902020202020202,0.0025591227416206282,4.368831657127784,0,0.5997774054263063,99,1.264104065871131
Clustered,100,6,Uniform,5.274429997341538,0.42038956134693917,0.9921212121212121,0.02125382850635915,4.482275780309108,13,0.50288818667963,112,1.426483594640112
Clustered,100,7,Fixed,4.527267039147206,0.7811505230616517,0.8992929292929293,0.0029873294112854436,4.2736928202605124,0,0.6008013373597929,99,1.2563421196790914
Clustered,100,7,Uniform,4.340900705851198,0.5179105347289908,0.9624242424242425,0.004405238870088714,4.487213454935406,9,0.5469599436156467,108,1.2046244118025022
Clustered,100,8,Fixed,4.395597962993401,0.7926200551869493,0.8699999999999999,0.0019782217722189646,4.42413519842101,0,0.5870474187205634,99,1.127639402919587
Clustered,100,8,Uniform,4.986574654495149,0.5733877168827001,0.9748484848484847,0.006941590563732963,4.534389367585364,10,0.5600296217530001,109,1.2792475820922335
Clustered,100,9,Fixed,4.383075965753901,0.6679541925175237,0.8987878787878786,0.0029812403140441713,4.322852944990048,0,0.6136994667959284,99,1.19837204436602
Clustered,100,9,Uniform,5.205473242034222,0.5151963547177439,0.9816161616161615,0.011358325172149988,4.488297308957917,13,0.5180322918592468,112,1.423222791411555
Clustered,100,10,Fixed,4.779917715293244,0.809222315210034,0.8598989898989899,0.0017948286491719801,4.243194299105342,0,0.5687016082302903,99,1.3045168124589857
Clustered,100,10,Uniform,4.77350089626317,0.482967786002974,0.978989898989899,0.01076476626510075,4.346025550390181,6,0.5140773815339519,105,1.3027655588170124
Clustered,100,11,Fixed,5.556863824500472,0.7141573382797226,0.9128282828282828,0.003697043763379309,4.310322359534953,0,0.6429702360799041,99,1.2758511646846369
Clustered,100,11,Uniform,5.554771269945426,0.5622785152641226,0.9774747474747474,0.009346141302446195,4.381870279591797,6,0.5664697703899078,105,1.2753707159548242
Clustered,100,12,Fixed,4.295251487764785,0.4908164434004503,0.9028282828282828,0.003109709097304178,4.244556453776882,0,0.5967470648644144,99,1.3564442540851227
Clustered,100,12,Uniform,3.7193314238313433,0.37827060265429363,0.975151515151515,0.007731567371362352,4.487223242750139,4,0.5738969860968552,103,1.1745681837874589
Clustered,100,13,Fixed,3.5539467048751274,0.6331138481785968,0.8986868686868685,0.0027212578199387986,4.368314940921008,0,0.6452779374568864,99,1.1225378662818684
Clustered,100,13,Uniform,4.1813186073594215,0.38369629863319843,0.9854545454545454,0.012550581724693019,4.4867363602003945,11,0.5107729141065298,110,1.3206974829733236
Clustered,100,14,Fixed,5.1253244759553915,0.9158282586404844,0.9064646464646465,0.003434663195406696,4.378361509105089,0,0.6305630647015172,99,1.1607370550076586
Clustered,100,14,Uniform,5.217255290732689,0.7526143423115279,0.9582828282828282,0.0054316725300180176,4.38549109490329,3,0.5573293183027055,102,1.1815567131014348
Clustered,100,15,Fixed,4.7805409357665125,0.7725638043245446,0.8905050505050505,0.002396478256918868,4.321190348857913,0,0.61053203125,99,1.1791563774350042
Clustered,100,15,Uniform,5.034843447882906,0.4439057645575376,0.9857575757575758,0.017821803772671285,4.523585469523931,10,0.45124785862410954,109,1.241882004720467
Clustered,100,16,Fixed,6.035337729127955,0.9096795589604754,0.9099999999999998,0.003380318836525777,4.190840095611983,0,0.6252773219560224,99,1.5577034931599782
Clustered,100,16,Uniform,5.259872262717687,0.569076556722845,0.9701010101010101,0.009749799003887628,4.362092074477063,7,0.5280831877817942,106,1.3575580630173736
Clustered,100,17,Fixed,3.7466562630000966,0.5468362521839202,0.9007070707070706,0.0030190417149919893,4.399994001714952,0,0.6019895223672898,99,1.1065638866101641
Clustered,100,17,Uniform,4.653619094602887,0.4122366770638403,0.986161616161616,0.009391989579485957,4.525202653750716,14,0.5004501458218864,113,1.374432686281077
Clustered,100,18,Fixed,5.551611516105587,1.0886810981754533,0.8803030303030304,0.0021613158291070174,4.157478784595371,0,0.6236085923056605,99,1.4775528917757879
Clustered,100,18,Uniform,5.256406658237143,0.5343138309053288,0.9854545454545454,0.009226448956829784,4.396399918395771,8,0.5588997714658837,107,1.3989845715422142
Clustered,100,19,Fixed,4.953567749749112,0.6884946738956838,0.8984848484848484,0.00282790110528242,4.2817106787826456,0,0.6318265669566205,99,1.255196884971038
Clustered,100,19,Uniform,5.3046971123701505,0.5196568690527978,0.9813131313131314,0.008932249518801803,4.431202982627256,9,0.5239369537067009,108,1.344170429787522
Clustered,100,20,Fixed,4.322831779911144,0.5096019630636248,0.8992929292929293,0.002937490383445228,4.165561256491957,0,0.6080915297775973,99,1.4448057358349091
Clustered,100,20,Uniform,3.3571854239020764,0.41323230695397606,0.9566666666666666,0.005979665145880891,4.466385735526081,4,0.5731853397441715,103,1.122060955333953
Clustered,100,21,Fixed,3.865603233686145,0.6353012460643597,0.8975757575757575,0.002642851068812643,4.41857178543155,1,0.6356178388612295,100,1.1054407809731581
Clustered,100,21,Uniform,5.1356044006426975,0.586379764492508,0.9759595959595958,0.006823246589851641,4.305147928323292,10,0.5699149715961149,109,1.4686211171243515
Clustered,100,22,Fixed,4.608006440927005,0.782664529145918,0.8901010101010101,0.002390558483185848,4.3501867942167385,0,0.6018874557344844,99,1.235610224397275
Clustered,100,22,Uniform,4.8929878284441735,0.4347580322869578,0.980909090909091,0.009641359808457931,4.499094850976292,10,0.5169250125817813,109,1.3120263320336822
Clustered,100,23,Fixed,5.701842698622986,0.8733487489040944,0.9111111111111109,0.0034521556743658706,4.271464848389427,0,0.6350990700784049,99,1.2677979550361453
Clustered,100,23,Uniform,5.718564858840097,0.5883715121024538,0.9833333333333334,0.011098252564104245,4.433759099286829,9,0.5110117923538546,108,1.271516107508531
Clustered,100,24,Fixed,4.2696693796264995,0.6142494808226437,0.875151515151515,0.002054784625631324,4.252995417054872,0,0.6090513558077681,99,1.2127827335866699
Clustered,100,24,Uniform,4.66862637908877,0.43091465360184616,0.9778787878787878,0.008273512301843339,4.450300440125279,9,0.5451470713253423,108,1.326104894478133
Clustered,100,25,Fixed,4.400626298032846,0.5740598327847727,0.9205050505050505,0.003959566069485128,4.402037292309517,0,0.6469131140538231,99,1.16133557870118
Clustered,100,25,Uniform,5.270101833657706,0.5203384031449269,0.9777777777777777,0.011181345131641318,4.439589223044945,10,0.547381677504321,109,1.3907922073594217
Clustered,100,26,Fixed,4.860791746075758,0.6478339087109808,0.9034343434343435,0.0030348260175953046,4.279437957105087,0,0.6334253237241461,99,1.3370855691886665
Clustered,100,26,Uniform,4.966043065846985,0.4924781058388587,0.9899999999999999,0.011578614669488608,4.471920826296021,10,0.5219055391001226,109,1.3660376469891162
Clustered,100,27,Fixed,4.411192455367336,0.6636052810343773,0.9044444444444443,0.0035113024243872697,4.373853686490422,0,0.5870545940974834,99,1.198611140162189
Clustered,100,27,Uniform,4.827265615419562,0.8297291357620129,0.8971717171717171,0.0023839192072203402,4.412981998877381,6,0.5844643558212284,105,1.3116667208939428
Clustered,100,28,Fixed,4.739760574847888,0.6903294769823531,0.921919191919192,0.0056985048578963166,4.3959915846642845,0,0.6185903026779078,99,1.1375155354908293
Clustered,100,28,Uniform,5.569628365028768,0.5858532234874038,0.9664646464646464,0.007101648138820707,4.483904172515795,10,0.603292277329045,109,1.3366790773675177
Clustered,100,29,Fixed,5.7092933551727185,1.0426338837993694,0.9,0.002637230575842177,4.2237934651488205,0,0.6520251772536534,99,1.426597648388025
Clustered,100,29,Uniform,5.375975030039024,0.5608079937084006,0.9698989898989899,0.008829135886681855,4.391236696064651,6,0.5761123727815631,105,1.3433104341534399
PowerLaw,20,0,Fixed,7.627825524583524,0.8296074675415452,0.9105263157894736,0.06561303714295583,2.943948580262154,6,0.6623232323232324,25,5.72504080984455
PowerLaw,20,0,Uniform,1.8128747626522734,0.18974977506310414,0.9921052631578947,0.28817961550773047,2.6828493525261496,8,0.46869747899159653,27,1.360647535247366
PowerLaw,20,1,Fixed,7.220762577715452,0.40721943007550787,0.9736842105263157,0.38898663605102496,2.9994429032032617,9,0.8544843049327357,28,10.020750738624878
PowerLaw,20,1,Uniform,0.9918902482556397,0.10075102471345926,0.9894736842105264,0.227676228784929,2.510914223755094,10,0.4355371900826446,29,1.3765145759697903
PowerLaw,20,2,Fixed,4.357933009422883,0.370751705175944,0.9210526315789475,0.09022592178365246,2.660977740265918,6,0.5687732342007432,25,4.486378106319515
PowerLaw,20,2,Uniform,1.8422534050424306,0.1851933470231656,0.9921052631578947,0.23419004844522978,3.0683000392835917,10,0.48451536643025994,29,1.8965517195431763
PowerLaw,20,3,Fixed,5.170048861380296,0.685214303829707,0.9526315789473683,0.284473325226352,2.3980045701692676,5,0.8256272401433693,24,10.999845811914891
PowerLaw,20,3,Uniform,0.47002182109250157,0.047002453898209264,0.9894736842105264,0.24903415230906178,0.0008278531273359813,12,0.35843989769821016,31,1.0000229589460081
PowerLaw,20,4,Fixed,1.4812682791097567,0.13997521173205285,0.8447368421052632,0.03954500511735653,1.7330342426454755,1,0.5486979166666666,20,1.8064904175955991
PowerLaw,20,4,Uniform,1.0539830789743534,0.11042027562160388,0.9921052631578947,0.27285830714651155,2.4028264451317463,10,0.46121281464530894,29,1.2853919572350436
PowerLaw,20,5,Fixed,1.5456206355589395,0.2743622870806397,0.8526315789473683,0.044656751769577396,2.007282513683884,0,0.5258940397350989,19,1.1779714569917907
PowerLaw,20,5,Uniform,2.2988903429409002,0.19625523951315035,0.9973684210526315,0.35623516562468993,2.680439723971663,9,0.4402386117136661,28,1.752064603976481
PowerLaw,20,6,Fixed,1.4269601332403603,0.11904165649784816,0.8736842105263157,0.05981037265448211,1.7805831714720053,1,0.560612855007474,20,1.850717056390752
PowerLaw,20,6,Uniform,0.9930496955079253,0.10753142448684173,0.9868421052631579,0.20355351033874294,2.465197582087896,10,0.43674157303370786,29,1.287950494557081
PowerLaw,20,7,Fixed,5.346917670666027,0.44531551459543767,0.9657894736842104,0.2845174129502642,2.5412024327550164,7,0.7755555555555556,26,9.977613356690805
PowerLaw,20,7,Uniform,0.5848917683507899,0.05675273468783088,0.994736842105263,0.26714700930726587,1.0145236897245897,8,0.4291666666666667,27,1.0914370258834412
PowerLaw,20,8,Fixed,8.356798222145976,0.6583095186502674,0.9605263157894737,0.18912177591141388,3.129441058488065,9,0.6907185628742514,28,6.159850784453149
PowerLaw,20,8,Uniform,2.5610277825290253,0.20357300559688193,0.9947368421052631,0.4292245508503684,3.0703706697094635,13,0.4672602739726026,32,1.8877503771015616
PowerLaw,20,9,Fixed,1.4460226519894834,0.15758031361548241,0.8657894736842107,0.054305993398454905,1.8119936093853393,1,0.5335425383542538,20,1.9688633682831573
PowerLaw,20,9,Uniform,0.9590742475957199,0.13048357944593447,0.9815789473684211,0.15125406377067324,2.416211370238835,8,0.4467307692307696,27,1.3058482527621407
PowerLaw,20,10,Fixed,5.7525439821376,0.21423979544716626,0.9315789473684211,0.06675230830497418,2.745407613022204,9,0.7151162790697674,28,7.803482915161116
PowerLaw,20,10,Uniform,0.9088016366951001,0.08998026264540673,0.9921052631578947,0.30661164118852896,2.2028945310585115,10,0.40024875621890543,29,1.2328142239749393
PowerLaw,20,11,Fixed,4.622732892574453,0.5333875603196477,0.9078947368421051,0.07992746271380985,2.475631018617994,6,0.7303879310344827,25,8.101069345383682
PowerLaw,20,11,Uniform,0.6781183480892001,0.06881662965876736,0.9894736842105264,0.26501849146350964,1.8427045500752288,13,0.32345360824742264,32,1.1883627909957515
PowerLaw,20,12,Fixed,5.553579838440628,0.4796865061199032,0.8789473684210524,0.049353786080509485,2.8514488543796115,7,0.5885074626865676,26,3.4102109221516064
PowerLaw,20,12,Uniform,2.9135304288019257,0.2566390850028111,0.9921052631578947,0.36232572208285974,3.078719199641628,13,0.4479797979797979,32,1.7890718382309614
PowerLaw,20,13,Fixed,2.352216120884615,0.11773915075698592,0.8526315789473683,0.04386902495061164,1.957569400660474,3,0.5341897233201585,22,3.4934082955121313
PowerLaw,20,13,Uniform,0.8246558888941128,0.07856673450542803,0.9947368421052631,0.2242826253894802,1.9824136135554347,11,0.4451983298538622,30,1.2247427851664405
PowerLaw,20,14,Fixed,1.3098335662664058,0.2135898463965112,0.8473684210526315,0.044257943370664944,1.8458665344242384,0,0.445098039215686,19,1.226220614297726
PowerLaw,20,14,Uniform,1.7061502268635245,0.14817962424074746,0.9973684210526315,0.29062739517541075,2.61159672039202,9,0.33568181818181797,28,1.5972384836893714
PowerLaw,20,15,Fixed,4.740427955549129,0.5352565186183186,0.9526315789473683,0.19032384822412265,2.358619330897353,6,0.774358974358974,25,9.770488326520567
PowerLaw,20,15,Uniform,0.5077497126073963,0.050750521825951245,0.9921052631578948,0.2518832477409781,0.6067818242272753,14,0.3391534391534392,33,1.0465221044056692
PowerLaw,20,16,Fixed,5.861455878328838,0.32272370721383414,0.9710526315789473,0.2907321838613483,2.65659566519012,8,0.8623931623931622,27,11.246491793090874
PowerLaw,20,16,Uniform,0.5846314069061208,0.057657952635437874,0.994736842105263,0.2887952822988696,1.1550668546600182,10,0.4146929824561405,29,1.1217438902956434
PowerLaw,20,17,Fixed,5.98433032516298,0.325950374841558,0.968421052631579,0.2593374953403449,2.701166921896278,9,0.7347176079734221,28,10.778263997557643
PowerLaw,20,17,Uniform,0.737182901128779,0.07757396211671456,0.9894736842105262,0.26944294281648906,2.1314117359130447,11,0.4531746031746031,30,1.327726160008559
PowerLaw,20,18,Fixed,4.140211816905071,0.22674545409588323,0.8921052631578947,0.0483562201046508,2.566508377756526,6,0.5775147928994084,25,5.079943152008043
PowerLaw,20,18,Uniform,1.2671701277017993,0.12593275861744116,0.9921052631578947,0.2048477751165462,2.853790158891683,10,0.4271167048054916,29,1.5547881358060254
PowerLaw,20,19,Fixed,8.118390919223815,0.609920097214646,0.9605263157894737,0.15440485682278382,3.113521563697127,8,0.7229411764705882,27,6.051699208854865
PowerLaw,20,19,Uniform,2.3140311632512782,0.1800275002769813,0.994736842105263,0.4008195091213104,2.915034559484827,13,0.4598321342925664,32,1.724950264066878
PowerLaw,20,20,Fixed,1.8085993233474018,0.11471993954366984,0.8394736842105264,0.03834307060376465,1.8131240659341266,2,0.5108695652173909,21,2.47532685974578
PowerLaw,20,20,Uniform,0.826105888778034,0.10133968317261596,0.9473684210526315,0.09027705613128104,1.9996981845827466,7,0.4798769771528997,26,1.1306440675327178
PowerLaw,20,21,Fixed,2.1955669067081334,0.19330255346027725,0.8315789473684209,0.03571576193227351,2.009151428917596,2,0.4934523809523812,21,2.540494380500829
PowerLaw,20,21,Uniform,1.4608034895667241,0.1437185103404239,0.9868421052631579,0.20979422959122407,2.652229255032929,10,0.475348837209302,29,1.6902983210948923
PowerLaw,20,22,Fixed,10.493859735032489,0.8099058186478884,0.9684210526315787,0.2901334158941228,3.1736688918804803,8,0.8203557312252965,27,6.842763001735414
PowerLaw,20,22,Uniform,2.2916875507073393,0.23401197379804523,0.9921052631578948,0.21583439689968092,2.850829949046609,9,0.43280922431865787,28,1.4943476642028208
PowerLaw,20,23,Fixed,4.492840621733221,0.39751785848643784,0.8789473684210526,0.05485074652873989,2.505882990881326,4,0.5945468509984637,23,4.040006376404356
PowerLaw,20,23,Uniform,1.5673624187774657,0.18661158235940314,0.9815789473684211,0.16088518982883865,2.8197573330181913,8,0.37180000000000013,27,1.4093876678747477
PowerLaw,20,24,Fixed,5.791925464029612,0.4482927167787549,0.9631578947368421,0.33075581002886834,2.6025382216083863,8,0.785955056179775,27,11.684400179248245
PowerLaw,20,24,Uniform,0.5174884487653872,0.05138819870388118,0.9894736842105264,0.2681256059880561,0.6388957490747128,12,0.44492753623188386,31,1.0439606243320734
PowerLaw,20,25,Fixed,11.252094259098705,0.8035913610278405,0.9605263157894737,0.11914886374238733,3.1924017139016874,10,0.7201408450704225,29,8.576154022684046
PowerLaw,20,25,Uniform,1.6757075891717463,0.17710613205221712,0.9921052631578945,0.2573456481104644,2.5238137116056767,7,0.3802281368821292,26,1.2771956980449777
PowerLaw,20,26,Fixed,5.363210806463871,0.41972068063045137,0.95,0.13246946652040167,2.6903687132940663,9,0.6556555269922877,28,6.581856217993453
PowerLaw,20,26,Uniform,1.4861132518834386,0.11872942880004676,1.0,0.3330266276117164,2.4940930672916024,14,0.3194087403598971,33,1.8237925191683162
PowerLaw,20,27,Fixed,4.964421609198865,0.419033681649584,0.8421052631578947,0.03810300621246314,2.7662746835843444,6,0.5126250000000003,25,3.1534619370501624
PowerLaw,20,27,Uniform,2.791216300541862,0.26522276051337246,0.9973684210526315,0.2604846193561955,3.0089488019597983,8,0.3877729257641922,27,1.7730150770279063
PowerLaw,20,28,Fixed,13.175474798764064,0.9212175064537058,0.968421052631579,0.1330750202825618,3.3592518601697656,12,0.7356716417910447,31,6.7252622220291975
PowerLaw,20,28,Uniform,2.613962306053375,0.27687804525604204,0.9842105263157894,0.25837472620136515,2.776564766823385,11,0.35900692840646675,30,1.3342655361731748
PowerLaw,20,29,Fixed,9.210120184577333,0.8287794216985566,0.9605263157894737,0.21129652709187977,3.1099125690706546,7,0.7879432624113474,26,8.537916851690007
PowerLaw,20,29,Uniform,1.7920899368425798,0.14342421838670438,0.9973684210526315,0.444975032473518,2.60740819555656,13,0.4352459016393444,32,1.6612937252582132
PowerLaw,50,0,Fixed,2.00533510390901,0.08651956046402358,0.8636734693877551,0.008426582154611369,2.0095425940052247,1,0.5076450282057761,50,1.6947063631380814
PowerLaw,50,0,Uniform,1.2666761945780096,0.07788206947841847,0.9881632653061223,0.06175008157808551,2.4813074586785797,15,0.4175634209327055,64,1.070466578280318
PowerLaw,50,1,Fixed,3.0227343886872626,0.211949781313424,0.8648979591836735,0.00812127242783606,2.583431350069003,2,0.5492299512627381,51,2.283864141875925
PowerLaw,50,1,Uniform,1.5206853415051256,0.11816973917535817,0.9889795918367348,0.05315132639971081,3.208247191163391,15,0.4396656122910074,64,1.1489725116232263
PowerLaw,50,2,Fixed,0.4823104845785667,0.020543282504464473,0.8971428571428571,0.013710363595308037,0.23387488995764377,0,0.557688166367571,49,1.000246164581369
PowerLaw,50,2,Uniform,0.4840879494204994,0.02063215657573932,0.9738775510204082,0.027734114930075243,0.2646796676441791,11,0.5103091037402965,60,1.0039323842420818
PowerLaw,50,3,Fixed,6.321390977637397,0.2571409494216237,0.8987755102040816,0.011631270113615852,3.0062747571497512,6,0.6055093848323754,55,3.740006587429255
PowerLaw,50,3,Uniform,1.9471576022760053,0.1459069983678426,0.9820408163265307,0.04503645320175708,3.3566752301340315,12,0.4574124858848201,61,1.1520221237758315
PowerLaw,50,4,Fixed,2.0205394799772947,0.20604592186832174,0.8800000000000001,0.009109107072978871,3.185907246669993,0,0.5465840246062073,49,1.0286012010669479
PowerLaw,50,4,Uniform,2.3358456321925383,0.18839443991340232,0.9881632653061224,0.046524252828223416,3.534962865791865,14,0.3956946466116771,63,1.1891149104432388
PowerLaw,50,5,Fixed,1.7744916839024674,0.14496360234102462,0.8861224489795917,0.012713330793261552,2.3668874936823023,0,0.4976300469483572,49,1.3371577803576773
PowerLaw,50,5,Uniform,1.4607536568040072,0.11249918578097531,0.9836734693877551,0.05040570840343009,2.9690655193395408,14,0.4025894378194208,63,1.100742333762757
PowerLaw,50,6,Fixed,1.458850099691738,0.13798613296391926,0.8881632653061223,0.011116729720722637,2.8266577087550027,0,0.5347033898305087,49,1.03356759749848
PowerLaw,50,6,Uniform,1.5879992156899185,0.12562594150380532,0.9861224489795919,0.04255616701505827,3.0965776385995225,13,0.45335209598577975,62,1.1250672941222097
PowerLaw,50,7,Fixed,1.5380082932454737,0.14516491250014396,0.8824489795918368,0.009286459315630529,2.7608277694947314,0,0.5837518492948022,49,1.0
PowerLaw,50,7,Uniform,1.724190117377255,0.13626897792240597,0.986938775510204,0.051213804811866756,2.956778687185394,12,0.44390205120050874,61,1.1210538492864066
PowerLaw,50,8,Fixed,3.2523549723371756,0.07937484688495033,0.8767346938775511,0.008578086313136253,2.354353957726504,5,0.5854308292868704,54,4.393863504216712
PowerLaw,50,8,Uniform,0.8728791166271753,0.05275354127423817,0.993061224489796,0.0822517129692222,2.4499660592131582,19,0.46020658489347954,68,1.1792414194521252
PowerLaw,50,9,Fixed,0.9515030768205348,0.07012455586138518,0.8783673469387755,0.009588632825013344,2.46146524582631,0,0.5494700696055688,49,1.0
PowerLaw,50,9,Uniform,1.0025438415367525,0.06874128636446764,0.9620408163265307,0.019981674710483583,2.633974864262326,10,0.5010937500000001,59,1.0536422487321546
PowerLaw,50,10,Fixed,1.4670908058327732,0.06679568788901373,0.8926530612244897,0.013671176054844551,2.0336872295531285,1,0.4979406563175477,50,1.7316944372122522
PowerLaw,50,10,Uniform,0.9379289984696222,0.05798579751918331,0.986938775510204,0.05686021488530929,2.583119198170314,12,0.3886717267552182,61,1.1070933187587841
PowerLaw,50,11,Fixed,0.6622049771333548,0.03342635736292959,0.8791836734693876,0.009545074728112451,1.1892965332951235,0,0.5443523702874205,49,1.0
PowerLaw,50,11,Uniform,0.6839126741705784,0.031588180269137546,0.9853061224489795,0.05864323714079534,1.341810976094599,13,0.4020110894650084,62,1.0327809330748237
PowerLaw,50,12,Fixed,2.2560523932673435,0.07318395015828343,0.8751020408163265,0.008706278359565082,1.9894550288934232,2,0.5794604282614844,51,2.6156919950219386
PowerLaw,50,12,Uniform,0.9339867713151967,0.05045333332710826,0.989795918367347,0.06450773292496823,2.3213744933437934,16,0.4824873737373736,65,1.082874550465303
PowerLaw,50,13,Fixed,1.606475350518988,0.07045344717287429,0.8853061224489795,0.009742273693975251,1.7316142479559098,1,0.5617852623381678,50,1.9961449137097818
PowerLaw,50,13,Uniform,0.854661773809103,0.04172496459188714,0.9946938775510203,0.10304857610670003,2.0136127864908238,16,0.4013286219081278,65,1.0619700776486058
PowerLaw,50,14,Fixed,0.5904123925946179,0.03347493668534656,0.8889795918367347,0.011707342399472416,1.3027932697278044,0,0.5568488360475576,49,1.0
PowerLaw,50,14,Uniform,0.6179872535119542,0.032867420402426004,0.9914285714285714,0.040716896553960755,1.5013898529833072,9,0.4908045409674233,58,1.046704407399303
PowerLaw,50,15,Fixed,1.0181551116877128,0.07222481866877853,0.8808163265306121,0.009863406483021295,2.3726621977215276,0,0.5412578377351318,49,1.0243284959200838
PowerLaw,50,15,Uniform,1.0405341543556375,0.07240206315744922,0.9657142857142857,0.024860489865501764,2.504976762980979,10,0.4394061016949151,59,1.0468432295328909
PowerLaw,50,16,Fixed,2.4478877044482954,0.15307599127119167,0.8828571428571428,0.011877882292112379,2.5975541088211105,1,0.5222300950960281,50,1.5090721670772338
PowerLaw,50,16,Uniform,1.9661870031439754,0.12737810161906998,0.9926530612244897,0.051580034449588495,3.2979344072395937,16,0.48663522012578664,65,1.2121136424361834
PowerLaw,50,17,Fixed,1.3998103774763493,0.06418001321033266,0.8685714285714287,0.008006465292190257,2.0008203948959284,1,0.5324206069160198,50,1.7027149700771498
PowerLaw,50,17,Uniform,0.9036701456750723,0.055720580888105976,0.9865306122448979,0.04948631258948107,2.522690790206668,15,0.39996485061511433,64,1.0992150864224763
PowerLaw,50,18,Fixed,0.5671400673313035,0.02830114178198752,0.8983673469387754,0.013873436351375295,1.0426327248250016,0,0.5328999269539809,49,1.0294046367663572
PowerLaw,50,18,Uniform,0.5637755149895146,0.02683357248493934,0.9840816326530611,0.04805143414302667,1.0875906311597385,13,0.365570093457944,62,1.023297704844622
PowerLaw,50,19,Fixed,2.181700470509031,0.2657850570324302,0.8693877551020408,0.008833137156905813,2.9632141380228925,0,0.5119774608205667,49,1.3914130317448012
PowerLaw,50,19,Uniform,1.9905278016100345,0.16204132946889627,0.9755102040816327,0.030402820038953924,3.3978799682205274,13,0.4376402430408364,62,1.2694897217326642
PowerLaw,50,20,Fixed,1.373607051772584,0.11028286880796231,0.8612244897959183,0.00766144324699614,2.4684487656767655,0,0.5292515841753729,49,1.0
PowerLaw,50,20,Uniform,1.4086488892839593,0.10422911955420026,0.9808163265306122,0.037793738839189774,2.5709703358770315,9,0.38735469853340554,58,1.0255108165513238
PowerLaw,50,21,Fixed,3.429065635403003,0.15820238699223466,0.9151020408163265,0.019247554178957096,2.705692245010898,4,0.5748063127690104,53,2.863263952882383
PowerLaw,50,21,Uniform,1.3364413368654346,0.11839019736998099,0.9816326530612245,0.04571762258948291,3.143668804613163,11,0.43033753440533085,60,1.1159262352640908
PowerLaw,50,22,Fixed,6.484891759181587,0.28502559154430024,0.8857142857142857,0.009234268396610583,2.995882254420145,6,0.6132532573289902,55,3.7794071124237045
PowerLaw,50,22,Uniform,2.1475997902555144,0.158534182187878,0.9918367346938776,0.08041202681595745,3.4083560231299823,17,0.4398417568222188,66,1.251625196432838
PowerLaw,50,23,Fixed,0.6025481585590516,0.03412220540713816,0.879183673469388,0.010067994321028268,1.3644498982750104,0,0.5277218934911243,49,1.0
PowerLaw,50,23,Uniform,0.6306851700952096,0.03183389098699884,0.9832653061224491,0.04836243127707522,1.5760993034914275,15,0.44553855569155476,64,1.0466967015606612
PowerLaw,50,24,Fixed,1.1155600836755948,0.07962910361518909,0.8567346938775509,0.007760817219722864,1.8657995714323583,0,0.5017235129345858,49,1.2216365045259348
PowerLaw,50,24,Uniform,1.045245390107542,0.05482638255227943,0.9971428571428572,0.08757894697676596,2.5175546625488496,16,0.40868130204390596,65,1.1446357246268686
PowerLaw,50,25,Fixed,3.599047205698223,0.25909614682987187,0.89265306122449,0.011159049002330529,2.5109707892914583,2,0.5819284029131193,51,2.4522473385967594
PowerLaw,50,25,Uniform,1.748151104167252,0.11077808356879301,0.9942857142857143,0.06178030412728761,3.228601062310599,18,0.3745415354004309,67,1.1911204959667823
PowerLaw,50,26,Fixed,3.9598911042448144,0.29831310664371496,0.8685714285714284,0.008825585952046746,2.6705763079564164,2,0.5268382547377704,51,3.3979268739817146
PowerLaw,50,26,Uniform,1.3098283046215309,0.08625102097892474,0.9820408163265306,0.04936226560164976,3.1152088485051164,15,0.44104111209701236,64,1.1239452498591358
PowerLaw,50,27,Fixed,0.6651418998655152,0.03817172206739352,0.8861224489795919,0.010687816082338123,1.5345475064506482,0,0.5148243537543791,49,1.0
PowerLaw,50,27,Uniform,0.6862178296570225,0.037055339078345025,0.9881632653061224,0.0487929346472549,1.6774527376450723,11,0.4727987987987987,60,1.0316863661660296
PowerLaw,50,28,Fixed,1.5608201428900552,0.11649296390093118,0.8963265306122449,0.011761499008293187,1.8638470990081584,0,0.564469308794312,49,1.3851099773968518
PowerLaw,50,28,Uniform,1.2677419170959054,0.07433320354963094,0.9926530612244897,0.07236635871702625,2.631992106396863,17,0.369161464484562,66,1.125025190206968
PowerLaw,50,29,Fixed,0.638277251424223,0.03292769188381309,0.8955102040816325,0.013944434891153958,0.9140080630346954,0,0.5566153209965887,49,1.0
PowerLaw,50,29,Uniform,0.64208433071975,0.03273172594402379,0.9848979591836734,0.03941477381648143,0.9593179588552708,13,0.43445432026810415,62,1.005964616923182
PowerLaw,100,0,Fixed,2.7037312863410934,0.1620059872551083,0.8973737373737373,0.003275984558066801,2.600036213578881,0,0.5676998931052912,99,1.3616682377243636
PowerLaw,100,0,Uniform,2.0202036242714585,0.09348200662092054,0.9563636363636363,0.006682743028837227,3.0233132034191064,9,0.5506338638177899,108,1.0174262223479897
PowerLaw,100,1,Fixed,2.713404904423754,0.04632124879764689,0.9082828282828282,0.003662696234269981,2.3369702160591257,3,0.568815377801906,102,2.6850268592844078
PowerLaw,100,1,Uniform,1.0194892101120507,0.03710996357106722,0.9501010101010101,0.005430443039934846,2.3737909428042325,7,0.5642225442720297,106,1.0088269198005426
PowerLaw,100,2,Fixed,1.278539432895671,0.06788722716783675,0.914848484848485,0.004282719884765204,2.638904566507599,0,0.5910021865889217,99,1.1368641958509145
PowerLaw,100,2,Uniform,1.175724456237335,0.05939130551166185,0.9712121212121212,0.009293411457702967,3.0171240804109978,10,0.5778596109795398,109,1.0454421694724385
PowerLaw,100,3,Fixed,0.9939706091093176,0.04622118324378551,0.8955555555555555,0.002898317074738431,2.754857537748447,0,0.572957621334844,99,1.0
PowerLaw,100,3,Uniform,1.0176846764489709,0.04293626702550036,0.9702020202020202,0.008492008920191722,2.8469945770570098,9,0.5188326262488026,108,1.0238579160413035
PowerLaw,100,4,Fixed,1.0135111954753195,0.04046244374121327,0.906969696969697,0.0034632410045795743,2.2532862786880767,0,0.584917569614354,99,1.0
PowerLaw,100,4,Uniform,1.027410053297735,0.04066657951166146,0.9482828282828284,0.005230749662535758,2.3192339590285775,8,0.5767104605498035,107,1.0137135710828504
PowerLaw,100,5,Fixed,0.5080536038436463,0.011132492634752874,0.9094949494949494,0.0035783237242908343,0.49063502786235247,0,0.5979363102650777,99,1.0
PowerLaw,100,5,Uniform,0.5088619305105677,0.01107223257095902,0.9663636363636363,0.007155786831861181,0.5047235319947205,9,0.5682009449942051,108,1.0015910263421144
PowerLaw,100,6,Fixed,1.8460256603601073,0.08290714681406941,0.908989898989899,0.003414598463909089,2.9783478241157826,0,0.6004987071655723,99,1.0
PowerLaw,100,6,Uniform,1.8941576924412036,0.08042178863801654,0.9667676767676767,0.007939857530928577,3.0752694600123514,11,0.5646310580409915,110,1.0260733277519594
PowerLaw,100,7,Fixed,0.6989877460097637,0.024947142747675843,0.9005050505050503,0.0029093067666698578,1.9085850184466744,0,0.6253716211330145,99,1.0
PowerLaw,100,7,Uniform,0.7050124164711561,0.024126251349476022,0.966060606060606,0.008013522711547634,1.9568344433869784,7,0.5486939165313722,106,1.0086191360231775
PowerLaw,100,8,Fixed,0.543871914876375,0.013586659589583603,0.9088888888888889,0.0043060240357990776,0.8473007330862703,0,0.5265164791052419,99,1.0
PowerLaw,100,8,Uniform,0.5460170179449412,0.013368462225533043,0.9579797979797979,0.0070293908191502545,0.8752440022115029,6,0.5616946002994827,105,1.003944132818577
PowerLaw,100,9,Fixed,1.3560181983201938,0.05030915619165018,0.9013131313131312,0.003425508449195617,2.008182605299506,0,0.553635697816357,99,1.2383054869650898
PowerLaw,100,9,Uniform,1.106167546118957,0.04238995972408469,0.9438383838383838,0.006159092130807196,2.3060393373214323,7,0.5975672520825592,106,1.0101437750309394
PowerLaw,100,10,Fixed,2.0598252125274983,0.1346660904023416,0.9169696969696969,0.004700632082246323,3.384059190254083,0,0.5661110257277224,99,1.2652528270064058
PowerLaw,100,10,Uniform,1.6866390175569124,0.10992672103864852,0.9614141414141415,0.007666984331830004,3.650012013918083,7,0.5190564014172179,106,1.0360222664158216
PowerLaw,100,11,Fixed,1.1772487283634607,0.036177299631864036,0.9164646464646465,0.004107098455843521,1.7614502383294872,0,0.6169653257160992,99,1.0999580687725485
PowerLaw,100,11,Uniform,1.077624094186749,0.03228598100575932,0.9582828282828284,0.004815563664276125,1.8979491372664608,7,0.5581561532805526,106,1.0068741540729564
PowerLaw,100,12,Fixed,5.085592266009571,0.1488177336185292,0.9022222222222223,0.003119818400645291,2.817361311202681,4,0.595440836378067,103,3.4775863297849914
PowerLaw,100,12,Uniform,1.5186066448055187,0.07158754974290538,0.9785858585858586,0.008150284528430626,3.1710351597714177,8,0.5559319976847099,107,1.038440644090437
PowerLaw,100,13,Fixed,2.3444651593653205,0.06891934401297789,0.9079797979797979,0.0035688100622833082,2.497200824507609,1,0.5790513961248025,100,1.7341395933325219
PowerLaw,100,13,Uniform,1.3699174962095002,0.05965917811283332,0.9666666666666666,0.0062670928466539225,2.9041855521425397,6,0.49947491742193706,105,1.0132921618758306
PowerLaw,100,14,Fixed,2.573247380577341,0.09049281787743901,0.9041414141414141,0.003494030851804211,2.7979535475903985,1,0.6011206233301158,100,1.4573400072249558
PowerLaw,100,14,Uniform,1.8025819798082248,0.09102262136788584,0.9573737373737374,0.005756015207300202,3.1665327688440157,8,0.5750139007698885,107,1.0208792420446953
PowerLaw,100,15,Fixed,1.1666156629967948,0.0675217453327228,0.884040404040404,0.0023202557758121287,2.9485833881262784,0,0.61042326555635,99,1.0
PowerLaw,100,15,Uniform,1.2183067656681508,0.0673140022540988,0.9497979797979796,0.005881408580371122,3.0639151382525704,5,0.5468421740053226,104,1.0443085964906147
PowerLaw,100,16,Fixed,1.4336056984160452,0.06107154426994149,0.9111111111111111,0.003604014470029492,2.7446647194863156,0,0.6045893572149037,99,1.0
PowerLaw,100,16,Uniform,1.4455641571853366,0.05821695867146498,0.9675757575757575,0.011383747872830613,2.777681140278125,8,0.5107241207532129,107,1.0083415256946202
PowerLaw,100,17,Fixed,1.685525921959893,0.0880135770039423,0.9041414141414141,0.003374142085222054,2.8941037488974146,0,0.5674054284496233,99,1.1658799514451494
PowerLaw,100,17,Uniform,1.4842633890869066,0.07255467180368849,0.9658585858585857,0.007532500052185112,3.2544164122460417,9,0.505185320164729,108,1.0266664579019342
PowerLaw,100,18,Fixed,1.6378328134563742,0.04079731884513759,0.9071717171717171,0.003724670078243025,1.776203214506147,1,0.5795788497738317,100,2.391833681536398
PowerLaw,100,18,Uniform,0.6874054007882358,0.022568338935026175,0.9614141414141415,0.008607160617380006,1.7987348956217353,6,0.5289506026943982,105,1.0038627733960244
PowerLaw,100,19,Fixed,1.8737641025073544,0.10176817787532177,0.9016161616161616,0.003534364898537314,2.8595786479091645,0,0.5620472168189934,99,1.185792853207112
PowerLaw,100,19,Uniform,1.6040482709918737,0.09127113868275037,0.9367676767676767,0.005536064530592719,3.2240956851714424,4,0.5753813142894582,103,1.0151058894746454
PowerLaw,100,20,Fixed,1.674858969481808,0.0760889337900807,0.9169696969696969,0.004120556428641146,2.6901090569509876,0,0.5922695365162012,99,1.1283049356804626
PowerLaw,100,20,Uniform,1.5205573707416637,0.06450903618369379,0.9748484848484847,0.009680147755889056,2.9427373463150697,11,0.541544076157193,110,1.0243563294907985
PowerLaw,100,21,Fixed,2.551798559343932,0.08329993495038306,0.9161616161616161,0.004039350046037056,2.684698303063842,1,0.583043175065187,100,1.5993505158677221
PowerLaw,100,21,Uniform,1.6281336168958405,0.07628458421699774,0.9766666666666666,0.008404144306734859,3.177481954541828,10,0.5173893391210849,109,1.0204396152466755
PowerLaw,100,22,Fixed,1.2646928063514808,0.0489006748419082,0.91,0.0038572848031505494,2.180896404474169,0,0.5948278512824303,99,1.2443481146181308
PowerLaw,100,22,Uniform,1.0320538535409596,0.04002710796713056,0.9542424242424241,0.00668294413449344,2.5794593800509675,7,0.5559525037801296,106,1.0154515471175676
PowerLaw,100,23,Fixed,0.6538845994378509,0.02386201979184433,0.8966666666666666,0.0029209355377894644,1.769892092607621,0,0.6069796550627222,99,1.0003842124760722
PowerLaw,100,23,Uniform,0.6623871421430721,0.023308792620301992,0.9777777777777777,0.012407594641708253,1.8423934846396266,8,0.5386323718749402,107,1.013392332709397
PowerLaw,100,24,Fixed,2.4502642395713092,0.08323655223814355,0.8910101010101009,0.002740416621828015,2.6054018876313325,2,0.5628807635101634,101,2.364598711642203
PowerLaw,100,24,Uniform,1.0853762536228126,0.051063253943208514,0.9791919191919192,0.01046964404346212,3.0428204161744508,8,0.5090781934614086,107,1.0474295994347806
PowerLaw,100,25,Fixed,1.755033220898261,0.06052438222168507,0.8908080808080807,0.0028196922334480816,2.5629407665143167,1,0.5684249609667549,100,1.5628743258865019
PowerLaw,100,25,Uniform,1.1596633009140893,0.05247604202742928,0.9377777777777778,0.007013433118190037,2.98645994678406,5,0.5671602893455925,104,1.0326915628091622
PowerLaw,100,26,Fixed,1.7847542799601226,0.08091424648009145,0.9085858585858585,0.0035995877859832425,2.899391461288969,0,0.5745416405045953,99,1.0
PowerLaw,100,26,Uniform,1.808455995884271,0.0792626454770721,0.9414141414141415,0.005351020648958935,2.951282532746569,6,0.5696843868160706,105,1.01328010034226
PowerLaw,100,27,Fixed,1.153625075511915,0.06958180913010713,0.9016161616161616,0.0038453608800103193,3.1182379470732715,0,0.544210785422516,99,1.0
PowerLaw,100,27,Uniform,1.1815311451983732,0.06946308602818677,0.9604040404040404,0.007737545971321449,3.1917674627808146,9,0.5334037844015891,108,1.0241898952084367
PowerLaw,100,28,Fixed,2.2549122141709064,0.07420681677404302,0.8887878787878788,0.0026339873559439067,2.3508721073581658,1,0.5688824255244136,100,1.5706518574320099
PowerLaw,100,28,Uniform,1.4657167828029716,0.06200933768226792,0.9773737373737373,0.010301768207320112,2.7172436412863332,9,0.5147165513750633,108,1.0209403155081191
PowerLaw,100,29,Fixed,0.9441533772851882,0.04043892255112354,0.9080808080808079,0.003253246520046381,2.4118950620509687,0,0.6301317347093638,99,1.0
PowerLaw,100,29,Uniform,0.9625110050068773,0.03892845533387686,0.9591919191919192,0.00581907154268161,2.485103324482287,6,0.5440329400109678,105,1.0194434804379713
